article_thesis_id,paper,scope,status,thesis,claim_ids,literature_layers,n_claims,n_supported,n_blocking,figures,tables,publication_readiness
AT1,1,main,from_claims,"A hydraulic regime transition occurred within the former reservoir footprint: per-overpass longitudinal slope near-zero → persistently positive (~+3.3 cm/km), present during drawdown and persisting through 2025.",M1.1;M1.2;M1.3;M1.4;V7.2,"K: LK1.1; T: LT1.1, LT1.2; D: LD1.1",5,4,0,F4;F3P,T3,ready with limitation wording; P1 channel control
AT2,1,main,from_claims,Water-surface geometry (slope + within-overpass heterogeneity) is a stronger indicator than water area; extent-based fragmentation contrasts are coverage-confounded.,M2.1;M3.1;M3.2;C-02;C-03,K: LK1.2; T: LT1.2,5,3,2,F6;F7,T3,ready if fragmentation is descriptive without counts
AT3,1,main,from_claims,"SWOT and ICESat-2 agree at the cm level only under close temporal collocation; the fast-sampling calibration orbit recorded the outlet drawdown and the flood wave below the dam, and the 2023 surge is recorded by the estuary posts.",V2.1;V3.1;V4.1;V4.2;G3.1;D1.1;D2.1,"D: LD1.1, LD1.2",7,6,0,F3,T2;T1,ready as validation block
AT4,1,main,from_claims,"Cross-sensor interpretation requires explicit vertical-reference harmonisation: one EPSG:9902 grid, EGG2015, permanent tide handled, station correctors that do not transfer.",V1.1;V1.2;V1.3;G1;G2;C-11;V5.1;V6.2,"D: LD1.2, LD1.3",8,8,0,F2,T2,blocked by G2 citation
AT5,1,main,from_claims,Legacy soundings and design documentation constrain both ends: the 1970 free surface bounds pre-breach slopes; the bed reconstruction (ZONE_1 hist14; ZONE_2/3/4 p28 soundings-only) reproduces the historical drawdown exposure within a datum band; shoreline-contour constraints do not help.,B4.1;B4.2;B4.2a;B4.3;B6.1;V6.1;V6.2;V7.1;V7.2;V10.1;V10.2;V10.3;V10.4;V10.5;V11.1;X1.1;X2.1;B2.1;B2.2;B2.3;B3.1;B3.2;I1.1;I1.2;C-04;C-05;C-16,K: LK1.3; D: LD1.4,27,24,1,F5;F11,T3;T7,"P0: update exposure numbers, regenerate V12/V13/V15, propagate datum band"
AT6,1,main_limitation,from_claims,The slope–discharge relationship after the breach is NOT TESTABLE (no 2024–2025 discharge overlap).,C-14,T: LT1.2,1,0,0,,,limitation statement only
AT7,1,main,from_claims,"The seamless terrain delivered to the companion paper is validated by two independent lidars (ICESat-2 night returns and GEDI ground returns), and that validation also exposes a seam defect which must be repaired before the terrain carries a hydraulic model.",B7.1;B8.1;B8.2;V9.1;V9.2;V9.3,,6,6,0,F14;F16,T8,"blocked by B8.2 (seam defect, 30.8 km2 at -21.75 m vs FABDEM); everything else ready"
AT8,2,main,from_claims,"The exposed bed revegetated within two seasons (27 → 72 → 84 % of the former water surface), with reed peaking in 2024 and woody cover emerging by 2024–2025; ICESat-2 gives canopy-height distributions but no change.",H2.1;H2.1a;H2.2;S1.1;S1.1a;S1.1b;S1.2;S1.2a;S1.2b;S1.3;S1.4;S1.5;W1.1;W1.2;H1.1;H1.2,K: LK2.1; D: LD2.1,16,15,0,F8;F12,T6;T1,ready as area/transition series; no accuracy statement (T27)
AT9,2,main,from_claims,"The channel below the dam is wider after the breach at matched stage (+~100 m, main arm 500 → 560 m) with transient braiding in June 2023.",K1.1;K1.1a;K1.1b;K1.2,T: LT2.1,4,4,0,F9,T3,ready with contour≠bank caveat
AT10,2,main_secondary,from_claims,"Translated through literature priors, the mapped surface classes of the former pool imply roughly twice the area-weighted flow resistance by 2025 (a derived roughness layer, not a calibrated Manning coefficient); the floodway also roughens; no hydraulic calibration exists.",N1.1;N1.1a;N1.1b;N1.2;N1.2a;N1.3;N1.4;N1.4a;N2.1;N2.1a,T: LT2.1; D: LD2.1,10,10,0,F10,T5;T6,ready as translation; calibration = P2
AT11,2,supplement_only,from_claims,Over freshly exposed sediment an anchored single-date SAR discriminant is the usable baseline; change detection fails recall; false water is land-cover conditioned and needs a rejection stage.,R1.1;R1.2;R1.3;C-17;C-18;C-19;C-20;C-21;C-22,D: LD2.1,9,9,0,S-P31,,supplement_only / future RS paper — methods and negative results
P2-AT01,2,main,NOT_YET_SUPPORTED,"Current terrain (Paper 1 bed) with observed land-cover-derived roughness reproduces the observed post-breach longitudinal WSE geometry (per-overpass slope ~+3.3 cm/km, Paper 1 M1.1) within uncertainty — validation, never calibration, on the satellite profiles.",,T: LT1.2; D: LD1.1,0,0,0,P2-F3,P2-T2,PENDING: HEC-RAS current-state run; calibration on Table 20 / Kherson / historical levels only
P2-AT02,2,main,NOT_YET_SUPPORTED,Vegetation succession materially changes hydraulic resistance relative to bare/exposed-bed conditions.,N1.1;N1.1b;S1.1,T: LT2.1; D: LD2.1,3,3,0,P2-F2,P2-T1,PENDING: roughness layer exists (derived); the hydraulic effect needs the model runs
P2-AT03,2,main,NOT_YET_SUPPORTED,The current channel/floodplain configuration changes conveyance and stage relative to the pre-breach state under matched discharges.,,T: LT1.1,0,0,0,P2-F4,P2-T3,PENDING: pre-breach HEC-RAS (DniproGES1D = MODEL_COMPARISON_ONLY) and current HEC-RAS; post-2023 discharge not yet recovered (C-14)
P2-AT04,2,main,NOT_YET_SUPPORTED,Modelled wetted width below the dam is consistent with the observed channel widening (K1).,K1.1;K1.1a;K1.1b;K1.2,T: LT2.1,4,4,0,P2-F5,,PENDING: 2D model wetted width at matched Kherson stage
P2-AT05,2,main,NOT_YET_SUPPORTED,Roughness uncertainty (n_low / n_base / n_high per class) produces a bounded stage and conveyance response.,N1.4;N1.4a,D: LD2.1,2,2,0,P2-F6,P2-T1,"PENDING: manning_n_scenarios.csv (make_manning_scenarios.py written, never run) + sensitivity runs"
