thesis_id,block,is_critical,need,role,relevance,difficulty,status,doi,source_of_control,expected_stage,quote,section,page,supports_what,does_not_support,note,thesis_statement
T01,A,False,existing,development,method,easy,needs reading,10.1029/2023wr036428,external_search,semantic_retrieval,,,,,,Hydraulic river models from ICESat-2 elevation and water surface slope,"Reservoirs and rivers differ systematically in longitudinal water-surface geometry: impounded reaches tend towards low longitudinal gradients, whereas free-flowing reaches maintain persistent downstream gradients controlled by discharge, channel geometry, roughness and backwater conditions."
T02,A,False,existing,development,direct,easy,needs reading,10.1029/2025gl120832,external_search,semantic_retrieval,,,,,,Lehnigk et al. 2026 GRL — SWOT observations of the Kakhovka dam-break flood,"Dam removal, dam failure or rapid reservoir drawdown can produce an abrupt transition from impounded hydraulic conditions towards a channelised fluvial regime, expressed through changes in water-surface slope, velocity, shear stress, width and connectivity."
T03,A,False,existing,development,method,easy,needs reading,10.1038/s41597-023-02215-x,external_search,semantic_retrieval,,,,,,IRIS — global reach-scale ICESat-2 water-surface-slope dataset,Longitudinal water-surface slope may serve as an observable state variable for identifying hydraulic regime changes independently of water-surface area.
T03,A,False,extra,development,direct,easy,needs reading,10.1029/2022wr032842,external_search,semantic_retrieval,,,,,,ICESat-2 river surface slope and its impact on water level time series,Longitudinal water-surface slope may serve as an observable state variable for identifying hydraulic regime changes independently of water-surface area.
T04,B,False,existing,development,direct,easy,needs reading,10.1029/2025gl119771,external_search,semantic_retrieval,,,,,,Huang & Gao 2026 GRL — SWOT-mapped uneven lake WSE for ICESat-2 levels,Treating a lake or reservoir as a single water-surface elevation may hide meaningful spatial gradients and hydraulic heterogeneity.
T05,B,False,existing,development,direct,easy,needs reading,10.1029/2022wr032842,external_search,semantic_retrieval,,,,,,ICESat-2 river surface slope and its impact on water level time series,Spatially distributed altimetry provides information about water-surface geometry that cannot be recovered from conventional virtual-station water levels alone.
T06,B,False,existing,development,method,easy,needs reading,10.1038/s41597-023-02215-x,external_search,semantic_retrieval,,,,,,IRIS — global reach-scale ICESat-2 water-surface-slope dataset,"ICESat-2 along-track observations can estimate longitudinal hydraulic gradients over sufficiently long river or reservoir reaches, but the validity depends on surface classification, along-channel referencing and the treatment of within-overpass dependence."
T06,B,False,extra,development,direct,easy,needs reading,10.1029/2022wr032842,external_search,semantic_retrieval,,,,,,ICESat-2 river surface slope and its impact on water level time series,"ICESat-2 along-track observations can estimate longitudinal hydraulic gradients over sufficiently long river or reservoir reaches, but the validity depends on surface classification, along-channel referencing and the treatment of within-overpass dependence."
T06,B,False,extra,development,method,easy,needs reading,10.1029/2023wr036428,external_search,semantic_retrieval,,,,,,Hydraulic river models from ICESat-2 elevation and water surface slope,"ICESat-2 along-track observations can estimate longitudinal hydraulic gradients over sufficiently long river or reservoir reaches, but the validity depends on surface classification, along-channel referencing and the treatment of within-overpass dependence."
T07,B,False,existing,development,direct,easy,needs reading,10.1029/2025gl119771,external_search,semantic_retrieval,,,,,,Huang & Gao 2026 GRL — SWOT-mapped uneven lake WSE for ICESat-2 levels,"SWOT enables two-dimensional characterisation of inland-water surface elevation and slope, but product assumptions developed for lakes or rivers may become invalid when a water body undergoes rapid morphological or hydraulic reorganisation."
T07,B,False,extra,development,direct,easy,needs reading,10.1029/2025gl120832,external_search,semantic_retrieval,,,,,,Lehnigk et al. 2026 GRL — SWOT observations of the Kakhovka dam-break flood,"SWOT enables two-dimensional characterisation of inland-water surface elevation and slope, but product assumptions developed for lakes or rivers may become invalid when a water body undergoes rapid morphological or hydraulic reorganisation."
T08,C,False,existing,development,method,hard,needs reading,10.23939/istcgcap2021.93.013,expert_known,semantic_retrieval,,,,,,"Trevoho 2021 — modernisation of the Ukrainian height system (BS-77 → EVRS); found via OpenAlex while registering Стопхай et al. 2026, which has no DOI and cannot be a control","Satellite altimetry, gauge records and historical hydrological observations are frequently referenced to different ellipsoids, geoids, national height systems and permanent-tide conventions, so apparent centimetre- to decimetre-scale differences may be geodetic rather than hydrological."
T09,C,True,NEW,development,direct,easy,to find,,,semantic_retrieval,,,,,,,"Permanent-tide conventions can produce elevation differences of the same order as the hydraulic gradients investigated by modern satellite hydrology, and should therefore be handled explicitly in cross-mission studies of water-surface elevation."
T09,C,True,NEW,holdout,direct,hard,to find,,,semantic_retrieval,,,,,,,"Permanent-tide conventions can produce elevation differences of the same order as the hydraulic gradients investigated by modern satellite hydrology, and should therefore be handled explicitly in cross-mission studies of water-surface elevation."
T10,C,True,existing,development,direct,hard,needs reading,10.23939/istcgcap2021.93.013,expert_known,semantic_retrieval,,,,,,"Trevoho 2021 — modernisation of the Ukrainian height system (BS-77 → EVRS), the national transformation-grid context for T10; found via OpenAlex while registering Стопхай et al. 2026",A spatially varying vertical transformation should not be replaced by a single empirical national or regional offset when studying long river or reservoir systems.
T10,C,True,NEW,holdout,direct,hard,to find,,,semantic_retrieval,,,,,,,A spatially varying vertical transformation should not be replaced by a single empirical national or regional offset when studying long river or reservoir systems.
T11,C,False,NEW,development,direct,easy,to find,,,semantic_retrieval,,,,,,,"Cross-sensor bias should be estimated only after formal harmonisation of reference frames; otherwise geodetic differences, hydrodynamic differences and instrumental bias are conflated."
T12,D,False,NEW,development,direct,easy,to find,,,semantic_retrieval,,,,,,,"Apparent cross-sensor bias in water-surface elevation depends strongly on temporal and spatial collocation, and can reflect real hydrodynamic variability rather than instrumental error."
T13,D,False,NEW,development,direct,easy,to find,,,semantic_retrieval,,,,,,,"Sensor validation over dynamic inland waters must account for hydrograph slope, wind setup, seiche and other short-term hydrodynamic processes."
T14,D,True,NEW,development,direct,easy,to find,,,semantic_retrieval,,,,,,,Thousands of along-track photon or pixel measurements acquired during a single satellite pass should not be treated as thousands of statistically independent observations.
T14,D,True,NEW,holdout,direct,hard,to find,,,semantic_retrieval,,,,,,,Thousands of along-track photon or pixel measurements acquired during a single satellite pass should not be treated as thousands of statistically independent observations.
T15,E,True,NEW,development,direct,easy,to find,,,semantic_retrieval,,,,,,,Historical longitudinal water-surface surveys can provide independent validation of modern satellite-derived hydraulic gradients decades after the original measurements were made.
T15,E,True,NEW,holdout,direct,hard,to find,,,semantic_retrieval,,,,,,,Historical longitudinal water-surface surveys can provide independent validation of modern satellite-derived hydraulic gradients decades after the original measurements were made.
T16,E,True,NEW,development,direct,easy,to find,,,semantic_retrieval,,,,,,,"Engineering design documentation can contain quantitative hydraulic information — backwater profiles, stage–area–volume curves, operating levels, seiche and wind-setup estimates — that remains scientifically useful for validating modern Earth-observation products."
T16,E,True,NEW,holdout,direct,hard,to find,,,semantic_retrieval,,,,,,,"Engineering design documentation can contain quantitative hydraulic information — backwater profiles, stage–area–volume curves, operating levels, seiche and wind-setup estimates — that remains scientifically useful for validating modern Earth-observation products."
T17,E,True,NEW,development,direct,easy,to find,,,semantic_retrieval,,,,,,,Reservoir drainage creates a rare opportunity to compare legacy bathymetric soundings against modern laser-altimetry measurements of the formerly submerged bed.
T17,E,True,NEW,holdout,direct,hard,to find,,,semantic_retrieval,,,,,,,Reservoir drainage creates a rare opportunity to compare legacy bathymetric soundings against modern laser-altimetry measurements of the formerly submerged bed.
T18,E,False,NEW,development,direct,easy,to find,,,semantic_retrieval,,,,,,,"Confidence in a reconstructed reservoir bathymetry increases when independent point elevations, area–elevation relationships and reach-scale drawdown exposure statistics converge on the same vertical interpretation."
T19,F,False,existing,development,direct,easy,needs reading,10.1029/2025gl120832,external_search,semantic_retrieval,,,,,,Lehnigk et al. 2026 GRL — SWOT observations of the Kakhovka dam-break flood,"A reduction in total water area is insufficient to characterise post-dam hydraulic transformation, because equal water areas may correspond to fundamentally different connectivity and hydraulic regimes."
T20,F,False,NEW,development,direct,easy,to find,,,semantic_retrieval,,,,,,,Combining planform water connectivity with longitudinal water-surface geometry provides a more physically meaningful classification of post-reservoir state than either variable alone.
T21,F,False,NEW,development,direct,easy,to find,,,semantic_retrieval,,,,,,,Residual ponds and disconnected water bodies within a drained reservoir should not be interpreted as samples of the main-channel longitudinal water surface.
T22,F,True,existing,development,direct,easy,needs reading,10.1029/2025gl119771,external_search,semantic_retrieval,,,,,,Huang & Gao 2026 GRL — SWOT-mapped uneven lake WSE for ICESat-2 levels,Static water-body databases and lake-averaged satellite products may become physically inappropriate after a reservoir fragments into channels and disconnected water bodies.
T22,F,True,NEW,holdout,direct,hard,to find,,,semantic_retrieval,,,,,,,Static water-body databases and lake-averaged satellite products may become physically inappropriate after a reservoir fragments into channels and disconnected water bodies.
T23,G,False,NEW,development,direct,easy,to find,,,semantic_retrieval,,,,,,,A hydraulic regime shift should be distinguished from a transient drawdown by the persistence of the new directional water-surface gradient well after the initial drainage period.
T24,G,False,NEW,development,direct,easy,to find,,,semantic_retrieval,,,,,,,"A reservoir-to-river transition is most defensibly identified when multiple independent indicators change coherently: longitudinal slope, water-surface heterogeneity, water connectivity, channel dominance and residual-water elevation structure."
