thesis_id,openalex_worldwide_hits,openalex_hits_in_corpus,coverage_ratio,n_papers_keyterm_fulltext,n_chunks_matching,best_semantic_distance,n_oa_downloadable,n_paywalled_skipped,n_grobid_failed,kg_expansion_available,corpus_adequacy
T01,2615,5,0.0019,121,0,,483,93,0,True,thin
T02,7103,7,0.001,277,0,,388,122,0,True,thin
T03,216444,13,0.0001,113,0,,467,70,0,True,thin
T04,58614,2,0.0,20,0,,490,65,0,True,absent
T05,5340,18,0.0034,82,0,,370,56,0,True,thin
T06,2264,9,0.004,136,0,,308,57,0,True,thin
T07,152,13,0.0855,92,0,,140,54,0,True,thin
T08,1020,4,0.0039,70,0,,341,20,0,True,thin
T09,1682,0,0.0,0,0,,311,6,0,True,absent
T10,3996,4,0.001,325,0,,456,29,0,True,thin
T11,4127,8,0.0019,208,0,,432,21,0,True,thin
T12,809,0,0.0,237,0,,439,65,0,True,absent
T13,78072,1,0.0,11,0,,341,142,0,True,absent
T14,2589,4,0.0015,179,0,,521,37,0,True,thin
T15,34982,6,0.0002,278,0,,496,101,0,True,thin
T16,58533,8,0.0001,71,0,,505,27,0,True,thin
T17,102,5,0.049,492,0,,349,22,0,True,thin
T18,4453,7,0.0016,80,0,,369,35,0,True,thin
T19,17759,20,0.0011,616,0,,444,104,0,True,thin
T20,10012,10,0.001,42,0,,454,70,0,True,thin
T21,25031,4,0.0002,402,0,,448,73,0,True,thin
T22,17552,2,0.0001,22,0,,457,34,0,True,absent
T23,2958,6,0.002,168,0,,506,41,0,True,thin
T24,26093,5,0.0002,472,0,,455,102,0,True,thin
