slug,doi,title,source_type,n_chars,families_in_fulltext,n_families,geodetic_occurrences,doc_density_per_10k,best_chunk_per_10k,cooccurring_windows,generic_only,auto_admitted,read_priority,best_passage,manual_verdict,manual_note,calibration_theme
10.1007_s00190-021-01541-5,10.1007/s00190-021-01541-5,The permanent tide and the International Height Reference Frame IHRF,paper,69283,height_types;permanent_tide;reference_systems,3,387,55.858,135.0,64,False,True,545.7,"t the first step they also removed part of the Earth's presumed response to the permanent tide-generating potential. When Poutanen et al. (1996) pointed out that the ITRF coordinates are tide-free, the IERS Standards (McCarthy 1992) were still unambiguously prescribing mean-tide (=zero-tide) coordinates.  All three tidal concepts are currently used for referencing geodetic quantities.  ITRF coordi",usable,Core permanent-tide/IHRF paper; directly addresses mean/zero/tide-free conventions and reference-frame consistency.,permanent_tide
10.1007_s00190-017-1075-1,10.1007/s00190-017-1075-1,Geodetic methods to determine the relativistic redshift at the level of 10 $$^{-18}$$ - 18 in the context of international timescales: a review and practical results,paper,118419,datum_transformation;height_types;permanent_tide;gnss_levelling;reference_systems,5,162,13.68,150.0,40,False,True,536.2,alue for ζ (EGG2015) 0 was implemented; the original value of + 0.305 m with a formal uncertainty of 0.002 m resulted from the comparison with 1139 stations from the EUVN_DA GNSS/levelling data set (EUVN_DA: European Vertical Reference Network -Densification Action; Kenyeres et al. 2010). The rounded value of +0.300 m for ζ (EGG2015) 0 implies a zero potential for the EGG2015 model of W (EGG2015) ,usable,"Directly relevant to EGG2015, GNSS/levelling, height-system unification and geodetic reference conventions.",reference_systems
10.4314_sajg.v14i1.1,10.4314/sajg.v14i1.1,Empirical investigations towards establishing a geoid-based vertical datum over South Africa,paper,13387,datum_transformation;height_types;reference_systems,3,108,80.675,130.0,12,False,True,424.8,"A gravimetric geoid/quasigeoid model is commonly preferred for height unification worldwide because it provides a consistent vertical datum over large areas. In practical terms, geometric geoid undulation/height () is the difference between ellipsoidal height (ℎ) and orthometric height (),  = ℎ - (Heiskanen & Moritz, 1967;Vaníček, 1976). This definition ignores the existence of a vertical offset, ",usable,Direct vertical-datum unification; explicitly links ellipsoidal and orthometric heights through geoid/quasigeoid models.,datum_transformation
10.1007_s00190-021-01481-0,10.1007/s00190-021-01481-0,Strategy for the realisation of the International Height Reference System (IHRS),paper,111505,datum_transformation;height_types;permanent_tide;gnss_levelling;reference_systems,5,201,18.026,95.0,52,False,True,393.1,"olution of the GBVP in the zero-tide system, the GGM should be given in the zero-tide system and be evaluated at mean-tide = zero-tide coordinates (X MT ). As the ITRF coordinates are given in the conventional tide-free system (X NT ), the mean-tide positions have to ( 18)  be restored. The IERS Conventions provide correction formulas to be added to the 3-D Cartesian coordinates ( see Eq. (7.14a) ",usable,"Core IHRS/IHRF methodology; directly treats permanent-tide systems, ITRF coordinates and height-system realisation.",IHRS_permanent_tide
10.3390_rs12050817,10.3390/rs12050817,A Quasigeoid-Derived Transformation Model Accounting for Land Subsidence in the Mekong Delta towards Height System Unification in Vietnam,paper,54545,datum_transformation;height_types;gnss_levelling;reference_systems,4,190,34.834,85.0,44,False,True,348.0,"ight on the VLVD. With its large mean bias, the gravimetric quasigeoid model does not allow the accurate transformation of GNSS ellipsoidal heights to physical heights in the VLVD. Most often, the gravimetric quasigeoid or geoid model is forced to fit onto the local vertical datum. Such a hybrid quasigeoid/geoid model is used to convert GNSS ellipsoidal heights to physical heights. Most countries ",usable,Direct height-system transformation using quasigeoid/geoid models and GNSS ellipsoidal-to-physical-height conversion.,datum_transformation
10.3390_rs11232739,10.3390/rs11232739,Mapping Water Surface Elevation and Slope in the Mississippi River Delta Using the AirSWOT Ka-Band Interferometric Synthetic Aperture Radar,paper,55959,datum_transformation;swot_reference;reference_systems,3,212,37.885,75.0,18,False,True,279.2,": (i) random error which we compute as the standard error of the pixel-level AirSWOT elevations within the averaging window (standard deviation divided by the square root of the number of samples); and (ii) uncertainty in the vertical datum conversion from WGS84 to NAVD88 in this area, which can be calculated by NOAA VDatum [43], and is equal to 7.3 cm on average within the study area. For the sak",usable,Direct AirSWOT WSE/WSS application with explicit WGS84→NAVD88 conversion and quantified datum-conversion uncertainty.,altimetry_datum_uncertainty
10.3390_rs14061437,10.3390/rs14061437,The Refined Gravity Field Models for Height System Unification in China,paper,42148,datum_transformation;height_types;permanent_tide;reference_systems,4,118,27.997,70.0,29,False,True,273.3,"s are made available by the National Geomatics Center of China to determine the vertical datum geopotential of China. The GNSS ellipsoidal coordinates are based on ITRF2014 [38], and the GNSS coordinate accuracy reaches the millimeter level; in particular, the accuracy of GNSS ellipsoidal heights is about 5 mm. The distribution for the GNSS/leveling datapoints in China is shown in Figure 1. Becaus",usable,"Direct height-system unification with GNSS/levelling, gravity-field models and national vertical-datum realisation.",height_system_unification
10.36306_konjes.1720907,10.36306/konjes.1720907,"IMPROVING ICESAT GLAS DERIVED WATER SURFACE ELEVATIONS OVER LAKE VAN, TÜRKİYE",paper,23911,height_types;icesat2_reference;swot_reference;reference_systems,4,30,12.547,80.0,5,False,True,258.5,"ng indicators of climate change.  Satellite altimeters provide measurements in ellipsoidal heights, whereas WSEs are typically expressed in orthometric heights. Geoid models are used to convert ellipsoidal heights to orthometric heights. ICESat, its successor ICESat-2, and the Surface Water and Ocean Topography (SWOT) satellite all use the EGM2008 geoid model for this conversion. Both ICESat-2 and",usable,Directly states ellipsoidal-to-orthometric conversion for satellite WSE and connects ICESat/ICESat-2/SWOT to EGM2008.,ICESat_SWOT_height_reference
10.3389_feart.2020.00278,10.3389/feart.2020.00278,Advancing Field-Based GNSS Surveying for Validation of Remotely Sensed Water Surface Elevation Products,paper,50430,datum_transformation;height_types;swot_reference;reference_systems,4,92,18.243,75.0,7,False,True,252.7,"is to validate AirSWOT and forthcoming SWOT mappings of WSE and WSS. To test WaSP's suitability for this task, we compared WaSP WSE surveys on the North Saskatchewan River collected on July 7, 2017, and August 16, 2017, with nearly coincident AirSWOT mappings of the same reach collected on July 8, 2017, August 16, 2017, and August 17, 2017. Unfortunately, ∼84, 87, and 45% of the study reach water ",usable,Strong direct analogue: GNSS field surveys used to validate AirSWOT/SWOT WSE/WSS; supports validation-against and independence fields.,GNSS_altimetry_validation
10.1007_s00190-026-02096-z,10.1007/s00190-026-02096-z,The development of the unified Baltic Sea Chart Datum 2000 (BSCD2000) height transformation grid: an unprecedented example of height system unification based on state-of-the-art marine geoid modelling,paper,65585,datum_transformation;height_types;permanent_tide;swot_reference;reference_systems,5,131,19.974,60.0,27,False,True,243.6,"ately transformed, they are suitable for a consistent validation of gravimetric quasigeoid solutions over the whole area. Ellipsoidal heights of Germany and Poland are readily compatible with ETRF2000. For the NKG member countries (all except Germany and Poland), the transformation from the national realisation to ETRF2000 was based on either NKG Transformation version 2008 (Häkli et al. 2016) or ",usable,Highly relevant Baltic height-system unification/BSCD2000 transformation paper; directly relevant to Baltic-datum questions.,Baltic_height_unification
10.3390_rs14102368,10.3390/rs14102368,Shipborne GNSS-Determined Sea Surface Heights Using Geoid Model and Realistic Dynamic Topography,paper,78810,datum_transformation;height_types;permanent_tide;reference_systems,4,26,3.299,65.0,4,False,True,211.6,"model [40] (cf. Figure 2). Note that NKG2015 represents a geoid model using the zero-tide permanent tide concept, to which a correction from zero-tide to the tide-free concept has been applied (see [41,42] for details about permanent tide concepts). The correction provides consistency with GNSS measurements (using the tide-free concept). In other words, by subtracting NKG2015 heights from the GNSS",usable,Direct permanent-tide consistency example: zero-tide geoid converted to tide-free for consistency with GNSS observations.,permanent_tide_conversion
10.3133_tm11d1,10.3133/tm11d1,Methods of practice and guidelines for using survey-grade global navigation satellite systems (GNSS) to establish vertical datum in the United States Geological Survey,paper,277288,datum_transformation;height_types;reference_systems,3,75,2.705,50.0,12,False,True,181.5," convert North American Datum 1983 (NAD 83) ellipsoid heights to North American Vertical Datum 1988 (NAVD 88) orthometric heights. geoid height The separation distance between the reference ellipsoid Geographic Reference System 1980 (GRS 80) and the hybrid geoid model, for example GEOID 09. The combination of the North American Datum 1983 (NAD 83) ellipsoid height from Global Navigation Satellite ",usable,Direct operational guidance for establishing vertical datum and converting GNSS ellipsoidal heights to orthometric heights.,GNSS_vertical_datum
10.1002_esp.70263,10.1002/esp.70263,Quantifying river morphological changes using multi‐satellite observations and in situ measurements,paper,46207,datum_transformation;height_types;icesat2_reference;swot_reference;reference_systems,5,46,9.955,45.0,16,False,True,173.6,"ed (Yommy et al., 2015).  Elevations of exposed river bed were derived from the ICESat-2 ATL03 photon product, which provides geolocated photon heights along satellite tracks. These data were preprocessed to correct ellipsoidal heights to the EGM2008 geoid and subsequently adjusted to the local Public Works Datum (PWD) in Bangladesh (Figure S1). Quality filtering retained only high-confidence phot",usable,Direct hydrologic application: ICESat-2 ellipsoidal heights corrected to EGM2008 and then to a local Public Works Datum.,ICESat2_local_datum
10.3390_rs15082189,10.3390/rs15082189,Determination of Accurate Dynamic Topography for the Baltic Sea Using Satellite Altimetry and a Marine Geoid Model,paper,94034,datum_transformation;height_types;permanent_tide;swot_reference;gnss_levelling;reference_systems,6,40,4.254,45.0,8,False,True,163.0,"In addition, these SA data are referenced to TOPEX/Poseidon (T/P) ellipsoid and ITRF (realization 2008), while the TG observations are referred to NAP and ETRF (European Terrestrial Reference Frame). Also recall that the NKG2015 geoid model refers to the GRS-80 reference ellipsoid. The height difference between the ETRF and ITRF in terms of ellipsoidal heights was applied to the SA data. Moreover,",usable,"Excellent direct analogue: satellite altimetry, tide gauges, multiple ellipsoids/frames and a marine geoid explicitly harmonised.",altimetry_tide_gauge_harmonisation
10.3390_rs14143250,10.3390/rs14143250,Geodetic SAR for Height System Unification and Sea Level Research—Results in the Baltic Sea Test Network,paper,72867,datum_transformation;height_types;permanent_tide;gnss_levelling;reference_systems,5,34,4.666,30.0,12,False,True,121.4," the underlying reference frames, the GNSS and SAR results are expressed in the ITRF2014, whereas the GOCE results refer to ITRF2008. The transformation parameters between both frames are rather small (max. 2.4 mm) [12], and thus, they do not need to be taken into account here.  The GNSS network stations in the Baltic Sea region are processed together with about 10 to 15 IGS/EPN stations, which ar",usable,Direct height-system unification across ITRF/ETRF and Baltic geodetic observations; strong reference-frame example.,Baltic_reference_frames
10.5194_hess-19-4345-2015,10.5194/hess-19-4345-2015,DAHITI – an innovative approach for estimating water level time series over inland waters using multi-mission satellite altimetry,paper,77512,datum_transformation;height_types;reference_systems;altimetry_harmonisation,4,13,1.677,35.0,3,False,True,118.8,"use the same retracker for all measurements over one target. That minimizes the inter-mission biases, which are shown later for selected results in Sect. 4.3 and allow us to use different altimeter missions as a single virtual altimeter system. The average values of the applied range errors are given in Table 1 for each al-timeter mission. All data used in this study (the altimeter data as well as",usable,Direct multi-mission inland-water altimetry harmonisation; explicitly treats inter-mission biases and a common virtual-altimeter system.,multi_mission_altimetry_bias
10.1007_s10712-019-09525-z,10.1007/s10712-019-09525-z,"Concepts and Terminology for Sea Level: Mean, Variability and Change, Both Local and Global",paper,88995,height_types;permanent_tide;reference_systems,3,19,2.135,30.0,6,False,True,106.9," to the periodic constituents, the tides have a constant constituent called the permanent tide, which tends to make the Earth and sea surface more oblate. Our definitions of mean sea level and the geoid use the mean-tide convention, including the permanent tide. In gravity models, the zero-tide convention is more usual, in which the permanent ocean tide is subtracted, but the permanent elastic tid",usable,Core conceptual paper for permanent tide and mean sea level/geoid conventions; directly supports tide-system terminology.,permanent_tide_concepts
10.3390_rs13112196,10.3390/rs13112196,Evaluation of the Performances of Radar and Lidar Altimetry Missions for Water Level Retrievals in Mountainous Environment: The Case of the Swiss Lakes,paper,47936,height_types;icesat2_reference;swot_reference;reference_systems;altimetry_harmonisation,5,23,4.798,25.0,10,False,True,102.3,"rong and a weak beam in each pair, which varies with the ATLAS orientation. The ICESat-2 footprint has a diameter ~17 m which could increase up to ~20 m due an energy decrease after the 3-year of the nominal mission [45]. In this study, the ATLAS/ICESat-2 Level3A (ATL13) product, providing along-track heights of lakes, rivers, and wetlands with reference to EGM2008 is used [46]. It is made availab",usable,Direct inland-water altimetry case using ICESat-2 ATL13 with an explicit EGM2008 height reference.,ICESat2_ATL13_reference
10.5194_hess-25-1643-2021,10.5194/hess-25-1643-2021,Evaluation of historic and operational satellite radar altimetry missions for constructing consistent long-term lake water level records,paper,76683,datum_transformation;height_types;reference_systems;altimetry_harmonisation,4,11,1.434,15.0,4,False,True,60.1,"erived estimates and the gauge measurements. If both are referenced to the same vertical datum (e.g., EGM2008), then the smaller the bias, the closer altimetry-derived estimates are to the real lake water level.  Since the data of the altimetry-derived water levels and the gauge measurements were consistent only for the Great Lakes, as mentioned in Sect. 2.2, we compared and evaluated the biases o",usable,Direct multi-mission lake-level consistency study; explicitly requires altimetry and gauges to share the same vertical datum.,lake_altimetry_gauge_datum
10.3390_rs6064952,10.3390/rs6064952,Atmospheric Corrections for Altimetry Studies over Inland Water,paper,83856,height_types;swot_reference;reference_systems,3,11,1.312,15.0,2,False,True,55.1,ven by the DTU10 topography model is less than 500 meters. For this purpose the orthometric height above the EGM2008 geoid [48] ( ) was computed by subtracting the EGM2008 geoid height above a reference ellipsoid (N) from the water level height above the same ellipsoid (h) given by Equation (1). The last two criteria aim to remove points with the largest errors in the altimeter measurements. With ,usable,Direct inland-water altimetry processing: converts ellipsoidal water levels to EGM2008-referenced orthometric heights.,ellipsoid_to_orthometric
