priority,doi,doi_link,attempted_pdf_url,publisher_host,title,year,journal,slices,theses,why_not_downloaded,save_as
1,10.1007/s11258-026-01634-1,https://doi.org/10.1007/s11258-026-01634-1,https://link.springer.com/content/pdf/10.1007/s11258-026-01634-1.pdf,link.springer.com,Functional diversity shifts and ruderalisation of floodplain in the early post-disturbance stage after wartime dam destruction in Ukraine,2026,Plant Ecology,S1_kakhovka_status_quo,T02;T03;T19,HTML page instead of PDF,data/literature/pdf_missing/10.1007_s11258-026-01634-1.pdf
1,10.3390/land15040624,https://doi.org/10.3390/land15040624,https://www.mdpi.com/2073-445X/15/4/624/pdf?version=1775893621,www.mdpi.com,Temporal Matching of Unsupervised Cluster Structures for Monitoring Post-Catastrophic Floodplain Dynamics: A Case Study of Khortytsia Island,2026,Land,S1_kakhovka_status_quo,T02;T03;T19,HTML page instead of PDF,data/literature/pdf_missing/10.3390_land15040624.pdf
1,10.1007/s13201-026-02814-0,https://doi.org/10.1007/s13201-026-02814-0,,,Assessment of water needs in the lower Dnipro sub-basin following the destruction of the Kakhovka reservoir,2026,Applied Water Science,S1_kakhovka_status_quo,T02;T03;T19,OA but OpenAlex has no PDF link,data/literature/pdf_missing/10.1007_s13201-026-02814-0.pdf
1,10.1088/1748-9326/ae4d5f,https://doi.org/10.1088/1748-9326/ae4d5f,,,Hydrological and ecological consequences of the Kakhovka dam collapse,2026,Environmental Research Letters,S1_kakhovka_status_quo,T02;T03;T19,OA but OpenAlex has no PDF link,data/literature/pdf_missing/10.1088_1748-9326_ae4d5f.pdf
1,10.33730/2077-4893.1.2026.354183,https://doi.org/10.33730/2077-4893.1.2026.354183,,,Transformation of agricultural landscapes in southern Ukraine after the destruction of the Kakhovka HPP according to remote sensing of the Earth,2026,Agroecological journal,S1_kakhovka_status_quo,T02;T03;T19,OA but OpenAlex has no PDF link,data/literature/pdf_missing/10.33730_2077-4893.1.2026.354183.pdf
1,10.1016/j.pdisas.2026.100549,https://doi.org/10.1016/j.pdisas.2026.100549,,,"Assessment of the causes of the Kakhovka HPP dam collapse based on a comprehensive analysis of structural monitoring, seismic, and infrasound studies",2026,Progress in Disaster Science,S1_kakhovka_status_quo,T02;T03;T19,OA but OpenAlex has no PDF link,data/literature/pdf_missing/10.1016_j.pdisas.2026.100549.pdf
1,10.2139/ssrn.6516481,https://doi.org/10.2139/ssrn.6516481,,,Using Earth Observation Data to Study the Impacts of the Kakhovka Dam Destruction on Crop Irrigation and Agricultural Management,2026,SSRN Electronic Journal,S1_kakhovka_status_quo,T02;T03;T19,OA but OpenAlex has no PDF link,data/literature/pdf_missing/10.2139_ssrn.6516481.pdf
1,10.26434/chemrxiv.15003305/v1,https://doi.org/10.26434/chemrxiv.15003305/v1,,,Distribution of Organic Pollutants in the Alluvial Soils as a Result of the Destruction of the Kahovka Dam (Ukraine),2026,ChemRxiv,S1_kakhovka_status_quo,T02;T03;T19,not open access,data/literature/pdf_missing/10.26434_chemrxiv.15003305_v1.pdf
1,10.31223/x5bn4k,https://doi.org/10.31223/x5bn4k,,,ECOCIDE: Quantifying War-Time Environmental Damage: A Difference-in-Differences Analysis of the Kakhovka Dam Destruction,2026,,S1_kakhovka_status_quo,T02;T03;T19,OA but OpenAlex has no PDF link,data/literature/pdf_missing/10.31223_x5bn4k.pdf
1,10.15421/112628,https://doi.org/10.15421/112628,,,Water-management balance and hydrochemical forecast for the Pivdenne Reservoir (Kryvyi Rih district) during filling from the Inhulets River due to the destruction of the Kakhovka Dam,2026,Journal of Geology Geography and Geoecology,S1_kakhovka_status_quo,T02;T03;T19,OA but OpenAlex has no PDF link,data/literature/pdf_missing/10.15421_112628.pdf
1,10.5281/zenodo.18526999,https://doi.org/10.5281/zenodo.18526999,,,"Prodromus of the vegetation cover of the southern part of Khortytsia Island (floodplain ecosystems that underwent transformational changes following the destruction of the Kakhovka Reservoir due to the blasting of the Kakhovka Hydropower Plant dam by Russian occupying forces in 2023), based on the results of surveys conducted in 2024–2025.",2026,Zenodo (CERN European Organization for Nuclear Research),S1_kakhovka_status_quo,T02;T03;T19,OA but OpenAlex has no PDF link,data/literature/pdf_missing/10.5281_zenodo.18526999.pdf
1,10.5281/zenodo.18526998,https://doi.org/10.5281/zenodo.18526998,,,"Prodromus of the vegetation cover of the southern part of Khortytsia Island (floodplain ecosystems that underwent transformational changes following the destruction of the Kakhovka Reservoir due to the blasting of the Kakhovka Hydropower Plant dam by Russian occupying forces in 2023), based on the results of surveys conducted in 2024–2025.",2026,Zenodo (CERN European Organization for Nuclear Research),S1_kakhovka_status_quo,T02;T03;T19,OA but OpenAlex has no PDF link,data/literature/pdf_missing/10.5281_zenodo.18526998.pdf
1,10.1080/00139157.2026.2632564,https://doi.org/10.1080/00139157.2026.2632564,,,Ecocide in Ukraine: The Role of Environmental Destruction in Hybrid Warfare,2026,Environment Science and Policy for Sustainable Development,S1_kakhovka_status_quo,T02;T03;T19,not open access,data/literature/pdf_missing/10.1080_00139157.2026.2632564.pdf
1,10.5281/zenodo.21836129,https://doi.org/10.5281/zenodo.21836129,,,MECHANISMS FOR PROTECTING THE ENVIRONMENT DURING ARMED CONFLICTS IN INTERNATIONAL HUMANITARIAN LAW AND ISSUES OF THEIR IMPLEMENTATION INTO THE NATIONAL LEGISLATION OF UZBEKISTAN,2026,Zenodo (CERN European Organization for Nuclear Research),S1_kakhovka_status_quo,T02;T03;T19,OA but OpenAlex has no PDF link,data/literature/pdf_missing/10.5281_zenodo.21836129.pdf
1,10.1615/hydrobj.v62.i5.60,https://doi.org/10.1615/hydrobj.v62.i5.60,,,Decrease in External Water Exchange and Possible Ecological Changes in the Floodplain Water Bodies of the Lower Section of the Dnieper River as a Result of the Kakhovka Dam Destruction,2026,Hydrobiological Journal,S1_kakhovka_status_quo,T02;T03;T19,not open access,data/literature/pdf_missing/10.1615_hydrobj.v62.i5.60.pdf
1,10.26565/1992-4259-2026-34-04,https://doi.org/10.26565/1992-4259-2026-34-04,,,Use of Sentinel-2 data for compensatory monitoring of surface waters of Ukraine under martial law,2026,Visnyk of V N Karazin Kharkiv National University series Ecology,S1_kakhovka_status_quo,T02;T03;T19,OA but OpenAlex has no PDF link,data/literature/pdf_missing/10.26565_1992-4259-2026-34-04.pdf
1,10.15407/meteorology2026.09.050,https://doi.org/10.15407/meteorology2026.09.050,,,Evaluation of water-salt regime parameters for the Inhulets river in the technogenic affected zone based on hydrochemical monitoring data,2026,Метеорологія. Гідрологія. Моніторинг довкілля.,S1_kakhovka_status_quo,T02;T03;T19,not open access,data/literature/pdf_missing/10.15407_meteorology2026.09.050.pdf
1,10.51707/2618-0529-2026-35-02,https://doi.org/10.51707/2618-0529-2026-35-02,,,Analysis of the ecological disaster at the Kakhovka Hydroelectric Power Station using Earth remote sensing methods: scientific and educational aspect,2026,Scientific Notes of Junior Academy of Sciences of Ukraine,S1_kakhovka_status_quo,T02;T03;T19,OA but OpenAlex has no PDF link,data/literature/pdf_missing/10.51707_2618-0529-2026-35-02.pdf
1,10.1163/16000390-12341031,https://doi.org/10.1163/16000390-12341031,,,Archaeological Heritage of the Kherson Region: Occupied and Endangered,2026,Acta Archaeologica,S1_kakhovka_status_quo,T02;T03;T19,not open access,data/literature/pdf_missing/10.1163_16000390-12341031.pdf
1,10.66659/2z4fha41,https://doi.org/10.66659/2z4fha41,,,Managing Mississippi and Missouri River Landscapes: A Conversation with Kenneth R. Olson,2026,Pollution and Diseases,S1_kakhovka_status_quo,T02;T03;T19,OA but OpenAlex has no PDF link,data/literature/pdf_missing/10.66659_2z4fha41.pdf
1,10.66659/ttv2jt84,https://doi.org/10.66659/ttv2jt84,,,"Great River Landscapes of Western Asia and Eastern Europe: Volga, Dnieper, Danube, and Rhine (A Conversation with Kenneth R. Olson)",2026,Pollution and Diseases,S1_kakhovka_status_quo,T02;T03;T19,OA but OpenAlex has no PDF link,data/literature/pdf_missing/10.66659_ttv2jt84.pdf
1,10.1007/s43832-026-00387-2,https://doi.org/10.1007/s43832-026-00387-2,https://link.springer.com/content/pdf/10.1007/s43832-026-00387-2.pdf,link.springer.com,Water quality in the Dnipro–Donbas canal (Ukraine) under conditions of war and climate change,2026,Discover Water,S1_kakhovka_status_quo,T02;T03;T19,HTML page instead of PDF,data/literature/pdf_missing/10.1007_s43832-026-00387-2.pdf
1,10.1615/hydrobj.v62.i5.10,https://doi.org/10.1615/hydrobj.v62.i5.10,,,Phytoplankton of the Northwestern Part of the Black Sea in the Odesa Region under Conditions of a Technogenic Disaster,2026,Hydrobiological Journal,S1_kakhovka_status_quo,T02;T03;T19,not open access,data/literature/pdf_missing/10.1615_hydrobj.v62.i5.10.pdf
1,10.15372/csd2026724,https://doi.org/10.15372/csd2026724,,,HYDROCARBONS IN THE WATER AND BOTTOM SEDIMENTS OF THE NORTH CRIMEAN CANAL AND ADJACENT WATER AREAS (CRIMEA) DURING THE CHANGE OF THE WATER REGIMEN OF THE CANAL,2026,Химия в интересах устойчивого развития,S1_kakhovka_status_quo,T02;T03;T19,not open access,data/literature/pdf_missing/10.15372_csd2026724.pdf
1,10.1029/2025jc023538,https://doi.org/10.1029/2025jc023538,,,Recent Changes and Variability of Suspended Particulate Matter in European and Mediterranean Coastal Waters Inferred From OLCI Data,2026,Journal of Geophysical Research Oceans,S1_kakhovka_status_quo,T02;T03;T19,OA but OpenAlex has no PDF link,data/literature/pdf_missing/10.1029_2025jc023538.pdf
1,10.5281/zenodo.20554034,https://doi.org/10.5281/zenodo.20554034,,,Geospatial Monitoring of Agroclimatic Resource Impacts on Vegetation State at the Onset of the Growing Season,2026,Zenodo (CERN European Organization for Nuclear Research),S1_kakhovka_status_quo,T02;T03;T19,OA but OpenAlex has no PDF link,data/literature/pdf_missing/10.5281_zenodo.20554034.pdf
1,10.5281/zenodo.20554033,https://doi.org/10.5281/zenodo.20554033,,,Geospatial Monitoring of Agroclimatic Resource Impacts on Vegetation State at the Onset of the Growing Season,2026,Zenodo (CERN European Organization for Nuclear Research),S1_kakhovka_status_quo,T02;T03;T19,OA but OpenAlex has no PDF link,data/literature/pdf_missing/10.5281_zenodo.20554033.pdf
1,10.1029/2023wr036896,https://doi.org/10.1029/2023wr036896,https://onlinelibrary.wiley.com/doi/pdfdirect/10.1029/2023WR036896,onlinelibrary.wiley.com,The Surface Water and Ocean Topography Mission (SWOT) Prior Lake Database (PLD): Lake Mask and Operational Auxiliaries,2025,Water Resources Research,S1_kakhovka_status_quo;S2_altimetry_vertical_datum,T02;T03;T07;T08;T09;T10;T11;T19;T20;T21;T22,blocked (HTTP 403),data/literature/pdf_missing/10.1029_2023wr036896.pdf
1,10.1038/s43247-025-02153-z,https://doi.org/10.1038/s43247-025-02153-z,http://dspace.stir.ac.uk/retrieve/0fc70eb8-20cf-4c66-9996-0c3ef294f23b/s43247-025-02153-z.pdf,dspace.stir.ac.uk,The biogeochemical response of the north-western Black Sea to the Kakhovka Dam breach,2025,Communications Earth & Environment,S1_kakhovka_status_quo;S3_hydraulic_transition_from_space,T02;T03;T19;T23,blocked (HTTP 403),data/literature/pdf_missing/10.1038_s43247-025-02153-z.pdf
1,10.1126/science.adn8655,https://doi.org/10.1126/science.adn8655,,,Environmental effects of the Kakhovka Dam destruction by warfare in Ukraine,2025,Science,S1_kakhovka_status_quo,T02;T03;T19,OA but OpenAlex has no PDF link,data/literature/pdf_missing/10.1126_science.adn8655.pdf
1,10.1186/s13717-025-00577-1,https://doi.org/10.1186/s13717-025-00577-1,,,"Biodiversity effects of the Russia–Ukraine War and the Kakhovka Dam destruction: ecological consequences and predictions for marine, estuarine, and freshwater communities in the northern Black Sea",2025,Ecological Processes,S1_kakhovka_status_quo,T02;T03;T19,OA but OpenAlex has no PDF link,data/literature/pdf_missing/10.1186_s13717-025-00577-1.pdf
1,10.3390/jmse13010067,https://doi.org/10.3390/jmse13010067,https://www.mdpi.com/2077-1312/13/1/67/pdf?version=1735817048,www.mdpi.com,Assessing the Black Sea Mesozooplankton Community Following the Nova Kakhovka Dam Breach,2025,Journal of Marine Science and Engineering,S1_kakhovka_status_quo,T02;T03;T19,HTML page instead of PDF,data/literature/pdf_missing/10.3390_jmse13010067.pdf
1,10.1111/jfr3.70106,https://doi.org/10.1111/jfr3.70106,https://onlinelibrary.wiley.com/doi/pdfdirect/10.1111/jfr3.70106,onlinelibrary.wiley.com,Spatiotemporal Assessment of Affected Population and Built‐Up Area Under Dam‐Breach Scenarios of Kakhovka,2025,Journal of Flood Risk Management,S1_kakhovka_status_quo;S3_hydraulic_transition_from_space,T02;T03;T19;T23,blocked (HTTP 403),data/literature/pdf_missing/10.1111_jfr3.70106.pdf
1,10.7717/peerj.19607,https://doi.org/10.7717/peerj.19607,https://peerj.com/articles/19607.pdf,peerj.com,Hemeroby reveals the dynamics of vegetation cover following the destruction of the Kakhovka Reservoir,2025,PeerJ,S1_kakhovka_status_quo,T02;T03;T19,blocked (HTTP 403),data/literature/pdf_missing/10.7717_peerj.19607.pdf
1,10.31648/aspal.9788,https://doi.org/10.31648/aspal.9788,,,Land degradation in Ukraine as a result of military operations,2025,Acta Scientiarum Polonorum Administratio Locorum,S1_kakhovka_status_quo,T02;T03;T19,OA but OpenAlex has no PDF link,data/literature/pdf_missing/10.31648_aspal.9788.pdf
1,10.63095/nbseh.25.290237,https://doi.org/10.63095/nbseh.25.290237,,,The Kakhovka Sea Before and After the Destruction of the Kakhovka Dam,2025,Natural Built Social Environment Health,S1_kakhovka_status_quo,T02;T03;T19,OA but OpenAlex has no PDF link,data/literature/pdf_missing/10.63095_nbseh.25.290237.pdf
1,10.2478/jlecol-2025-0023,https://doi.org/10.2478/jlecol-2025-0023,,,Scenarios for the Functioning of the Kakhovka Reservoir Territory,2025,Journal of Landscape Ecology,S1_kakhovka_status_quo,T02;T03;T19,OA but OpenAlex has no PDF link,data/literature/pdf_missing/10.2478_jlecol-2025-0023.pdf
1,10.1615/interjalgae.v27.i2.50,https://doi.org/10.1615/interjalgae.v27.i2.50,,,Response of the Black Sea Planktonic and Benthic Algae to the Consequences of the Kakhovka Reservoir Dam on the Dnipro River (Ukraine) Destruction,2025,International Journal on Algae,S1_kakhovka_status_quo,T02;T03;T19,not open access,data/literature/pdf_missing/10.1615_interjalgae.v27.i2.50.pdf
1,10.1080/24750263.2025.2455615,https://doi.org/10.1080/24750263.2025.2455615,,,"The amphipod Amathillina cristata Sars, 1894 is an overlooked native species in the Black Sea basin: insights from molecular data, historical records and SEM imaging",2025,The European Zoological Journal,S1_kakhovka_status_quo,T02;T03;T19,OA but OpenAlex has no PDF link,data/literature/pdf_missing/10.1080_24750263.2025.2455615.pdf
1,10.2139/ssrn.5177796,https://doi.org/10.2139/ssrn.5177796,,,Using Earth Observation Data to Study the Impacts of the Kakhovka Dam Destruction on Crop Irrigation and Agricultural Management,2025,SSRN Electronic Journal,S1_kakhovka_status_quo,T02;T03;T19,OA but OpenAlex has no PDF link,data/literature/pdf_missing/10.2139_ssrn.5177796.pdf
1,10.1615/hydrobj.v61.i2.30,https://doi.org/10.1615/hydrobj.v61.i2.30,,,Relocation of Fish Populations to Estuaries and Bays of the North-Western Section of the Black Sea as a Consequence of Technogeneous Disasters and Natural Processes in 2023,2025,Hydrobiological Journal,S1_kakhovka_status_quo,T02;T03;T19,not open access,data/literature/pdf_missing/10.1615_hydrobj.v61.i2.30.pdf
1,10.5281/zenodo.17679950,https://doi.org/10.5281/zenodo.17679950,,,"Environmental Consequences of War: What Are the Ecological and Geographic Consequences of Military Activities in Ukraine's Industrial and Agricultural Regions, particularly in the Donbas and Southern Steppe Zones?",2025,Zenodo (CERN European Organization for Nuclear Research),S1_kakhovka_status_quo,T02;T03;T19,OA but OpenAlex has no PDF link,data/literature/pdf_missing/10.5281_zenodo.17679950.pdf
1,10.1002/gdj3.70027,https://doi.org/10.1002/gdj3.70027,https://onlinelibrary.wiley.com/doi/pdfdirect/10.1002/gdj3.70027,onlinelibrary.wiley.com,A High‐Resolution Hydrological Dataset for Ukrainian River Basins With an Interactive Web Interface,2025,Geoscience Data Journal,S1_kakhovka_status_quo,T02;T03;T19,blocked (HTTP 403),data/literature/pdf_missing/10.1002_gdj3.70027.pdf
1,10.5406/23300841.70.4.11,https://doi.org/10.5406/23300841.70.4.11,,,The Russo-Ukrainian War: The Return of History,2025,The Polish Review,S1_kakhovka_status_quo,T02;T03;T19,not open access,data/literature/pdf_missing/10.5406_23300841.70.4.11.pdf
1,10.30857/2415-3206.2024.2.7,https://doi.org/10.30857/2415-3206.2024.2.7,,,CONCEPTUAL PRINCIPLES FOR THE FORMATION OF A POLICY FOR THE SUSTAINABLE DEVELOPMENT OF DOMESTIC BUSINESS,2025,Management,S1_kakhovka_status_quo,T02;T03;T19,OA but OpenAlex has no PDF link,data/literature/pdf_missing/10.30857_2415-3206.2024.2.7.pdf
1,10.5281/zenodo.18293238,https://doi.org/10.5281/zenodo.18293238,,,Geological aspects of assessing the consequences of Kakhovka reservoir destruction,2025,Zenodo (CERN European Organization for Nuclear Research),S1_kakhovka_status_quo,T02;T03;T19,OA but OpenAlex has no PDF link,data/literature/pdf_missing/10.5281_zenodo.18293238.pdf
1,10.5281/zenodo.18293239,https://doi.org/10.5281/zenodo.18293239,,,Geological aspects of assessing the consequences of Kakhovka reservoir destruction,2025,Zenodo (CERN European Organization for Nuclear Research),S1_kakhovka_status_quo,T02;T03;T19,OA but OpenAlex has no PDF link,data/literature/pdf_missing/10.5281_zenodo.18293239.pdf
1,10.5281/zenodo.18289121,https://doi.org/10.5281/zenodo.18289121,,,Geoecological aspects of assessing the consequences of the destruction of the Kakhovka reservoir,2025,Мінеральні ресурси України,S1_kakhovka_status_quo,T02;T03;T19,OA but OpenAlex has no PDF link,data/literature/pdf_missing/10.5281_zenodo.18289121.pdf
1,10.5281/zenodo.17859818,https://doi.org/10.5281/zenodo.17859818,,,WEB GIS APPLICATION FOR MONITORING KAKHOVKA RESERVOIR CHANGES BASED ON COPERNICUS DATA (SENTINEL-2),2025,Zenodo (CERN European Organization for Nuclear Research),S1_kakhovka_status_quo,T02;T03;T19,OA but OpenAlex has no PDF link,data/literature/pdf_missing/10.5281_zenodo.17859818.pdf
1,10.21203/rs.3.rs-8403968/v1,https://doi.org/10.21203/rs.3.rs-8403968/v1,,,SWOT Satellite Altimetry Reveals Extreme Flood Wave After the Kakhovka Dam Collapse,2025,Research Square,S1_kakhovka_status_quo,T02;T03;T19,OA but OpenAlex has no PDF link,data/literature/pdf_missing/10.21203_rs.3.rs-8403968_v1.pdf
1,10.5281/zenodo.17859817,https://doi.org/10.5281/zenodo.17859817,,,WEB GIS APPLICATION FOR MONITORING KAKHOVKA RESERVOIR CHANGES BASED ON COPERNICUS DATA (SENTINEL-2),2025,Zenodo (CERN European Organization for Nuclear Research),S1_kakhovka_status_quo,T02;T03;T19,OA but OpenAlex has no PDF link,data/literature/pdf_missing/10.5281_zenodo.17859817.pdf
1,10.32347/0475-1132.50.2025.252-268,https://doi.org/10.32347/0475-1132.50.2025.252-268,,,The state of hydraulic structures of hydroelectric power plants of the Dnieper cascade at example of the Dnieper HPP,2025,Bases and Foundations,S1_kakhovka_status_quo,T02;T03;T19,OA but OpenAlex has no PDF link,data/literature/pdf_missing/10.32347_0475-1132.50.2025.252-268.pdf
1,10.15407/meteorology2025.07.043,https://doi.org/10.15407/meteorology2025.07.043,,,SOLVING HYDROGEOLOGICAL PROBLEMS IN THE CONTEXT OF ASSESSING RESOURCE LOSSES AND THE FEASIBILITY OF RESTORATION OF THE KAKHOVKA RESERVOIR,2025,Метеорологія. Гідрологія. Моніторинг довкілля.,S1_kakhovka_status_quo,T02;T03;T19,not open access,data/literature/pdf_missing/10.15407_meteorology2025.07.043.pdf
1,10.59015/wilj.oyho4808,https://doi.org/10.59015/wilj.oyho4808,,,"Ecocide in Armed Conflict: Legal, Ethical, and Jurisdictional Implications of the Kakhovka Dam Destruction under International Criminal Law",2025,Wisconsin International Law Journal,S1_kakhovka_status_quo,T02;T03;T19,not open access,data/literature/pdf_missing/10.59015_wilj.oyho4808.pdf
1,10.30836/igs.2522-9753.2025.343421,https://doi.org/10.30836/igs.2522-9753.2025.343421,,,FEATURES OF THE TECHNOLOGY FOR MONITORING THE CHEMICAL STATUS OF GROUNDWATER IN THE LOWER DNIPRO SUB-BASIN AND IN THE AREA AFFECTED BY THE KAKHOVKA RESERVOIR,2025,Collection of Scientific Works of the Institute of Geological Sciences of the NAS of Ukraine,S1_kakhovka_status_quo,T02;T03;T19,OA but OpenAlex has no PDF link,data/literature/pdf_missing/10.30836_igs.2522-9753.2025.343421.pdf
1,10.30836/igs.2522-9753.2025.343914,https://doi.org/10.30836/igs.2522-9753.2025.343914,,,MATHEMATICAL HYDROGEOLOGICAL MODEL OF THE IMPACT ZONE OF THE DESTROYED KAKHOVKA RESERVOIR AS AN INNOVATIVE TOOL FOR MONITORING AND MANAGING REGIONAL WATER RESOURCES,2025,Collection of Scientific Works of the Institute of Geological Sciences of the NAS of Ukraine,S1_kakhovka_status_quo,T02;T03;T19,OA but OpenAlex has no PDF link,data/literature/pdf_missing/10.30836_igs.2522-9753.2025.343914.pdf
1,10.18523/2617-4529.2025.8.70-80,https://doi.org/10.18523/2617-4529.2025.8.70-80,,,Initial stages of formation of floodplain forests of the bottom of the Kakhovка reservoir and forecast of their development,2025,NaUKMA Research Papers Biology and Ecology,S1_kakhovka_status_quo,T02;T03;T19,OA but OpenAlex has no PDF link,data/literature/pdf_missing/10.18523_2617-4529.2025.8.70-80.pdf
1,10.53368/ep70milbr01,https://doi.org/10.53368/ep70milbr01,,,Ecocidio en el contexto de la invasión rusa de Ucrania: patrones bibliométricos y casos de estudio de daño ambiental,2025,Ecología política,S1_kakhovka_status_quo,T02;T03;T19,not open access,data/literature/pdf_missing/10.53368_ep70milbr01.pdf
1,10.31721/2306-5451-2025-2-23-89-103,https://doi.org/10.31721/2306-5451-2025-2-23-89-103,"https://journal-knu.com.ua/web/uploads/pdf/Journal of Kryvyi Rih National University, Vol 23, No 2, 2025-89-103.pdf",journal-knu.com.ua,Information and analytical support for the management of threat risks during combat operations,2025,Jornal of Kryvyi Rih National University,S1_kakhovka_status_quo,T02;T03;T19,HTTP 404,data/literature/pdf_missing/10.31721_2306-5451-2025-2-23-89-103.pdf
1,10.5281/zenodo.17679949,https://doi.org/10.5281/zenodo.17679949,,,"Environmental Consequences of War: What Are the Ecological and Geographic Consequences of Military Activities in Ukraine's Industrial and Agricultural Regions, particularly in the Donbas and Southern Steppe Zones?",2025,Zenodo (CERN European Organization for Nuclear Research),S1_kakhovka_status_quo,T02;T03;T19,OA but OpenAlex has no PDF link,data/literature/pdf_missing/10.5281_zenodo.17679949.pdf
1,10.1093/eurpub/ckaf161.1053,https://doi.org/10.1093/eurpub/ckaf161.1053,https://academic.oup.com/eurpub/article-pdf/35/Supplement_4/ckaf161.1053/64947613/ckaf161.1053.pdf,academic.oup.com,"Enhancing the resilience of water, sanitation and hygiene services in conflict settings",2025,European Journal of Public Health,S1_kakhovka_status_quo,T02;T03;T19,blocked (HTTP 403),data/literature/pdf_missing/10.1093_eurpub_ckaf161.1053.pdf
1,10.15421/032510,https://doi.org/10.15421/032510,,,Ecological and structural transformation of floodplain forests of Khortytsia island under post-catastrophic disruption of the hydrological regime,2025,Ecology and Noospherology,S1_kakhovka_status_quo,T02;T03;T19,OA but OpenAlex has no PDF link,data/literature/pdf_missing/10.15421_032510.pdf
1,10.1016/j.ijdrr.2025.105837,https://doi.org/10.1016/j.ijdrr.2025.105837,,,The new normal: Nuclear facilities as military targets. Establishing operational criteria to enable large-scale operations by crisis and disaster management organisations,2025,International Journal of Disaster Risk Reduction,S1_kakhovka_status_quo,T02;T03;T19,OA but OpenAlex has no PDF link,data/literature/pdf_missing/10.1016_j.ijdrr.2025.105837.pdf
1,10.5281/zenodo.17964746,https://doi.org/10.5281/zenodo.17964746,,,"FROM KURSK TO MARYINO: EVIDENCE FOR COORDINATED RUSSIAN LEADERSHIP TRANSITION FOLLOWING ELITE CONSENSUS A Systematic Analysis of Putin's Death or Incapacitation on November 20, 2024",2025,Zenodo (CERN European Organization for Nuclear Research),S1_kakhovka_status_quo,T02;T03;T19,OA but OpenAlex has no PDF link,data/literature/pdf_missing/10.5281_zenodo.17964746.pdf
1,10.1186/s12995-023-00398-y,https://doi.org/10.1186/s12995-023-00398-y,https://occup-med.biomedcentral.com/counter/pdf/10.1186/s12995-023-00398-y,occup-med.biomedcentral.com,The environmental health impacts of Russia’s war on Ukraine,2024,Journal of Occupational Medicine and Toxicology,S1_kakhovka_status_quo,T02;T03;T19,HTML page instead of PDF,data/literature/pdf_missing/10.1186_s12995-023-00398-y.pdf
1,10.1080/00207233.2024.2314859,https://doi.org/10.1080/00207233.2024.2314859,,,Ecology and economics of irrigation in the south of Ukraine following destruction of the Kakhov reservoir,2024,International Journal of Environmental Studies,S1_kakhovka_status_quo,T02;T03;T19,not open access,data/literature/pdf_missing/10.1080_00207233.2024.2314859.pdf
1,10.1016/j.wasec.2024.100182,https://doi.org/10.1016/j.wasec.2024.100182,,,Ukraine’s water security under pressure: Climate change and wartime,2024,Water Security,S1_kakhovka_status_quo,T02;T03;T19,OA but OpenAlex has no PDF link,data/literature/pdf_missing/10.1016_j.wasec.2024.100182.pdf
1,10.1038/s41559-024-02373-0,https://doi.org/10.1038/s41559-024-02373-0,,,A rapid environmental risk assessment of the Kakhovka Dam breach during the Ukraine conflict,2024,Nature Ecology & Evolution,S1_kakhovka_status_quo,T02;T03;T19,not open access,data/literature/pdf_missing/10.1038_s41559-024-02373-0.pdf
1,10.12911/22998993/187961,https://doi.org/10.12911/22998993/187961,,,Natural and Climatic Transformation of the Kakhovka Reservoir after the Destruction of the Dam,2024,Journal of Ecological Engineering,S1_kakhovka_status_quo,T02;T03;T19,OA but OpenAlex has no PDF link,data/literature/pdf_missing/10.12911_22998993_187961.pdf
1,10.5194/hess-28-2651-2024,https://doi.org/10.5194/hess-28-2651-2024,,,The development of an operational system for estimating irrigation water use reveals socio-political dynamics in Ukraine,2024,Hydrology and earth system sciences,S1_kakhovka_status_quo,T02;T03;T19,OA but OpenAlex has no PDF link,data/literature/pdf_missing/10.5194_hess-28-2651-2024.pdf
1,10.1080/00207233.2024.2320033,https://doi.org/10.1080/00207233.2024.2320033,,,The destruction of the Kakhovka dam and the future of the Kakhovske reservoir,2024,International Journal of Environmental Studies,S1_kakhovka_status_quo,T02;T03;T19,not open access,data/literature/pdf_missing/10.1080_00207233.2024.2320033.pdf
1,10.1080/00207233.2024.2314890,https://doi.org/10.1080/00207233.2024.2314890,,,Loss of fisheries from destruction of the Kakhovka reservoir,2024,International Journal of Environmental Studies,S1_kakhovka_status_quo,T02;T03;T19,not open access,data/literature/pdf_missing/10.1080_00207233.2024.2314890.pdf
1,10.1038/s43247-024-01397-5,https://doi.org/10.1038/s43247-024-01397-5,,,Pre-failure operational anomalies of the Kakhovka Dam revealed by satellite data,2024,Communications Earth & Environment,S1_kakhovka_status_quo,T02;T03;T19,OA but OpenAlex has no PDF link,data/literature/pdf_missing/10.1038_s43247-024-01397-5.pdf
1,10.12912/27197050/192154,https://doi.org/10.12912/27197050/192154,,,The Impact of the Russian Armed Aggression on the Condition of the Water Area of the Dnipro-Buh Estuary System,2024,Ecological Engineering & Environmental Technology,S1_kakhovka_status_quo,T02;T03;T19,OA but OpenAlex has no PDF link,data/literature/pdf_missing/10.12912_27197050_192154.pdf
1,10.26565/2410-7360-2024-61-32,https://doi.org/10.26565/2410-7360-2024-61-32,,,Ecological consequences of the catastrophic destruction of the Kakhovka reservoir dam,2024,Visnyk of V N Karazin Kharkiv National University series Geology Geography Ecology,S1_kakhovka_status_quo,T02;T03;T19,OA but OpenAlex has no PDF link,data/literature/pdf_missing/10.26565_2410-7360-2024-61-32.pdf
1,10.2478/jlecol-2024-0008,https://doi.org/10.2478/jlecol-2024-0008,,,The Impact of the Kakhovka Dam Destruction on the Water Temperature in the Lower Reaches of the Dnipro River and the Former Kakhovske Reservoir,2024,Journal of Landscape Ecology,S1_kakhovka_status_quo,T02;T03;T19,OA but OpenAlex has no PDF link,data/literature/pdf_missing/10.2478_jlecol-2024-0008.pdf
1,10.1016/j.scib.2024.03.038,https://doi.org/10.1016/j.scib.2024.03.038,,,Multifaceted impacts of Ukraine’s Kakhovka Dam destruction,2024,中国科学通报：英文版,S1_kakhovka_status_quo,T02;T03;T19,OA but OpenAlex has no PDF link,data/literature/pdf_missing/10.1016_j.scib.2024.03.038.pdf
1,10.33002/jelp040104,https://doi.org/10.33002/jelp040104,,,Environmental Consequences of the Kakhovka H.P.P. Destruction in Ukraine: Challenge and Opportunity for International Justice,2024,Journal of Environmental Law & Policy,S1_kakhovka_status_quo,T02;T03;T19,OA but OpenAlex has no PDF link,data/literature/pdf_missing/10.33002_jelp040104.pdf
1,10.1093/jicj/mqae004,https://doi.org/10.1093/jicj/mqae004,,,Environmental Damage in Ukraine as Environmental War Crime under the Rome Statute,2024,Journal of International Criminal Justice,S1_kakhovka_status_quo,T02;T03;T19,not open access,data/literature/pdf_missing/10.1093_jicj_mqae004.pdf
1,10.1615/hydrobj.v60.i5.40,https://doi.org/10.1615/hydrobj.v60.i5.40,,,Fish Species of the Red Data Book of Ukraine in the Dnieper-Bug Estuary and the Lower Dnieper in the Modern Period,2024,Hydrobiological Journal,S1_kakhovka_status_quo,T02;T03;T19,not open access,data/literature/pdf_missing/10.1615_hydrobj.v60.i5.40.pdf
1,10.31338/2544-3135.si.2024-103.4,https://doi.org/10.31338/2544-3135.si.2024-103.4,,,THE USE OF WATER AS A WEAPON UNDER INTERNATIONAL HUMANITARIAN LAW WITH SPECIAL EMPHASIS ON THE DESTRUCTION OF THE NOVA KAKHOVKA DAM,2024,Studia Iuridica,S1_kakhovka_status_quo,T02;T03;T19,OA but OpenAlex has no PDF link,data/literature/pdf_missing/10.31338_2544-3135.si.2024-103.4.pdf
1,10.2139/ssrn.4807657,https://doi.org/10.2139/ssrn.4807657,,,Bacteriological Pollution in the Black Sea Coastal Waters after the Destruction of Kakhovka Hydroelectric Power Plant Dam,2024,SSRN Electronic Journal,S1_kakhovka_status_quo,T02;T03;T19,OA but OpenAlex has no PDF link,data/literature/pdf_missing/10.2139_ssrn.4807657.pdf
1,10.15407/alg34.02.104,https://doi.org/10.15407/alg34.02.104,,,Reaction of planktonic and benthic algae in the Black Sea to the consequences of the destruction of the Kakhovska Reservoir dam on the Dnipro River (Ukraine),2024,Algologia,S1_kakhovka_status_quo,T02;T03;T19,OA but OpenAlex has no PDF link,data/literature/pdf_missing/10.15407_alg34.02.104.pdf
1,10.3390/su16031097,https://doi.org/10.3390/su16031097,https://www.mdpi.com/2071-1050/16/3/1097/pdf?version=1706343467,www.mdpi.com,Application of Granular Microbial Preparation and Silicon Dioxide Analcime for Bioremediation of Ecocide Areas,2024,Sustainability,S1_kakhovka_status_quo,T02;T03;T19,HTML page instead of PDF,data/literature/pdf_missing/10.3390_su16031097.pdf
1,10.33730/2077-4893.1.2024.299939,https://doi.org/10.33730/2077-4893.1.2024.299939,,,Content of heavy metals in bottom sediments of drained Kakhovka Reservoir,2024,Agroecological journal,S1_kakhovka_status_quo,T02;T03;T19,OA but OpenAlex has no PDF link,data/literature/pdf_missing/10.33730_2077-4893.1.2024.299939.pdf
1,10.15407/meteorology2024.05.027,https://doi.org/10.15407/meteorology2024.05.027,,,"OVERVIEW OF THE RESULTS OF RESEARCH OF RADIOACTIVE CONTAMINATION OF THE KAKHOVKA RESERVOIR, WHICH WERE CONDUCTED AFTER THE ACCIDENT AT THE CHERNOBYL NPP (1986-1921)",2024,Метеорологія. Гідрологія. Моніторинг довкілля.,S1_kakhovka_status_quo,T02;T03;T19,not open access,data/literature/pdf_missing/10.15407_meteorology2024.05.027.pdf
1,10.15544/mts.2024.24,https://doi.org/10.15544/mts.2024.24,,,ENVIRONMENTAL AND ECONOMIC DAMAGE TO AGRICULTURE AS A RESULT OF THE EXPLOSION OF THE KAHOVSKA HYDROELECTRICAL STATION,2024,Management Theory and Studies for Rural Business and Infrastructure Development,S1_kakhovka_status_quo,T02;T03;T19,OA but OpenAlex has no PDF link,data/literature/pdf_missing/10.15544_mts.2024.24.pdf
1,10.22541/au.170602276.61445368/v1,https://doi.org/10.22541/au.170602276.61445368/v1,https://www.authorea.com/doi/pdf/10.22541/au.170602276.61445368,www.authorea.com,Can a tragic war event provide ecological benefits to threatened fish species?,2024,,S1_kakhovka_status_quo,T02;T03;T19,blocked (HTTP 403),data/literature/pdf_missing/10.22541_au.170602276.61445368_v1.pdf
1,10.21203/rs.3.rs-4480879/v1,https://doi.org/10.21203/rs.3.rs-4480879/v1,,,Assessment of water needs in the lower Dnipro sub-basin following the destruction of the Kakhovka Reservoir,2024,Research Square,S1_kakhovka_status_quo,T02;T03;T19,OA but OpenAlex has no PDF link,data/literature/pdf_missing/10.21203_rs.3.rs-4480879_v1.pdf
1,10.1163/15718107-bja10094,https://doi.org/10.1163/15718107-bja10094,,,Mission Impossible,2024,Nordic Journal of International Law,S1_kakhovka_status_quo,T02;T03;T19,not open access,data/literature/pdf_missing/10.1163_15718107-bja10094.pdf
1,10.33196/ealr202401013501,https://doi.org/10.33196/ealr202401013501,,,War and Environment: What role does international humanitarian law play in the context of environmental protection?,2024,ELSA Austria Law Review,S1_kakhovka_status_quo,T02;T03;T19,OA but OpenAlex has no PDF link,data/literature/pdf_missing/10.33196_ealr202401013501.pdf
1,10.24425/pyil.2024.152301,https://doi.org/10.24425/pyil.2024.152301,https://sfera.unife.it/bitstream/11392/2571530/1/PROSECUTING%20INDIVIDUALS.pdf,sfera.unife.it,Prosecuting Individuals for Environmental Harm in the Armed Conflict Between Russia and Ukraine: The Case of Destruction of the Kakhovka Dam,2024,Polish Yearbook of International Law,S1_kakhovka_status_quo,T02;T03;T19,blocked (HTTP 403),data/literature/pdf_missing/10.24425_pyil.2024.152301.pdf
1,10.32347/2411-4049.2024.4.145-156,https://doi.org/10.32347/2411-4049.2024.4.145-156,,,Geographic information technologies for research ecosystem of Khortytsa island at state of war,2024,Environmental Safety and Natural Resources,S1_kakhovka_status_quo,T02;T03;T19,OA but OpenAlex has no PDF link,data/literature/pdf_missing/10.32347_2411-4049.2024.4.145-156.pdf
1,10.15407/meteorology2024.05.039,https://doi.org/10.15407/meteorology2024.05.039,https://eur-lex.europa.eu/legal-content/EN/TXT/PDF/?uri=CELEX:02000L0060-20140101&from=EN,eur-lex.europa.eu,DEFINITION OF THE NATURALIZED FLOW OF THE DNIPRO USING THE RESTORATION METHOD,2024,Метеорологія. Гідрологія. Моніторинг довкілля.,S1_kakhovka_status_quo,T02;T03;T19,HTTP 202,data/literature/pdf_missing/10.15407_meteorology2024.05.039.pdf
1,10.1080/02508060.2023.2247679,https://doi.org/10.1080/02508060.2023.2247679,,,The destruction of the Kakhovka dam and its consequences,2023,Water International,S1_kakhovka_status_quo,T02;T03;T19,not open access,data/literature/pdf_missing/10.1080_02508060.2023.2247679.pdf
1,10.32347/2524-0021.2023.44.71-80,https://doi.org/10.32347/2524-0021.2023.44.71-80,,,The impact of destruction of the Kakhovka dam on the environmental status of the Odesa area of the Black Sea,2023,Problems of Water supply Sewerage and Hydraulic,S1_kakhovka_status_quo,T02;T03;T19,OA but OpenAlex has no PDF link,data/literature/pdf_missing/10.32347_2524-0021.2023.44.71-80.pdf
1,10.47143/1684-1557/2023.1-2.6,https://doi.org/10.47143/1684-1557/2023.1-2.6,,,REACTION OF THE MARINE ECOSYSTEM TO THE CONSEQUENCES OF DESTRUCTION OF THE KAKHOVKA RESERVOIR DAM,2023,Морський екологічний журнал,S1_kakhovka_status_quo,T02;T03;T19,OA but OpenAlex has no PDF link,data/literature/pdf_missing/10.47143_1684-1557_2023.1-2.6.pdf
1,10.23939/ep2023.04.231,https://doi.org/10.23939/ep2023.04.231,,,ANALYSIS OF SURFACE WATER QUALITY INDICATORS IN THE DNIPRO-BUG ESTUARY REGION IN THE FIRST MONTHS AFTER THE DESTRUCTION OF THE KAKHOVKA HYDROELECTRIC POWER STATION DAM,2023,Environmental Problems,S1_kakhovka_status_quo,T02;T03;T19,OA but OpenAlex has no PDF link,data/literature/pdf_missing/10.23939_ep2023.04.231.pdf
1,10.5194/egusphere-2023-2479,https://doi.org/10.5194/egusphere-2023-2479,,,The development of an operational system for estimating irrigation water use reveals socio-political dynamics in Ukraine,2023,,S1_kakhovka_status_quo,T02;T03;T19,OA but OpenAlex has no PDF link,data/literature/pdf_missing/10.5194_egusphere-2023-2479.pdf
1,10.1111/jfr3.12960,https://doi.org/10.1111/jfr3.12960,https://onlinelibrary.wiley.com/doi/pdfdirect/10.1111/jfr3.12960,onlinelibrary.wiley.com,Flood risks from failure of infrastructure,2023,Journal of Flood Risk Management,S1_kakhovka_status_quo,T02;T03;T19,blocked (HTTP 403),data/literature/pdf_missing/10.1111_jfr3.12960.pdf
1,10.1016/s0262-4079(23)01021-7,https://doi.org/10.1016/s0262-4079(23)01021-7,,,Kakhovka dam in Ukraine bursts,2023,The New Scientist,S1_kakhovka_status_quo,T02;T03;T19,not open access,data/literature/pdf_missing/10.1016_s0262-4079(23)01021-7.pdf
1,10.30890/2709-2313.2024-27-00-028,https://doi.org/10.30890/2709-2313.2024-27-00-028,https://desymp.promonograph.org/index.php/sge/article/download/sge27-00-028/1756,desymp.promonograph.org,CHANGES IN THE KEY HYDROLOGICAL FACTORS OF THE LOWER REACHES OF THE DNIEPER WATER ECOSYSTEMS FUNCTIONING AFTER THE KAKHOVKA HYDROELECTRIC POWER STATION DAM WAS DESTROYED,2023,European Science,S1_kakhovka_status_quo,T02;T03;T19,blocked (HTTP 403),data/literature/pdf_missing/10.30890_2709-2313.2024-27-00-028.pdf
1,10.32782/infrastruct75-29,https://doi.org/10.32782/infrastruct75-29,https://doi.org/10.32782/infrastruct75-29,doi.org,ANALYSIS OF ENVIRONMENTAL AND ECONOMIC CONSEQUENCES OF THE WAR IN UKRAINE,2023,Market Infrastructure,S1_kakhovka_status_quo,T02;T03;T19,blocked (HTTP 403),data/literature/pdf_missing/10.32782_infrastruct75-29.pdf
1,10.21557/dsp.86824866,https://doi.org/10.21557/dsp.86824866,,,Kakhovka Dam Breach Changes Ukraine Landscape,2023,Current Digest of the Russian Press The,S1_kakhovka_status_quo,T02;T03;T19,not open access,data/literature/pdf_missing/10.21557_dsp.86824866.pdf
1,10.33644/2313-6679-3-2023-6,https://doi.org/10.33644/2313-6679-3-2023-6,http://journal-niisk.com/index.php/scienceandconstruction/article/download/228/205,journal-niisk.com,CONCRETE AND REINFORCED CONCRETE DAMS UNDER DESIGN OPERATING CONDITIONS. SAFETY REQUIREMENTS,2023,Science and construction,S1_kakhovka_status_quo,T02;T03;T19,HTML page instead of PDF,data/literature/pdf_missing/10.33644_2313-6679-3-2023-6.pdf
1,10.18524/2303-9914.2022.2(41).268700,https://doi.org/10.18524/2303-9914.2022.2(41).268700,,,SOME ASPECTS OF THE LATEST FLOODING IN THE KHERSON REGION,2023,Odesa National University Herald Geography and Geology,S1_kakhovka_status_quo,T02;T03;T19,OA but OpenAlex has no PDF link,data/literature/pdf_missing/10.18524_2303-9914.2022.2(41).268700.pdf
1,10.5281/zenodo.8266046,https://doi.org/10.5281/zenodo.8266046,https://zenodo.org/record/8266046,zenodo.org,ENVIRONMENTAL AND CHEMICAL ASSESSMENT OF THE CONDITION OF THE ENVIRONMENT AFTER THE EXPLOSION OF THE KAHOVSKY HYDROELECTRIC POWER STATIONS,2023,Zenodo (CERN European Organization for Nuclear Research),S1_kakhovka_status_quo,T02;T03;T19,HTML page instead of PDF,data/literature/pdf_missing/10.5281_zenodo.8266046.pdf
1,10.15421/112019,https://doi.org/10.15421/112019,https://geology-dnu.dp.ua/index.php/GG/article/download/677/589,geology-dnu.dp.ua,Use of remote sensing data to study ice cover in the Dnipro Reservoirs,2020,Journal of Geology Geography and Geoecology,S1_kakhovka_status_quo,T02;T03;T19,HTTP 429,data/literature/pdf_missing/10.15421_112019.pdf
1,10.15407/archaeologyua2017.04.120,https://doi.org/10.15407/archaeologyua2017.04.120,,,Vytautas Tower According to Modern Photogrammetric Studies,2017,Arheologia,S1_kakhovka_status_quo,T02;T03;T19,OA but OpenAlex has no PDF link,data/literature/pdf_missing/10.15407_archaeologyua2017.04.120.pdf
1,10.1515/vzoo-2017-0009,https://doi.org/10.1515/vzoo-2017-0009,https://zenodo.org/record/6454032,zenodo.org,Possible Ways of Development of the Breeding Bird Communities of the Lower Dnipro,2017,Vestnik Zoologii,S1_kakhovka_status_quo,T02;T03;T19,HTML page instead of PDF,data/literature/pdf_missing/10.1515_vzoo-2017-0009.pdf
2,10.1029/2024gl114084,https://doi.org/10.1029/2024gl114084,https://openresearch-repository.anu.edu.au/bitstreams/227c0174-3f7a-461e-8216-ba109e02fc0e/download,openresearch-repository.anu.edu.au,Assessing the Accuracy of SWOT Measurements of Water Bodies in Australia,2025,Geophysical Research Letters,S2_altimetry_vertical_datum,T05;T07;T08;T09;T10;T11,HTML page instead of PDF,data/literature/pdf_missing/10.1029_2024gl114084.pdf
2,10.1029/2023gl107652,https://doi.org/10.1029/2023gl107652,https://onlinelibrary.wiley.com/doi/pdfdirect/10.1029/2023GL107652,onlinelibrary.wiley.com,The Surface Water and Ocean Topography Mission: A Breakthrough in Radar Remote Sensing of the Ocean and Land Surface Water,2024,Geophysical Research Letters,,T01;T02;T03;T04;T05;T06;T07;T11;T21,blocked (HTTP 403),data/literature/pdf_missing/10.1029_2023gl107652.pdf
2,10.1029/2023wr036428,https://doi.org/10.1029/2023wr036428,https://onlinelibrary.wiley.com/doi/pdfdirect/10.1029/2023WR036428,onlinelibrary.wiley.com,Hydraulic River Models From ICESat‐2 Elevation and Water Surface Slope,2024,Water Resources Research,S2_altimetry_vertical_datum;S4_historical_data_as_validation,T01;T05;T06;T08;T09;T10;T11;T15;T16;T17;T18,blocked (HTTP 403),data/literature/pdf_missing/10.1029_2023wr036428.pdf
2,10.1029/2021wr031614,https://doi.org/10.1029/2021wr031614,https://onlinelibrary.wiley.com/doi/pdfdirect/10.1029/2021WR031614,onlinelibrary.wiley.com,A Framework for Estimating Global River Discharge From the Surface Water and Ocean Topography Satellite Mission,2023,Water Resources Research,S2_altimetry_vertical_datum;S4_historical_data_as_validation,T01;T03;T04;T05;T06;T07;T08;T09;T10;T11;T15;T16;T17;T18;T20,blocked (HTTP 403),data/literature/pdf_missing/10.1029_2021wr031614.pdf
2,10.1007/s10712-022-09700-9,https://doi.org/10.1007/s10712-022-09700-9,https://link.springer.com/content/pdf/10.1007/s10712-022-09700-9.pdf,link.springer.com,Water Resources in Africa under Global Change: Monitoring Surface Waters from Space,2022,Surveys in Geophysics,S2_altimetry_vertical_datum;S4_historical_data_as_validation,T01;T02;T03;T04;T05;T06;T07;T08;T09;T10;T11;T15;T16;T17;T18;T19;T20;T21;T22,HTML page instead of PDF,data/literature/pdf_missing/10.1007_s10712-022-09700-9.pdf
2,10.1029/2022wr032842,https://doi.org/10.1029/2022wr032842,https://onlinelibrary.wiley.com/doi/pdfdirect/10.1029/2022WR032842,onlinelibrary.wiley.com,ICESat‐2 Based River Surface Slope and Its Impact on Water Level Time Series From Satellite Altimetry,2022,Water Resources Research,S2_altimetry_vertical_datum;S4_historical_data_as_validation,T01;T03;T04;T05;T06;T07;T08;T09;T10;T11;T15;T16;T17;T18;T19;T20,blocked (HTTP 403),data/literature/pdf_missing/10.1029_2022wr032842.pdf
2,10.1029/2021rg000740,https://doi.org/10.1029/2021rg000740,https://onlinelibrary.wiley.com/doi/pdfdirect/10.1029/2021RG000740,onlinelibrary.wiley.com,Surface Water and Groundwater Interactions in Salt Marshes and Their Impact on Plant Ecology and Coastal Biogeochemistry,2022,Reviews of Geophysics,,T01;T02;T03;T04;T15;T21;T23,blocked (HTTP 403),data/literature/pdf_missing/10.1029_2021rg000740.pdf
2,10.1029/2020rg000730,https://doi.org/10.1029/2020rg000730,https://onlinelibrary.wiley.com/doi/pdfdirect/10.1029/2020RG000730,onlinelibrary.wiley.com,Climate Changes and Their Elevational Patterns in the Mountains of the World,2022,Reviews of Geophysics,,T04;T05;T18;T22;T24,blocked (HTTP 403),data/literature/pdf_missing/10.1029_2020rg000730.pdf
2,10.1029/2022rg000777,https://doi.org/10.1029/2022rg000777,https://onlinelibrary.wiley.com/doi/pdfdirect/10.1029/2022RG000777,onlinelibrary.wiley.com,"Satellite Remote Sensing of Global Land Surface Temperature: Definition, Methods, Products, and Applications",2022,Reviews of Geophysics,S4_historical_data_as_validation,T04;T13;T15;T16;T17;T18;T24,blocked (HTTP 403),data/literature/pdf_missing/10.1029_2022rg000777.pdf
2,10.1007/s10712-021-09685-x,https://doi.org/10.1007/s10712-021-09685-x,https://link.springer.com/content/pdf/10.1007/s10712-021-09685-x.pdf,link.springer.com,Applications and Challenges of GRACE and GRACE Follow-On Satellite Gravimetry,2022,Surveys in Geophysics,S2_altimetry_vertical_datum;S4_historical_data_as_validation,T05;T08;T09;T10;T11;T13;T15;T16;T17;T18;T24,HTML page instead of PDF,data/literature/pdf_missing/10.1007_s10712-021-09685-x.pdf
2,10.3390/w13192660,https://doi.org/10.3390/w13192660,https://www.mdpi.com/2073-4441/13/19/2660/pdf?version=1632728325,www.mdpi.com,Various Natural and Anthropogenic Factors Responsible for Water Quality Degradation: A Review,2021,Water,,T01;T02;T03;T04;T06;T19;T21,HTML page instead of PDF,data/literature/pdf_missing/10.3390_w13192660.pdf
2,10.3390/rs13204162,https://doi.org/10.3390/rs13204162,https://www.mdpi.com/2072-4292/13/20/4162/pdf?version=1634546851,www.mdpi.com,Surface Water Storage in Rivers and Wetlands Derived from Satellite Observations: A Review of Current Advances and Future Opportunities for Hydrological Sciences,2021,Remote Sensing,S4_historical_data_as_validation,T01;T05;T07;T15;T16;T17;T18;T19;T20;T21,HTML page instead of PDF,data/literature/pdf_missing/10.3390_rs13204162.pdf
2,10.3390/rs13183581,https://doi.org/10.3390/rs13183581,https://www.mdpi.com/2072-4292/13/18/3581/pdf?version=1631165818,www.mdpi.com,Digital Elevation Models: Terminology and Definitions,2021,Remote Sensing,S2_altimetry_vertical_datum;S4_historical_data_as_validation,T08;T09;T10;T11;T15;T16;T17;T18;T19;T20,HTML page instead of PDF,data/literature/pdf_missing/10.3390_rs13183581.pdf
2,10.1016/j.asr.2021.01.022,https://doi.org/10.1016/j.asr.2021.01.022,https://insu.hal.science/insu-03215002/document,insu.hal.science,Altimetry for the future: Building on 25 years of progress,2021,Advances in Space Research,S2_altimetry_vertical_datum;S4_historical_data_as_validation,T05;T07;T08;T09;T10;T11;T14;T15;T16;T17;T18,HTML page instead of PDF,data/literature/pdf_missing/10.1016_j.asr.2021.01.022.pdf
2,10.1029/2020rg000728,https://doi.org/10.1029/2020rg000728,https://onlinelibrary.wiley.com/doi/pdfdirect/10.1029/2020RG000728,onlinelibrary.wiley.com,Amazon Hydrology From Space: Scientific Advances and Future Challenges,2021,Reviews of Geophysics,S2_altimetry_vertical_datum;S4_historical_data_as_validation,T04;T05;T07;T08;T09;T10;T11;T15;T16;T17;T18;T20,blocked (HTTP 403),data/literature/pdf_missing/10.1029_2020rg000728.pdf
2,10.3390/rs13112196,https://doi.org/10.3390/rs13112196,https://www.mdpi.com/2072-4292/13/11/2196/pdf?version=1622805938,www.mdpi.com,Evaluation of the Performances of Radar and Lidar Altimetry Missions for Water Level Retrievals in Mountainous Environment: The Case of the Swiss Lakes,2021,Remote Sensing,S2_altimetry_vertical_datum,T06;T08;T09;T10;T11;T13;T14,HTML page instead of PDF,data/literature/pdf_missing/10.3390_rs13112196.pdf
2,10.1029/2019rg000672,https://doi.org/10.1029/2019rg000672,https://onlinelibrary.wiley.com/doi/pdfdirect/10.1029/2019RG000672,onlinelibrary.wiley.com,Understanding of Contemporary Regional Sea‐Level Change and the Implications for the Future,2020,Reviews of Geophysics,,T04;T09;T11;T15;T17;T18;T24,blocked (HTTP 403),data/literature/pdf_missing/10.1029_2019rg000672.pdf
2,10.3390/w12092347,https://doi.org/10.3390/w12092347,https://www.mdpi.com/2073-4441/12/9/2347/pdf?version=1598001351,www.mdpi.com,Water Supply and Water Scarcity,2020,Water,,T04;T12;T15;T21,HTML page instead of PDF,data/literature/pdf_missing/10.3390_w12092347.pdf
2,10.1073/pnas.2001403117,https://doi.org/10.1073/pnas.2001403117,https://www.pnas.org/doi/full/10.1073/pnas.2001403117,www.pnas.org,Land use and climate change impacts on global soil erosion by water (2015-2070),2020,Proceedings of the National Academy of Sciences,,T01;T02;T03;T12,blocked (HTTP 403),data/literature/pdf_missing/10.1073_pnas.2001403117.pdf
2,10.3390/rs12091514,https://doi.org/10.3390/rs12091514,https://www.mdpi.com/2072-4292/12/9/1514/pdf?version=1589028718,www.mdpi.com,An UAV and Satellite Multispectral Data Approach to Monitor Water Quality in Small Reservoirs,2020,Remote Sensing,,T01;T02;T04;T12;T21,HTML page instead of PDF,data/literature/pdf_missing/10.3390_rs12091514.pdf
2,10.1029/2018rg000626,https://doi.org/10.1029/2018rg000626,https://agupubs.onlinelibrary.wiley.com/doi/pdfdirect/10.1029/2018RG000626,agupubs.onlinelibrary.wiley.com,"Earthquake‐Induced Chains of Geologic Hazards: Patterns, Mechanisms, and Impacts",2019,Reviews of Geophysics,S3_hydraulic_transition_from_space,T02;T03;T04;T10;T11;T15;T19;T20;T22;T23,blocked (HTTP 403),data/literature/pdf_missing/10.1029_2018rg000626.pdf
2,10.1002/esp.4787,https://doi.org/10.1002/esp.4787,https://onlinelibrary.wiley.com/doi/pdfdirect/10.1002/esp.4787,onlinelibrary.wiley.com,Remotely sensed rivers in the Anthropocene: state of the art and prospects,2019,Earth Surface Processes and Landforms,S2_altimetry_vertical_datum;S4_historical_data_as_validation,T02;T03;T08;T09;T10;T11;T15;T16;T17;T18;T20;T23;T24,blocked (HTTP 403),data/literature/pdf_missing/10.1002_esp.4787.pdf
2,10.1016/j.enggeo.2019.105267,https://doi.org/10.1016/j.enggeo.2019.105267,https://www.sciencedirect.com/science/article/pii/S0013795219315789/pdf,www.sciencedirect.com,"Geohazards in the three Gorges Reservoir Area, China – Lessons learned from decades of research",2019,Engineering Geology,,T01;T02;T04;T16;T19;T21,blocked (HTTP 403),data/literature/pdf_missing/10.1016_j.enggeo.2019.105267.pdf
2,10.1016/j.rse.2019.111366,https://doi.org/10.1016/j.rse.2019.111366,https://www.sciencedirect.com/science/article/am/pii/S0034425719303852?via%3Dihub,www.sciencedirect.com,Half a century of satellite remote sensing of sea-surface temperature,2019,Remote Sensing of Environment,S4_historical_data_as_validation,T05;T09;T12;T15;T16;T17;T18;T21;T24,blocked (HTTP 403),data/literature/pdf_missing/10.1016_j.rse.2019.111366.pdf
2,10.3390/w11050910,https://doi.org/10.3390/w11050910,https://www.mdpi.com/2073-4441/11/5/910/pdf?version=1556786653,www.mdpi.com,A Brief Review of Random Forests for Water Scientists and Practitioners and Their Recent History in Water Resources,2019,Water,,T04;T12;T13;T19;T20;T21,HTML page instead of PDF,data/literature/pdf_missing/10.3390_w11050910.pdf
2,10.1016/j.watres.2019.02.054,https://doi.org/10.1016/j.watres.2019.02.054,https://www.sciencedirect.com/science/article/pii/S0043135419301794/pdf,www.sciencedirect.com,Microplastics in freshwaters and drinking water: Critical review and assessment of data quality,2019,Water Research,,T01;T04;T12;T15;T19,blocked (HTTP 403),data/literature/pdf_missing/10.1016_j.watres.2019.02.054.pdf
2,10.1016/j.asr.2019.08.010,https://doi.org/10.1016/j.asr.2019.08.010,https://www.sciencedirect.com/science/article/pii/S0273117719305769,www.sciencedirect.com,A coastal mean sea surface with associated errors in Norway based on new-generation altimetry,2019,Advances in Space Research,S2_altimetry_vertical_datum,T08;T09;T10;T11;T12,blocked (HTTP 403),data/literature/pdf_missing/10.1016_j.asr.2019.08.010.pdf
2,10.1111/brv.12480,https://doi.org/10.1111/brv.12480,https://onlinelibrary.wiley.com/doi/pdfdirect/10.1111/brv.12480,onlinelibrary.wiley.com,Emerging threats and persistent conservation challenges for freshwater biodiversity,2018,Biological reviews/Biological reviews of the Cambridge Philosophical Society,,T01;T02;T04;T16;T19;T21;T22;T23,blocked (HTTP 403),data/literature/pdf_missing/10.1111_brv.12480.pdf
2,10.3390/rs10101557,https://doi.org/10.3390/rs10101557,https://www.mdpi.com/2072-4292/10/10/1557/pdf?version=1538108527,www.mdpi.com,"Fifteen Years of Cal/Val Service to Reference Altimetry Missions: Calibration of Satellite Altimetry at the Permanent Facilities in Gavdos and Crete, Greece",2018,Remote Sensing,S2_altimetry_vertical_datum;S4_historical_data_as_validation,T05;T08;T09;T10;T11;T14;T15;T16;T17;T18,HTML page instead of PDF,data/literature/pdf_missing/10.3390_rs10101557.pdf
2,10.1029/2018wr023025,https://doi.org/10.1029/2018wr023025,https://agupubs.onlinelibrary.wiley.com/doi/pdfdirect/10.1029/2018WR023025,agupubs.onlinelibrary.wiley.com,High‐Resolution Modeling of Reservoir Release and Storage Dynamics at the Continental Scale,2018,Water Resources Research,S3_hydraulic_transition_from_space,T01;T02;T03;T04;T21;T23,blocked (HTTP 403),data/literature/pdf_missing/10.1029_2018wr023025.pdf
2,10.1029/2018wr023274,https://doi.org/10.1029/2018wr023274,https://agupubs.onlinelibrary.wiley.com/doi/pdfdirect/10.1029/2018WR023274,agupubs.onlinelibrary.wiley.com,"AirSWOT InSAR Mapping of Surface Water Elevations and Hydraulic Gradients Across the Yukon Flats Basin, Alaska",2018,Water Resources Research,S4_historical_data_as_validation,T06;T07;T11;T15;T16;T17;T18;T20;T21,blocked (HTTP 403),data/literature/pdf_missing/10.1029_2018wr023274.pdf
2,10.1016/j.rse.2016.12.029,https://doi.org/10.1016/j.rse.2016.12.029,https://www.sciencedirect.com/science/article/pii/S0034425716305089/pdf,www.sciencedirect.com,"The Ice, Cloud, and land Elevation Satellite-2 (ICESat-2): Science requirements, concept, and implementation",2017,Remote Sensing of Environment,S2_altimetry_vertical_datum;S4_historical_data_as_validation,T04;T05;T06;T08;T09;T10;T11;T13;T14;T15;T16;T17;T18;T20;T24,blocked (HTTP 403),data/literature/pdf_missing/10.1016_j.rse.2016.12.029.pdf
2,10.1016/j.gloenvcha.2017.01.002,https://doi.org/10.1016/j.gloenvcha.2017.01.002,https://ars.els-cdn.com/content/image/1-s2.0-S0959378017300134-fx1_lrg.jpg,ars.els-cdn.com,"Trees, forests and water: Cool insights for a hot world",2017,Global Environmental Change,,T01;T02;T03;T04;T06;T19;T20;T21,HTML page instead of PDF,data/literature/pdf_missing/10.1016_j.gloenvcha.2017.01.002.pdf
2,10.5167/uzh-139381,https://doi.org/10.5167/uzh-139381,https://www.zora.uzh.ch/id/eprint/139381/1/Scientific_Data_2017_online.pdf,www.zora.uzh.ch,Climatologies at high resolution for the earth’s land surface areas,2017,Zurich Open Repository and Archive (University of Zurich),,T03;T05;T06;T08;T10;T11;T15;T18,HTML page instead of PDF,data/literature/pdf_missing/10.5167_uzh-139381.pdf
2,10.1002/2017wr020457,https://doi.org/10.1002/2017wr020457,https://onlinelibrary.wiley.com/doi/pdfdirect/10.1002/2017WR020457,onlinelibrary.wiley.com,Dam removal: Listening in,2017,Water Resources Research,S3_hydraulic_transition_from_space,T02;T03;T19;T23,blocked (HTTP 403),data/literature/pdf_missing/10.1002_2017wr020457.pdf
2,10.1016/j.rse.2017.01.021,https://doi.org/10.1016/j.rse.2017.01.021,https://www.sciencedirect.com/science/article/pii/S0034425717300329,www.sciencedirect.com,Validation of SMAP surface soil moisture products with core validation sites,2017,Remote Sensing of Environment,S4_historical_data_as_validation,T13;T14;T15;T16;T17;T18,blocked (HTTP 403),data/literature/pdf_missing/10.1016_j.rse.2017.01.021.pdf
2,10.1016/j.jembe.2017.01.021,https://doi.org/10.1016/j.jembe.2017.01.021,https://www.sciencedirect.com/science/article/pii/S0022098117300618/pdf,www.sciencedirect.com,Effects of ocean sprawl on ecological connectivity: impacts and solutions,2017,Journal of Experimental Marine Biology and Ecology,,T19;T20;T23,blocked (HTTP 403),data/literature/pdf_missing/10.1016_j.jembe.2017.01.021.pdf
2,10.1016/j.rse.2017.08.038,https://doi.org/10.1016/j.rse.2017.08.038,https://www.sciencedirect.com/science/article/pii/S0034425717304121,www.sciencedirect.com,"Error sources and guidelines for quality assessment of glacier area, elevation change, and velocity products derived from satellite data in the Glaciers_cci project",2017,Remote Sensing of Environment,S4_historical_data_as_validation,T10;T11;T14;T15;T16;T17;T18;T24,blocked (HTTP 403),data/literature/pdf_missing/10.1016_j.rse.2017.08.038.pdf
2,10.1007/s10712-016-9362-6,https://doi.org/10.1007/s10712-016-9362-6,https://link.springer.com/content/pdf/10.1007/s10712-016-9362-6.pdf,link.springer.com,Lake Volume Monitoring from Space,2016,Surveys in Geophysics,S2_altimetry_vertical_datum;S4_historical_data_as_validation,T04;T05;T06;T08;T09;T10;T11;T15;T16;T17;T18;T20;T22,HTML page instead of PDF,data/literature/pdf_missing/10.1007_s10712-016-9362-6.pdf
2,10.1093/biosci/biw117,https://doi.org/10.1093/biosci/biw117,https://academic.oup.com/bioscience/article-pdf/66/11/949/24328291/biw117.pdf,academic.oup.com,Greenhouse Gas Emissions from Reservoir Water Surfaces: A New Global Synthesis,2016,BioScience,,T01;T02;T03;T06;T12;T19,blocked (HTTP 403),data/literature/pdf_missing/10.1093_biosci_biw117.pdf
2,10.1007/s10712-016-9392-0,https://doi.org/10.1007/s10712-016-9392-0,https://link.springer.com/content/pdf/10.1007%2Fs10712-016-9392-0.pdf,link.springer.com,Monitoring Sea Level in the Coastal Zone with Satellite Altimetry and Tide Gauges,2016,Surveys in Geophysics,S2_altimetry_vertical_datum;S4_historical_data_as_validation,T05;T08;T09;T10;T11;T14;T15;T16;T17;T18,HTML page instead of PDF,data/literature/pdf_missing/10.1007_s10712-016-9392-0.pdf
2,10.1002/2015rg000502,https://doi.org/10.1002/2015rg000502,https://agupubs.onlinelibrary.wiley.com/doi/pdfdirect/10.1002/2015RG000502,agupubs.onlinelibrary.wiley.com,Vertical land motion as a key to understanding sea level change and variability,2015,Reviews of Geophysics,S2_altimetry_vertical_datum;S4_historical_data_as_validation,T08;T09;T10;T11;T13;T15;T16;T17;T18,blocked (HTTP 403),data/literature/pdf_missing/10.1002_2015rg000502.pdf
2,10.1175/jcli-d-14-00555.1,https://doi.org/10.1175/jcli-d-14-00555.1,https://journals.ametsoc.org/downloadpdf/journals/clim/28/21/jcli-d-14-00555.1.pdf,journals.ametsoc.org,The Observed State of the Water Cycle in the Early Twenty-First Century,2015,Journal of Climate,,T04;T07;T11;T21;T22;T24,HTTP 202,data/literature/pdf_missing/10.1175_jcli-d-14-00555.1.pdf
2,10.3390/rs6064952,https://doi.org/10.3390/rs6064952,https://www.mdpi.com/2072-4292/6/6/4952/pdf?version=1403137433,www.mdpi.com,Atmospheric Corrections for Altimetry Studies over Inland Water,2014,Remote Sensing,S2_altimetry_vertical_datum;S4_historical_data_as_validation,T05;T08;T09;T10;T11;T14;T15;T16;T17;T18;T21,HTML page instead of PDF,data/literature/pdf_missing/10.3390_rs6064952.pdf
2,10.1002/esp.3635,https://doi.org/10.1002/esp.3635,https://onlinelibrary.wiley.com/doi/pdfdirect/10.1002/esp.3635,onlinelibrary.wiley.com,Sediment connectivity: a framework for understanding sediment transfer at multiple scales,2014,Earth Surface Processes and Landforms,,T19;T20;T23;T24,blocked (HTTP 403),data/literature/pdf_missing/10.1002_esp.3635.pdf
2,10.1016/j.rse.2014.02.001,https://doi.org/10.1016/j.rse.2014.02.001,https://www.sciencedirect.com/science/article/pii/S003442571400042X/pdf,www.sciencedirect.com,Landsat-8: Science and product vision for terrestrial global change research,2014,Remote Sensing of Environment,S4_historical_data_as_validation,T04;T11;T13;T15;T16;T17;T18;T24,blocked (HTTP 403),data/literature/pdf_missing/10.1016_j.rse.2014.02.001.pdf
2,10.1002/wrcr.20123,https://doi.org/10.1002/wrcr.20123,https://onlinelibrary.wiley.com/doi/pdfdirect/10.1002/wrcr.20123,onlinelibrary.wiley.com,"The Millennium Drought in southeast Australia (2001–2009): Natural and human causes and implications for water resources, ecosystems, economy, and society",2013,Water Resources Research,,T01;T02;T03;T04;T19;T20;T21,blocked (HTTP 403),data/literature/pdf_missing/10.1002_wrcr.20123.pdf
2,10.1002/esp.3302,https://doi.org/10.1002/esp.3302,https://dspace.mit.edu/bitstreams/1f7dd1b1-3a79-47e7-859d-ec490e59c46f/download,dspace.mit.edu,An integral approach to bedrock river profile analysis,2012,Earth Surface Processes and Landforms,,T01;T04;T05;T06;T10;T24,HTTP 405,data/literature/pdf_missing/10.1002_esp.3302.pdf
2,10.1029/2009jd012674,https://doi.org/10.1029/2009jd012674,https://onlinelibrary.wiley.com/doi/pdfdirect/10.1029/2009JD012674,onlinelibrary.wiley.com,"Interannual variability of surface water extent at the global scale, 1993–2004",2010,Journal of Geophysical Research Atmospheres,S2_altimetry_vertical_datum;S4_historical_data_as_validation,T04;T05;T08;T09;T10;T11;T13;T15;T16;T17;T18;T20;T21;T22,blocked (HTTP 403),data/literature/pdf_missing/10.1029_2009jd012674.pdf
2,10.1623/hysj.54.1.101,https://doi.org/10.1623/hysj.54.1.101,https://www.tandfonline.com/doi/pdf/10.1623/hysj.54.1.101?needAccess=true&role=button,www.tandfonline.com,A review of the potential impacts of climate change on surface water quality,2009,Hydrological Sciences Journal,,T03;T04;T05;T15;T19;T20;T21,blocked (HTTP 403),data/literature/pdf_missing/10.1623_hysj.54.1.101.pdf
2,10.1111/j.1365-2427.2009.02204.x,https://doi.org/10.1111/j.1365-2427.2009.02204.x,https://onlinelibrary.wiley.com/doi/pdfdirect/10.1111/j.1365-2427.2009.02204.x,onlinelibrary.wiley.com,The ecological limits of hydrologic alteration (ELOHA): a new framework for developing regional environmental flow standards,2009,Freshwater Biology,,T01;T02;T03;T19;T23,blocked (HTTP 403),data/literature/pdf_missing/10.1111_j.1365-2427.2009.02204.x.pdf
2,10.3319/tao.2008.19.1-2.1(sa),https://doi.org/10.3319/tao.2008.19.1-2.1(sa),http://tao.cgu.org.tw/index.php/articles/archive/oceanic-science/item/download/736_362824cc9b18ba26560fc439d72e093e,tao.cgu.org.tw,"A Survey of ICESat Coastal Altimetry Applications: Continental Coast, Open Ocean Island, and Inland River",2008,Terrestrial Atmospheric and Oceanic Sciences,S2_altimetry_vertical_datum;S4_historical_data_as_validation,T05;T06;T08;T09;T10;T11;T14;T15;T16;T17;T18,blocked (HTTP 403),data/literature/pdf_missing/10.3319_tao.2008.19.1-2.1(sa).pdf
2,10.1175/jcli3790.1,https://doi.org/10.1175/jcli3790.1,https://journals.ametsoc.org/downloadpdf/journals/clim/19/13/jcli3790.1.pdf,journals.ametsoc.org,Development of a 50-Year High-Resolution Global Dataset of Meteorological Forcings for Land Surface Modeling,2006,Journal of Climate,S4_historical_data_as_validation,T05;T13;T15;T16;T17;T18;T20,HTTP 202,data/literature/pdf_missing/10.1175_jcli3790.1.pdf
2,10.1175/1525-7541(2003)004<1147:tvgpcp>2.0.co;2,https://doi.org/10.1175/1525-7541(2003)004<1147:tvgpcp>2.0.co;2,https://journals.ametsoc.org/downloadpdf/journals/hydr/4/6/1525-7541_2003_004_1147_tvgpcp_2_0_co_2.pdf,journals.ametsoc.org,The Version-2 Global Precipitation Climatology Project (GPCP) Monthly Precipitation Analysis (1979–Present),2003,Journal of Hydrometeorology,S4_historical_data_as_validation,T01;T03;T13;T15;T16;T17;T18,HTTP 202,data/literature/pdf_missing/10.1175_1525-7541(2003)004<1147:tvgpcp>2.0.co;2.pdf
2,10.1175/1520-0442(2002)015<3237:althbd>2.0.co;2,https://doi.org/10.1175/1520-0442(2002)015<3237:althbd>2.0.co;2,https://journals.ametsoc.org/downloadpdf/journals/clim/15/22/1520-0442_2002_015_3237_althbd_2.0.co_2.pdf,journals.ametsoc.org,A Long-Term Hydrologically Based Dataset of Land Surface Fluxes and States for the Conterminous United States*,2002,Journal of Climate,S4_historical_data_as_validation,T01;T02;T03;T05;T06;T13;T15;T16;T17;T18;T21,HTTP 202,data/literature/pdf_missing/10.1175_1520-0442(2002)015<3237:althbd>2.0.co;2.pdf
2,10.1641/0006-3568(2002)052[0019:lrsfes]2.0.co;2,https://doi.org/10.1641/0006-3568(2002)052[0019:lrsfes]2.0.co;2,https://academic.oup.com/bioscience/article-pdf/52/1/19/26891841/52-1-19.pdf,academic.oup.com,Lidar Remote Sensing for Ecosystem Studies,2002,BioScience,,T06;T14;T19;T20,blocked (HTTP 403),data/literature/pdf_missing/10.1641_0006-3568(2002)052[0019:lrsfes]2.0.co;2.pdf
2,10.1175/1520-0477(2001)082<2415:fantts>2.3.co;2,https://doi.org/10.1175/1520-0477(2001)082<2415:fantts>2.3.co;2,https://journals.ametsoc.org/downloadpdf/journals/bams/82/11/1520-0477_2001_082_2415_fantts_2_3_co_2.pdf,journals.ametsoc.org,"FLUXNET: A New Tool to Study the Temporal and Spatial Variability of Ecosystem–Scale Carbon Dioxide, Water Vapor, and Energy Flux Densities",2001,Bulletin of the American Meteorological Society,S4_historical_data_as_validation,T01;T06;T12;T13;T15;T16;T17;T18,HTTP 202,data/literature/pdf_missing/10.1175_1520-0477(2001)082<2415:fantts>2.3.co;2.pdf
