doi,theses,n_theses,holdout,critical,title,journal,year
10.1002/2013wr013819,T33,1,yes,yes,Modeling the flow resistance of woody vegetation using physically based properties of th,Water Resources Research,2014
10.36023/ujrs.2025.12.4.296,T25,1,yes,yes,Картування просторово-часових трансформацій ложа колишнього Каховського водосховища післ,Ukrainian journal of remote sensin,2025
10.1029/2025gl119771,T04 T07 T22,3,,yes,The Potential for Leveraging SWOT‐Mapped Uneven Water Surface Elevations to Enhance ICES,Geophysical Research Letters,2026
10.1016/j.rse.2011.05.005,T31,1,,yes,Assessing effects of temporal compositing and varying observation periods for large-area,Remote Sensing of Environment,2011
10.1080/15715124.2004.9635222,T33,1,,yes,Determination of flow resistance caused by non‐submerged woody vegetation,International Journal of River Bas,2004
10.1146/annurev-fluid-120710-101048,T33,1,,yes,Flow and Transport in Regions with Aquatic Vegetation,Annual Review of Fluid Mechanics,2012
10.15421/032510,T25,1,,yes,Ecological and structural transformation of floodplain forests of Khortytsia island unde,Ecology and Noospherology,2025
10.3133/wsp2339,T33,1,,yes,Guide for selecting Manning's roughness coefficients for natural channels and flood plai,,1989
10.1002/rra.778,T34,1,yes,,Assessment of the effects of cyclic floodplain rejuvenation on flood levels and biodiver,River Research and Applications,2004
10.1080/15715124.2022.2143512,T34,1,yes,,New formulas addressing flow resistance of floodplain vegetation from emergent to submer,International Journal of River Bas,2024
10.1029/2022wr032842,T03 T05 T06,3,,,ICESat‐2 Based River Surface Slope and Its Impact on Water Level Time Series From Satell,Water Resources Research,2022
10.1029/2025gl120832,T02 T07 T19,3,,,SWOT Satellite Observations of the Kakhovka Dam Break Flood Highlight Limitations of Out,Geophysical Research Letters,2026
10.1029/2023wr036428,T01 T06,2,,,Hydraulic River Models From ICESat‐2 Elevation and Water Surface Slope,Water Resources Research,2024
10.1007/s13280-010-0120-6,T34,1,,,The Influence of Floodplain Vegetation Succession on Hydraulic Roughness: Is Ecosystem R,AMBIO,2011
10.1016/j.rse.2019.111411,T28,1,,,Deep learning based winter wheat mapping using statistical data as ground references in ,Remote Sensing of Environment,2019
10.1111/ecog.02881,T30,1,,,"Cross‐validation strategies for data with temporal, spatial, hierarchical, or phylogenet",Ecography,2017
