claim_id,family,claim_type,claim_text,manuscript_section,article_thesis,scientific_importance,audit_status,status_source,source_table,snapshot_path,snapshot_sha256,row_selector,value_field,value_resolved,unit,uncertainty_resolved,n_resolved,time_period,spatial_domain,figure_id,table_id,literature_thesis_ids,literature_claim_ids,scientific_caveat,remaining_action,blocks_submission
V1.1,legacy_matrix,geodetic transformation,"All gauge stages are carried into one geodetic frame by the official operation EPSG:9902 (BS-77 normal height -> EVRF2019 normal height), applied at each station's own coordinates.",,,,SUPPORTED,matrix,outputs/tables/manuscript_evidence_matrix.csv,swot/outputs/tables/manuscript_evidence_matrix.csv,4e1e348563de4f65a2f3f1cf678d10056de1662061903800a81292c021ca78e7,"{""claim_id"": ""V1.1""}",value,"10,194 daily values transformed",,grid sampler agrees with an independent implementation to 0.000 mm,7,,,V1_vertical_reference_framework.png,gauge_vertical_reference_summary.csv,,,Mykolaiv 98027 has coordinates but no level series; 8 further reservoir stations in the donor CSVs carry no coordinates and cannot be transformed.,,
V1.2,legacy_matrix,geodetic transformation,"The BS-77 -> EVRF2019 offset is spatially varying across the study reach, so a single national constant is not admissible.",,,,SUPPORTED,matrix,outputs/tables/manuscript_evidence_matrix.csv,swot/outputs/tables/manuscript_evidence_matrix.csv,4e1e348563de4f65a2f3f1cf678d10056de1662061903800a81292c021ca78e7,"{""claim_id"": ""V1.2""}",value,0.1715 to 0.2157 m,,spread 44 mm; grid accuracy 0.068 m (EPSG registry),8,,,V1_vertical_reference_framework.png,gauge_vertical_reference_summary.csv,,,"The 0.068 m grid accuracy is larger than the spread it resolves; the spatial variation is used, the absolute level carries that accuracy.",,
V1.3,legacy_matrix,metadata provenance,The six reservoir gauges share a zero of 12.000 m BS-77; Kherson 80805 does NOT and sits at -5.000 m BS-77.,,,,SUPPORTED,matrix,outputs/tables/manuscript_evidence_matrix.csv,swot/outputs/tables/manuscript_evidence_matrix.csv,4e1e348563de4f65a2f3f1cf678d10056de1662061903800a81292c021ca78e7,"{""claim_id"": ""V1.3""}",value,reservoir 12.000 m BS-77; Kherson -5.000 m BS-77,,nominal Kherson zero in EVRF2019 = -4.7924 m,8,,,,gauge_vertical_reference_summary.csv,,,Using the reservoir zero at Kherson would introduce a 17 m blunder; the two domains must never share a zero.,,
V2.1,legacy_matrix,internal product-chain validation (NOT an independent sensor),The documented SWOT PIXC chain height-(solid_earth_tide+load_tide_fes+pole_tide) reproduces RiverSP node heights of the same cycle and pass; the three alternative branches do not.,,,,SUPPORTED,matrix,outputs/tables/manuscript_evidence_matrix.csv,swot/outputs/tables/manuscript_evidence_matrix.csv,4e1e348563de4f65a2f3f1cf678d10056de1662061903800a81292c021ca78e7,"{""claim_id"": ""V2.1""}",value,-0.0010 m for the documented chain,,"alternatives: +0.0720 m uncorrected, +0.1451 m sign-reversed, -23.89 m geoid subtracted",1023,,,V2_pixc_sign_validation.png,validation_summary_table.csv,,,"RiverSP derives from the same SWOT observation: an internal product-chain check, never 'independent validation'.",,
V3.1,legacy_matrix,cross-sensor validation,Under good temporal collocation SWOT and ICESat-2 water-surface heights agree at the centimetre level in the common frame with no correction applied.,,,,SUPPORTED,matrix,outputs/tables/manuscript_evidence_matrix.csv,swot/outputs/tables/manuscript_evidence_matrix.csv,4e1e348563de4f65a2f3f1cf678d10056de1662061903800a81292c021ca78e7,"{""claim_id"": ""V3.1""}",value,"best pair 2023-05-14: +0.0036 m (dt -2.28 h, 3417 segments)",,full set: 2023-04-05 dt +14.2 h -> -0.1810 m; 2023-05-04 dt +11.1 h -> +0.0597 m; 2023-05-14 dt -2.3 h -> +0.0036 m,3,,,V3_swot_icesat_colocated.png,part4_colocated_swot_icesat.csv,,,"n=3 overpasses. The residual orders with |dt|, which is suggestive of temporal mismatch rather than a datum offset, but no regression is fitted and NO universal centimetric agreement is claimed. Sign convention is H_SWOT - H_ICESat-2.",,
V4.1,legacy_matrix,satellite-gauge validation,The SWOT branch is locally consistent with the independent Kherson in-situ record.,,,,SUPPORTED,matrix,outputs/tables/manuscript_evidence_matrix.csv,swot/outputs/tables/manuscript_evidence_matrix.csv,4e1e348563de4f65a2f3f1cf678d10056de1662061903800a81292c021ca78e7,"{""claim_id"": ""V4.1""}",value,+0.0264 m (satellite - gauge),,"NMAD 0.0413 m; 95% CI [-0.0420, +0.0394]; median moves 8.4 cm across aggregation radii 0.5-5 km",9,,,V4_kherson_hydrograph_epochs.png,"validation_summary_table.csv, part7_answers.csv",,,"The point estimate lies marginally outside its own bootstrap CI because the two are computed over different aggregations (see QC report); the radius dependence is the along-channel gradient entering the window, so the radius is a real methodological choice, not noise.",,
V4.2,legacy_matrix,negative result,"The 2023-04-05 SWOT-ICESat-2 discrepancy is NOT explained by the Kherson hydrograph: the gauge was rising, so hydrology predicts the opposite sign and enlarges the residual.",,,,NOT_TESTABLE,matrix,outputs/tables/manuscript_evidence_matrix.csv,swot/outputs/tables/manuscript_evidence_matrix.csv,4e1e348563de4f65a2f3f1cf678d10056de1662061903800a81292c021ca78e7,"{""claim_id"": ""V4.2""}",value,observed -18.1 cm; expected +5.9 cm from gauge +10.0 cm/day over dt 14.2 h,,residual after applying the hydrological term: -24.0 cm (worse),1,,,V4_kherson_hydrograph_epochs.png,"part4_colocated_swot_icesat.csv, kherson_daily_variability.csv",,,"An 18 cm daily excursion is a ~99th-percentile event at this site (|dH| median 3.0, p90 9.0, max 20.0 cm/day, n=96 days). No local wind or pressure record exists, so wind setup can be neither confirmed nor excluded. Reported as unresolved.",,
V5.1,legacy_matrix,negative result / spatial limit of a correction,"The reservoir-derived empirical alignment constant does not transfer to the Kherson reach: the two independent estimates have disjoint confidence intervals, and zero lies inside Kherson's.",,,,SUPPORTED,matrix,outputs/tables/manuscript_evidence_matrix.csv,swot/outputs/tables/manuscript_evidence_matrix.csv,4e1e348563de4f65a2f3f1cf678d10056de1662061903800a81292c021ca78e7,"{""claim_id"": ""V5.1""}",value,"reservoir -0.130 m [-0.184, -0.081] (n=5 stations) vs Kherson +0.0051 m [-0.0515, +0.0608]",,station-to-station NMAD 0.033 m; radius swing 1.8 cm (Rozumivka) and 5.0 cm (Kherson) over 1-10 km,6,,,V5_residual_summary.png,"part4_pooling_test.csv, part4_anchor_summary.csv, part7_answers.csv",,,"A rank test cannot reach significance with 5 stations against 1 (p floor 0.200) and is not relied on. This is a local contextual term, NOT a global sensor bias and NOT a datum fix. No post-breach constant exists at any station.",,
V6.1,legacy_matrix,vertical re-referencing of historical bathymetry,"The S-57 sounding depths are reduced to the published navigation drawdown level UNS 14.00 m, not to the normal impoundment level 16.00 m. On 14.00 m the survey and ICESat-2 exposed bed agree within uncertainty; on 16.00 m they do not.",,,,SUPPORTED,matrix,outputs/tables/manuscript_evidence_matrix.csv,swot/outputs/tables/manuscript_evidence_matrix.csv,4e1e348563de4f65a2f3f1cf678d10056de1662061903800a81292c021ca78e7,"{""claim_id"": ""V6.1""}",value,"14.00 m: +0.0979 m [-0.0756, +0.3028], zero inside CI | 16.00 m: -1.9021 m [-2.0787, -1.6848], zero outside CI",,NMAD 0.498 m over n=94 points; the 16.00 m assumption is rejected at ~1.90 m,28,,,"V2_historical_reference_sensitivity.png, QA5_sounding_datum.png","historical_reference_sensitivity.csv, hist2_datum_fit.csv, hist3_corrected_dH.csv",,,"14.00 m is the only PUBLISHED level of the four candidates (Table 19). The honest uncertainty is the 0.40 m spread among three independent estimates (13.71 capacity-curve, 14.00 published, 14.11 ICESat-2), not the CI, and it is deliberately not folded in. The source does not state its Baltic realisation (BS-42 vs BS-77), so a further few-centimetre step may be unaccounted for. The 14.11 m estimate is CIRCULAR against ICESat-2 and is never used as the working reference.",,
V6.2,legacy_matrix,geodetic transformation,"The historical reference level carried into EVRF2019 is spatially varying, not a constant.",,,,SUPPORTED,matrix,outputs/tables/manuscript_evidence_matrix.csv,swot/outputs/tables/manuscript_evidence_matrix.csv,4e1e348563de4f65a2f3f1cf678d10056de1662061903800a81292c021ca78e7,"{""claim_id"": ""V6.2""}",value,"14.162 to 14.216 m EVRF2019, median 14.185 m",,median offset +0.1854 m; spread 54 mm,7514,,,,hist3_datum_in_evrf2019.csv,,,"For quoting, 14.19 m EVRF2019; for computing, the per-sounding value.",,
V7.1,legacy_matrix,historical digitisation validated against an independent table,"The digitised field-measured historical longitudinal free-surface curve (Fig. 16 curve 2, 22-25 April 1970) reproduces the independently tabulated profile of Table 20 to a few centimetres over the pool.",,,,SUPPORTED,matrix,outputs/tables/manuscript_evidence_matrix.csv,swot/outputs/tables/manuscript_evidence_matrix.csv,4e1e348563de4f65a2f3f1cf678d10056de1662061903800a81292c021ca78e7,"{""claim_id"": ""V7.1""}",value,median deviation +0.022 m; NMAD 0.045 m,,"flat pool <180 km (n=5): median +0.047 m, max |dev| 0.057 m",12,,,HIST9_fig16_digitisation.png,data/processed/historical/historical_fig16_profiles.csv,,,"The large deviations on the steep upper backwater limb (>=210 km, -0.77/-0.66/-0.10 m) are NOT digitisation error: Table 20 has only two points across the limb and the true curve is convex, so the linear reference is itself wrong there by decimetres. The vertical axis is non-linear and was calibrated on detected gridlines; on a linear axis the same symbols read 0.2-0.4 m too high. Curve 4 (dash-dot) remains NOT digitised - it cannot be separated from dashed curve 3 by the enclosed-region method.",,
V7.2,legacy_matrix,hydraulic validation against historical tables,"Pre-breach ICESat-2 water-surface slopes are statistically indistinguishable from zero throughout the impounded reach and steepen in the uppermost reach, reproducing the documented free-surface geometry (near-level main pool passing into a backwater limb).",,,,SUPPORTED_WITH_LIMITATION,matrix,outputs/tables/manuscript_evidence_matrix.csv,swot/outputs/tables/manuscript_evidence_matrix.csv,4e1e348563de4f65a2f3f1cf678d10056de1662061903800a81292c021ca78e7,"{""claim_id"": ""V7.2""}",value,"0-180 km: +0.00, -0.06, +0.06 cm/km; 210-240 km: +0.13 cm/km",,every reach lies inside the historical discharge envelope (within_envelope True for 5/5),5,,,"V5_reach_slopes_historical_vs_icesat.png, V3_historical_free_surface_profiles.png",hist6_reach_slopes.csv,,,"Per-date fits span a median of only 8.3 km (p75 13.1 km, max 74.4 km), so no reach value is a hydraulic gradient measured across that reach. The 180-210 km band is a geometric artefact (see V7.3) and must not be read as a hydraulic slope.",,
V7.3,legacy_matrix,artefact diagnosis / negative result,"The anomalous 180-210 km pre-breach reach slope is a chainage-geometry artefact, not a hydraulic signal.",,,,SUPPORTED,matrix,outputs/tables/manuscript_evidence_matrix.csv,swot/outputs/tables/manuscript_evidence_matrix.csv,4e1e348563de4f65a2f3f1cf678d10056de1662061903800a81292c021ca78e7,"{""claim_id"": ""V7.3""}",value,"all fits in the band are single overpasses; chainage span / ground span median 1.34 (p90 1.94, max 2.65)",,"the pre/post contrast survives because the NUMERATOR changes tenfold (median within-fit WSE span 0.072 m pre vs 0.762 m post), while the geometry defect is nearly identical in both periods (55% vs 47% single-pass; median inflation 1.35 vs 1.39)",98,,,HIST7_slope_geometry.png,hist7_slope_geometry.csv,,,The first hypothesis - that chainage assignment fails where the pool is widest - was tested and REJECTED: that band has the smallest median offset from the channel line (2.5 km) of any reach.,,
V8.1,legacy_matrix,physical scale argument from historical sources,"Instantaneous water-level disturbances documented for this reservoir (seiches, wind setup) are far larger than the mean longitudinal hydraulic gradient, which explains why individual pre-breach overpasses can show small slopes of either sign while the regime-level median is near zero.",,,,SUPPORTED_WITH_LIMITATION,matrix,outputs/tables/manuscript_evidence_matrix.csv,swot/outputs/tables/manuscript_evidence_matrix.csv,4e1e348563de4f65a2f3f1cf678d10056de1662061903800a81292c021ca78e7,"{""claim_id"": ""V8.1""}",value,"mean hydraulic rise over 183 km: 0 cm (Qmin), 6 cm (Q20%), 42 cm (Q1%) | seiche half-range at an antinode 17.5 cm | wind setup at an end 35 cm (15 m/s) to 148 cm (25 m/s)",,"observed ICESat-2 within-overpass WSE span, pre-breach median 7.21 cm (p90 11.33 cm) over ~8-13 km; source's own level accuracy 2 cm",6,,,"V7_historical_seiches.png, V8_wind_setup_by_gauge.png, V9_scale_comparison.png, V10_conceptual_decomposition.png",hist10_dynamic_vs_mean.csv,,,"NO causal attribution is made for any individual satellite date: no simultaneous wind or pressure forcing data exist. This is a scale-of-magnitude argument, and it must not be confused with the mean hydraulic slope. Documented seiche periods: 13.4 h uninodal, 7.3 h binodal, 3.5 h trinodal.",,
V9.1,legacy_matrix,geomorphological validation,"Deep bed depressions are preferentially concentrated near the modern river corridor, as the historical description of a drowned floodplain with former channel troughs requires.",,,,SUPPORTED_WITH_LIMITATION,matrix,outputs/tables/manuscript_evidence_matrix.csv,swot/outputs/tables/manuscript_evidence_matrix.csv,4e1e348563de4f65a2f3f1cf678d10056de1662061903800a81292c021ca78e7,"{""claim_id"": ""V9.1""}",value,"66.4% of soundings below the descriptive threshold +7.38 m lie within 3 km of the corridor, against 37.7% beyond - enrichment 1.76x",,median bed elevation also rises systematically away from the corridor,7509,,,"V11_bed_morphology_vs_source.png, V14_geomorphological_validation.png",hist12_bed_morphology_tests.csv,,,"SWORD is a MODERN-CHANNEL PROXY. This does not claim reconstruction of any specific pre-1956 channel, nor that any individual depression is one. The +7.38 m threshold is descriptive only - see V9.4.",,
V9.2,legacy_matrix,cross-validation of independent bed observations,ICESat-2 exposed dry-bed elevations are consistent with the shallow historical bed platform.,,,,SUPPORTED_WITH_LIMITATION,matrix,outputs/tables/manuscript_evidence_matrix.csv,swot/outputs/tables/manuscript_evidence_matrix.csv,4e1e348563de4f65a2f3f1cf678d10056de1662061903800a81292c021ca78e7,"{""claim_id"": ""V9.2""}",value,S7 median +10.32 m vs historical platform median +10.51 m; difference -0.19 m,,platform NMAD 2.26 m; 76.6% of S7 falls on the platform,28,,,V14_geomorphological_validation.png,hist12_bed_morphology_tests.csv,,,"Stated narrowly: this validates the DRY-BED MASK and the shallow-platform selection. S7 contains no observations from the deepest 20 m of the sounding range (deepest S7 +0.86 m vs -19.38 m in the soundings), because the deep depressions still carry the river. It is NOT independent proof of the drowned-valley morphology.",,
V9.3,legacy_matrix,vertical sanity check,The reconstructed former reservoir bed does not intrude into the historically non-inundated Terrace III elevation domain.,,,,SUPPORTED_WITH_LIMITATION,matrix,outputs/tables/manuscript_evidence_matrix.csv,swot/outputs/tables/manuscript_evidence_matrix.csv,4e1e348563de4f65a2f3f1cf678d10056de1662061903800a81292c021ca78e7,"{""claim_id"": ""V9.3""}",value,minimum clearance 5.74 m,,max historical bed 15.32 m; max ICESat-2 S7 bed 15.45 m; Terrace III floor 21.185 m,1,,,V14_geomorphological_validation.png,"hist12_bed_morphology_tests.csv, historical_terraces.csv",,,"The clearance must be taken against max(soundings, S7) because S7 reaches higher (15.45 m) than the soundings (15.32 m); using soundings alone would overstate the clearance as 5.87 m. A bed at terrace height would have indicated the survey or the reference level was wrong.",,
V9.4,legacy_matrix,retraction of an earlier framing,The bed-elevation distribution is unimodal and negatively skewed - a broad shallow platform with a long deep tail - NOT two separable populations.,,,,UNSUPPORTED,matrix,outputs/tables/manuscript_evidence_matrix.csv,swot/outputs/tables/manuscript_evidence_matrix.csv,4e1e348563de4f65a2f3f1cf678d10056de1662061903800a81292c021ca78e7,"{""claim_id"": ""V9.4""}",value,skew -0.76; trough fraction 47.8% below the descriptive threshold,,no mode-separation test supports a bimodal description,7509,,,,hist12_bed_morphology_tests.csv,,,"Earlier framing as two populations is WITHDRAWN and retained only as an audit trail. The words 'bimodal' and 'antimode' must not appear. The +7.38 m value survives only as a descriptive classification threshold, not a geomorphological boundary.",,
V9.5,legacy_matrix,weak result,The longitudinal bed-roughness contrast is weak and rests on a single 20 km band.,,,,REVISE_UNCERTAINTY,matrix,outputs/tables/manuscript_evidence_matrix.csv,swot/outputs/tables/manuscript_evidence_matrix.csv,4e1e348563de4f65a2f3f1cf678d10056de1662061903800a81292c021ca78e7,"{""claim_id"": ""V9.5""}",value,median roughness 1.73 m below 160 km vs 1.48 m above,,excluding the worst band the below-160 km value falls to 1.65 m,2,,,,hist12_bed_morphology_tests.csv,,,"Nearly vanishes without one band. Reported, not relied on.",,
V9.6,legacy_matrix,invalidated test,The point-count exposure test is invalid by construction and is superseded by the area-weighted test.,,,,UNSUPPORTED,matrix,outputs/tables/manuscript_evidence_matrix.csv,swot/outputs/tables/manuscript_evidence_matrix.csv,4e1e348563de4f65a2f3f1cf678d10056de1662061903800a81292c021ca78e7,"{""claim_id"": ""V9.6""}",value,shallow-fraction slope 0.00914 %/km,,not interpretable,0,,,,hist12_bed_morphology_tests.csv,,,"Table 21 reports an AREA fraction, but the survey follows the navigable channel and avoids the shallow margins where drying occurs, so a point sample cannot estimate it. Superseded by V10.1.",,
V10.1,legacy_matrix,independent area-weighted morphological validation,"An independently reconstructed bathymetric surface reproduces the historical reservoir-wide drawdown exposure fraction and its upstream increase, under all four cross-validated interpolators.",,,,SUPPORTED,matrix,outputs/tables/manuscript_evidence_matrix.csv,swot/outputs/tables/manuscript_evidence_matrix.csv,4e1e348563de4f65a2f3f1cf678d10056de1662061903800a81292c021ca78e7,"{""claim_id"": ""V10.1""}",value,whole mapped reservoir: historical 12.9% vs reconstructed 12.77% (diff -0.18 pp),,across interpolators 12.61-13.29% (spread 0.68 pp); by reach historical 3.9 / 9.4 / 26.0 % vs reconstructed 7.5 / 9.3 / 21.7 %,3,,,"V13_exposure_area_validation.png, V14_geomorphological_validation.png","historical_exposure_area_validation.csv, hist17_grid_resolution.csv",,,"DRAFT v1 (2026-09-10) still quotes the P20-era 12.38 % / −0.57 pp; hist17 rerun 2026-09-13 (b3255e4, registry domain) gives 12.77 % / −0.18 pp (audit CHK-006 FAIL). The 0.2 pp agreement is inside the ±1.14 pp datum band (C-12) and must not be quoted as precision.",replace 12.38/−0.57 everywhere in the draft; requote with a datum-propagated band,yes
V10.2,legacy_matrix,methodological sensitivity,The shoreline boundary condition is the single most consequential methodological choice in the bed reconstruction; omitting it biases the exposure fraction low by roughly a factor of two.,,,,SUPPORTED,matrix,outputs/tables/manuscript_evidence_matrix.csv,swot/outputs/tables/manuscript_evidence_matrix.csv,4e1e348563de4f65a2f3f1cf678d10056de1662061903800a81292c021ca78e7,"{""claim_id"": ""V10.2""}",value,"unconstrained 6.7% vs constrained at the observed 2023-06-05 waterline 12.3% (whole reservoir, OK surface)",,"soundings stop >=167 m from shore with a median bed of 12.15 m against a ~17.1 m waterline, so an unconstrained interpolator models the margins ~5 m too deep; unconstrained RBF extrapolated to +67.9 m",3,,,V12_bed_surface_validation.png,"hist14_surface_summary.csv, historical_exposure_area_validation.csv",,,"Two quantities must not be conflated: the INTERPOLATION BOUNDARY elevation (17.08 m EVRF2019, the observed 2023-06-05 waterline, independently constrained by the Rozumivka gauge at 16.88 m BS-77 AND by the historical level-area curve at ~17.1 m BS-77 for 2 192 km2) and the EXPOSURE DENOMINATOR (NPG 16.18 m EVRF2019, restricting the domain to the reservoir at NPG as Table 21 does). The 2023 shoreline sat ~1 m ABOVE project NPG - the pool had been raised - so a constraint at NPG would itself have been wrong. The unconstrained run is retained as an audit trail and is used for no result.",,
V10.3,legacy_matrix,cross-validation,"Interpolation uncertainty, not grid resolution, is the limiting term in the bed surface. The median absolute prediction error is ~0.9 m, while RMSE rises to 2.76 m because of a small number of large errors concentrated in morphologically complex zones.",,,,SUPPORTED,matrix,outputs/tables/manuscript_evidence_matrix.csv,swot/outputs/tables/manuscript_evidence_matrix.csv,4e1e348563de4f65a2f3f1cf678d10056de1662061903800a81292c021ca78e7,"{""claim_id"": ""V10.3""}",value,"preferred OK: RMSE 2.76 m, NMAD 1.32 m, bias -0.03 m, median |e| 0.89 m",,"ranking OK 2.76, IDW 2.78, LINEAR 2.82, RBF 3.23; the worst 5% of observations account for 51% of the squared prediction error",7509,,,"V12_bed_surface_validation.png, V16_cv_error_diagnosis.png","hist14_interpolator_cv.csv, hist18_error_decomposition.csv",,,"1 km blocks are PRIMARY, matched to the ~357 m median sounding spacing. 5 km blocks are a STRESS TEST only: the fitted variogram range is ~2 km, so they hold out cells beyond the correlation range of any training point and score extrapolation, which no method can pass. Random holdout is an OPTIMISTIC reference because survey lines put a near-twin of each held-out point in the training set. Residuals are largest within 1-3 km of the corridor where the bed is steepest - a resolution limit, not a bias.",,
V10.4,legacy_matrix,error decomposition,"The 2.76 m blocked-CV RMSE is a heavy-tailed error of local bed morphology, not a vertical offset of the DEM and not an artefact of blocked cross-validation.",,,,SUPPORTED,matrix,outputs/tables/manuscript_evidence_matrix.csv,swot/outputs/tables/manuscript_evidence_matrix.csv,4e1e348563de4f65a2f3f1cf678d10056de1662061903800a81292c021ca78e7,"{""claim_id"": ""V10.4""}",value,random hold-out already gives 2.648 m; 1 km blocking adds only 1.04x (2.761 m) and 5 km blocking 1.20x,,"strongest well-populated driver is local roughness, RMSE 0.88 m in the smoothest quartile to 5.46 m in the roughest decile (6.2x); within 500 m of the shoreline RMSE is 4.24 m and those 23% of soundings carry 54% of the squared error; smoothing bias REVERSES sign with elevation (deepest bin +11.03 m, highest -3.12 m)",7509,,,V16_cv_error_diagnosis.png,"hist18_cv_scheme_comparison.csv, hist18_error_decomposition.csv, hist18_worst_residuals.csv",,,"The datum is EXCLUDED as a cause: overall bias -0.032 m, per-reach bias spans only -0.105 to +0.102 m, and the elevation-dependent bias changes sign, which no constant offset can do. Decisive against a blocked-CV artefact: the worst 20 residuals are as large under RANDOM hold-out (median |e| 14.54 m) as under blocked (15.26 m), so the hold-out does not create them. NOT claimed: that this relief is mathematically unrecoverable -- it cannot be reliably recovered FROM THE SOUNDING POINTS ALONE BY AN ORDINARY UNCONSTRAINED INTERPOLATOR; adding the historical channel axis, breaklines, hydrographic cross-sections or old charts as constraints could do considerably better. The problem is under-determined by the present data, not impossible.",,
V10.5,legacy_matrix,hypsometric validation,"The reconstructed bed reproduces the published level-area curve to 3.8% of area across 17 levels, but is biased low in area at EVERY level -- an independent detection of the same smoothing bias.",,,,SUPPORTED_WITH_LIMITATION,matrix,outputs/tables/manuscript_evidence_matrix.csv,swot/outputs/tables/manuscript_evidence_matrix.csv,4e1e348563de4f65a2f3f1cf678d10056de1662061903800a81292c021ca78e7,"{""claim_id"": ""V10.5""}",value,RMS area error 74 km2 (3.8% of mean area); median +1.7%,,"negative at all 17 levels, worst -9.0% at 10.0 m BS-77; the DEM has too few cells below any level, i.e. its deep parts are too shallow, matching the +11.03 m bias hist18 measured in the deepest elevation bin",17,,,V17_multilevel_constraints.png,hypsometric_constraint_test.csv,,,"CRITICAL: this curve must NOT be used to condition the DEM. Table 21's drying area is arithmetically the same information -- A(NPG) - A(GMO) = 2155 - 1876 = 279 km2 equals Table 21's summed reach drying area of 279 km2 exactly -- so conditioning on A(H) would make the V10.1 validation circular. Kept as validation, deliberately not as a constraint. The multi-level SATELLITE water-extent route was tested and rejected: only one pre-breach polygon has usable coverage (2023-06-05, 17.08 m, already the constraint in use), post-breach waterlines sit a median 1.69 km inside the pre-breach shore with only 12% of their length within 500 m of it, and ICESat-2 profiles coincide with a usable polygon date on only 2 of 14 dates, each spanning <15 km, so H(x) cannot be reconstructed.",,
V11.1,legacy_matrix,numerical convergence test,"The exposure fraction is converged with respect to grid resolution: a 70-fold increase in cell count changes it by less than 0.1 percentage points, an order of magnitude below the spread between interpolators.",,,,SUPPORTED,matrix,outputs/tables/manuscript_evidence_matrix.csv,swot/outputs/tables/manuscript_evidence_matrix.csv,4e1e348563de4f65a2f3f1cf678d10056de1662061903800a81292c021ca78e7,"{""claim_id"": ""V11.1""}",value,250 m -> 12.77%; 50 m -> 12.79%; 30 m -> 12.79%,,total drift +0.02 pp; last refinement step +0.00 pp; interpolator spread at the finest grid 0.75 pp,3,,,V15_grid_resolution_convergence.png,hist17_grid_resolution.csv,,,Draft quotes 12.38/12.32 (stale); hist17 2026-09-13 gives 12.77/12.79/12.79.,,yes
M1.1,legacy_matrix,MAIN RESULT - hydraulic regime transition,"The pre-breach impounded reservoir had a near-level main water surface, whereas after the dam breach the system developed a persistent, directional, river-like longitudinal hydraulic gradient.",,,,SUPPORTED,matrix,outputs/tables/manuscript_evidence_matrix.csv,swot/outputs/tables/manuscript_evidence_matrix.csv,4e1e348563de4f65a2f3f1cf678d10056de1662061903800a81292c021ca78e7,"{""claim_id"": ""M1.1""}",value,Theil-Sen median +0.090 cm/km pre -> +3.314 cm/km post; difference +3.223 cm/km,,"95% CI [+1.994, +5.071] cm/km; permutation p = 1.00e-04; Mann-Whitney p = 3.92e-05; positive slopes pre 10/14 (sign test p = 0.180) vs post 14/14 (p = 1.22e-04)",14 pre / 14 post,,,"FigF_postbreach_longitudinal_gradient.png, FigG_reservoir_to_river_transition.png","kakhovka_transition_statistics.csv, kakhovka_perdate_slopes_robust.csv",,,"Each per-date slope is a fit through ≤6 beam-median points (gt1l…gt3r) over ~20–70 km along a reservoir-axis centreline (make_longitudinal.py), NOT SWORD; footprint-wide, not channel-restricted (M1.4).",,
M1.2,legacy_matrix,MAIN RESULT - transition kinematics,The drawdown period is intermediate between the two regimes.,,,,SUPPORTED_WITH_LIMITATION,matrix,outputs/tables/manuscript_evidence_matrix.csv,swot/outputs/tables/manuscript_evidence_matrix.csv,4e1e348563de4f65a2f3f1cf678d10056de1662061903800a81292c021ca78e7,"{""claim_id"": ""M1.2""}",value,Theil-Sen median +3.245 cm/km (2023-07-07..2023-09-07),,sits between the pre-breach and post-breach medians,5,,,FigD_kakhovka_longitudinal_profiles.png,"kakhovka_transition_statistics.csv, kakhovka_pre_post_slope_summary.csv",,,n=5 dates. No confidence interval is quoted for the drawdown median.,,
M1.3,legacy_matrix,sensitivity analysis,"The result is estimator-robust: OLS gives the same sign, a similar magnitude and the same conclusion.",,,,SUPPORTED,matrix,outputs/tables/manuscript_evidence_matrix.csv,swot/outputs/tables/manuscript_evidence_matrix.csv,4e1e348563de4f65a2f3f1cf678d10056de1662061903800a81292c021ca78e7,"{""claim_id"": ""M1.3""}",value,"OLS +0.038 -> +2.781 cm/km, difference +2.744 cm/km",,"95% CI [+1.454, +4.323]; permutation p = 3.00e-04",14 pre / 14 post,,,,kakhovka_transition_statistics.csv,,,Theil-Sen is primary because per-date profiles contain outlying segments; OLS is the sensitivity check.,,
M1.4,legacy_matrix,negative / underpowered control,"Restricting both periods to the main channel weakens the contrast and its confidence interval includes zero: the channel-only test is underpowered, not a refutation.",,,,REVISE_UNCERTAINTY,matrix,outputs/tables/manuscript_evidence_matrix.csv,swot/outputs/tables/manuscript_evidence_matrix.csv,4e1e348563de4f65a2f3f1cf678d10056de1662061903800a81292c021ca78e7,"{""claim_id"": ""M1.4""}",value,"Theil-Sen difference +1.109 cm/km, 95% CI [-0.086, +2.186]",,permutation p = 0.0009; post positive 4/6; Cliff's delta -0.467,20 pre / 6 post,,,"P19_Fig4_channel_slope_timeseries.png, P19_Fig7_allwater_vs_channel.png","reservoir_to_river_statistics.csv, phase19_expansion_comparison.csv",,,"Only 6 post-breach dates qualify for a channel-restricted fit (expanded from 4). This must be reported alongside M1.1 as an honest limitation: part of the all-water contrast may come from including residual water bodies at differing levels, and this test cannot yet separate the two.",,
M2.1,legacy_matrix,MAIN RESULT - heterogeneity,Water-surface heterogeneity within the former reservoir footprint increased after the breach.,,,,SUPPORTED,matrix,outputs/tables/manuscript_evidence_matrix.csv,swot/outputs/tables/manuscript_evidence_matrix.csv,4e1e348563de4f65a2f3f1cf678d10056de1662061903800a81292c021ca78e7,"{""claim_id"": ""M2.1""}",value,"0.117 m -> 0.397 m, difference +0.280 m",,"95% CI [+0.138, +0.367] m; permutation p = 5.00e-05; Mann-Whitney p = 1.57e-11",192 pre / 23 post,,,"P20_Fig2_atl13_by_class.png, EN_wse_timeseries.png",pre_post_fragmentation_statistics.csv,,,"This is metric F4 on ALL ATL13 dates in the footprint (n=192/23). It must NOT be confused with the within-profile WSE range of the 14/14 slope-profile sample (median 0.090 m pre vs 1.827 m post, kakhovka_pre_post_slope_summary.csv), which is a different sample AND a different spatial restriction. Measured by the altimeter, so it is independent of Sentinel-2 tile coverage.",,
M3.1,legacy_matrix,descriptive spatial evidence (NOT inferential),"Sentinel-2 shows the planform transition from a single continuous impounded surface to a fragmented, channel-dominated system with residual water bodies.",,,,SUPPORTED_WITH_LIMITATION,matrix,outputs/tables/manuscript_evidence_matrix.csv,swot/outputs/tables/manuscript_evidence_matrix.csv,4e1e348563de4f65a2f3f1cf678d10056de1662061903800a81292c021ca78e7,"{""claim_id"": ""M3.1""}",value,"pre-breach 2023-06-05: 2 water bodies, 2,129 km2, largest component 99.995% of water area | post-breach median 503 bodies, 289 km2, largest component 58.2%",,post-breach range 161-634 bodies; largest-component fraction 31.5-80.6%,1 pre / 4 post,,,"P20_Fig1_fragmentation.png, P19_Fig1_water_extent_pre_draw_post.png","fragmentation_metrics_by_date.csv, phase20_footprint_coverage.csv",,,"ONLY ONE pre-breach date (2023-06-05) has near-complete footprint coverage, so n_pre = 1 and NO p-value may be computed for a pre/post fragmentation contrast. The earlier fragmentation significance test used partial pre-breach scenes as if they were full-reservoir observations and is INVALID. This is descriptive planform evidence supporting the altimetric result, never the primary inferential evidence.",,
M3.2,legacy_matrix,supporting spatial evidence,"Residual water bodies sit systematically below the adjacent channel stem, consistent with disconnected remnant ponds rather than a continuous water surface.",,,,SUPPORTED_WITH_LIMITATION,matrix,outputs/tables/manuscript_evidence_matrix.csv,swot/outputs/tables/manuscript_evidence_matrix.csv,4e1e348563de4f65a2f3f1cf678d10056de1662061903800a81292c021ca78e7,"{""claim_id"": ""M3.2""}",value,median offset -0.595 m,,"NMAD 0.459 m; p05 -1.19, p95 +0.51 m; 15.3% lie above the stem",678,,,P19_Fig6_residual_water_offsets.png,residual_water_offset_summary.csv,,,"The high-confidence population (B) is used. The all-classified figure (-0.44 m, max +12.59 m) is contaminated by a 2023-09-01 non-water cluster 5.6 km off the stem and is not quoted.",,
X1.1,legacy_matrix,coordinate reconciliation,"The historical and modern chainage systems differ by a distance convention (reservoir axis vs river channel), not by an error.",,,,REVISE_UNCERTAINTY,matrix,outputs/tables/manuscript_evidence_matrix.csv,swot/outputs/tables/manuscript_evidence_matrix.csv,4e1e348563de4f65a2f3f1cf678d10056de1662061903800a81292c021ca78e7,"{""claim_id"": ""X1.1""}",value,ratio ~1.36 at two independent points; a ~30 km residual is isolated to reach 1,,"of 5 candidate ties, 2 are usable (Velyka Lepetykha, Blahovishchenka)",5,,,,"historical_chainage_ties.csv, historical_reach_chainage_crosswalk.csv, historical_to_modern_chainage_crosswalk.csv",,,"Historical reach boundaries are therefore NOT used in final statistics beyond the merged 1+2 / 3 / 4 grouping, and reaches 1 and 2 are merged because the Babyne boundary cannot be placed. Reach 5 lies outside the mapped domain.",,
X2.1,legacy_matrix,unresolvable limitation,"The survey epoch of the historical bathymetry is unrecorded, so no rate of morphological change can be formed.",,,,NOT_TESTABLE,matrix,outputs/tables/manuscript_evidence_matrix.csv,swot/outputs/tables/manuscript_evidence_matrix.csv,4e1e348563de4f65a2f3f1cf678d10056de1662061903800a81292c021ca78e7,"{""claim_id"": ""X2.1""}",value,no epoch,,all 19 SOUNDG attributes are empty in all 7 514 records,0,,,,qa1_field_provenance.csv,,,"Therefore NO claim of bed stability or bed change is made anywhere. The residual structure after re-referencing (Theil-Sen of residual vs depth +0.0148 m/m, CI [+0.0008, +0.0295]) sits inside the reference-level uncertainty and is not interpreted as morphology.",,
C-01,audit_C,,"On 2023-06-05 the reservoir was essentially a single connected water body (2033 km2, 2 objects, F2~0)",,,,SUPPORTED,audit,audit_runs/20260918T175108Z/claim_evidence_matrix.csv,swot/audit_runs/20260918T175108Z/claim_evidence_matrix.csv,eef53e3c1c21077f5ac8cb7cd4a82f6e13f1bed7be387b8a5021cc1abe0ee9d3,"{""claim_id"": ""C-01""}",,,,,,,,,fragmentation_metrics_by_date.csv row 2023-06-05,,,Single date; coverage 1.000 so not coverage-limited | verification_level(2026-09-16)=EXECUTED_CHECK; validation_type=internal,none,
C-02,audit_C,,Planar fragmentation rose from F2=0.00 before the breach to ~0.31 after (main thesis),,,,UNSUPPORTED,audit,audit_runs/20260918T175108Z/claim_evidence_matrix.csv,swot/audit_runs/20260918T175108Z/claim_evidence_matrix.csv,eef53e3c1c21077f5ac8cb7cd4a82f6e13f1bed7be387b8a5021cc1abe0ee9d3,"{""claim_id"": ""C-02""}",,,,,,,,,"pre_post_fragmentation_statistics.csv, phase20_coverage_sensitivity.csv",,,"PRE cohort n=3; headline date is the only one at full coverage; other two pre-breach dates give F2 0.537/0.647 above the POST median 0.243. Pooled F2-coverage correlation is null (rho=-0.058 p=0.72) so this is cohort composition not a monotone artifact | After A4 (0/1/255 masks) and B-2b (registry bbox, footprint 2,299 km2): PRE_BREACH still n=3 with ONE HIGH-coverage date (2023-06-05, F2 0.000047); POST HIGH 12->4; F2 POST median 0.243->0.254. inferential=False on every row by rule | verification_level(2026-09-16)=EXECUTED_CHECK; validation_type=internal",Recompute the contrast with both periods restricted to coverage_class==HIGH,
C-03,audit_C,,The number of water bodies increased after the breach,,,,CONTRADICTED,audit,audit_runs/20260918T175108Z/claim_evidence_matrix.csv,swot/audit_runs/20260918T175108Z/claim_evidence_matrix.csv,eef53e3c1c21077f5ac8cb7cd4a82f6e13f1bed7be387b8a5021cc1abe0ee9d3,"{""claim_id"": ""C-03""}",,,,,,,,,fragmentation_metrics_by_date.csv,,,n_water_bodies vs observed fraction Spearman rho=+0.568 p=0.0001 | verification_level(2026-09-16)=EXECUTED_CHECK; validation_type=internal,none - reformulate without counts,
C-04,audit_C,,Bed-elevation DEM cross-validated accuracy is 1.84 m (ZONE_4) / 2.93 m (ZONE_2),,,,SUPPORTED_WITH_LIMITATION,audit,audit_runs/20260918T175108Z/claim_evidence_matrix.csv,swot/audit_runs/20260918T175108Z/claim_evidence_matrix.csv,eef53e3c1c21077f5ac8cb7cd4a82f6e13f1bed7be387b8a5021cc1abe0ee9d3,"{""claim_id"": ""C-04""}",,,,,,,,,p19_interpolator_cv_*.csv,,,Pooled over a set that is 62-77% constructed shoreline pseudopoints. Re-run 2026-09-16 with stratified cv_score: pooled 2.9268 (Z2) / 1.8426 (Z4) m unchanged and now labelled best_rmse_pooled_m; the summary's accuracy field is best_rmse_soundings_m | verification_level(2026-09-16)=REPRODUCED_RESULT; validation_type=internal blocked CV,none - superseded as the accuracy figure by C-05,
C-05,audit_C,,Bed-elevation accuracy against real depth observations,,,,SUPPORTED,audit,audit_runs/20260918T175108Z/claim_evidence_matrix.csv,swot/audit_runs/20260918T175108Z/claim_evidence_matrix.csv,eef53e3c1c21077f5ac8cb7cd4a82f6e13f1bed7be387b8a5021cc1abe0ee9d3,"{""claim_id"": ""C-05""}",,,,,,,,,audit_runs/20260916T072412Z/bathymetry/diagnostic_results.json,,,"PRODUCTION p19 (stratified cv_score, 2026-09-16) reproduces the prior audit's reimplementation to 16 significant digits: Z2 RMSE_snd 3.9932519892747753 bias +1.1523564298145963 (n 527); Z4 RMSE_snd 3.1929484801131824 bias +0.8360013383439584 (n 626). RBF remains the selected method on the soundings metric in both zones | verification_level(2026-09-16)=REPRODUCED_RESULT; validation_type=internal blocked CV",p28 re-kriging with mask-derived soft constraints (plan F) - expected to change these numbers,
C-06,audit_C,,ok_soft reduces exactly to hist14's estimator when err_var = 0,,,,SUPPORTED,audit,audit_runs/20260918T175108Z/claim_evidence_matrix.csv,swot/audit_runs/20260918T175108Z/claim_evidence_matrix.csv,eef53e3c1c21077f5ac8cb7cd4a82f6e13f1bed7be387b8a5021cc1abe0ee9d3,"{""claim_id"": ""C-06""}",,,,,,,,,stdout assertion,,,True but covers only the degenerate case; the operator's distinguishing feature is untested | verification_level(2026-09-16)=EXECUTED_CHECK; validation_type=internal,see F-05,
C-07,audit_C,,The soft-data kriging diagonal correctly encodes measurement-error variance,,,,CONTRADICTED,audit,audit_runs/20260918T175108Z/claim_evidence_matrix.csv,swot/audit_runs/20260918T175108Z/claim_evidence_matrix.csv,eef53e3c1c21077f5ac8cb7cd4a82f6e13f1bed7be387b8a5021cc1abe0ee9d3,"{""claim_id"": ""C-07""}",,,,,,,,,audit_runs/20260916T093000Z/kriging/independent_check.py,,,"Sign inverted; noisier observations gain weight. Verified against a covariance-form solve derived from first principles, not against the same formula | verification_level(2026-09-16)=REPRODUCED_RESULT; validation_type=independent analytic reference",Fix sign; see F-04,
C-08,audit_C,,Current hist24 products are materially distorted by the err_var sign error,,,,UNSUPPORTED,audit,audit_runs/20260918T175108Z/claim_evidence_matrix.csv,swot/audit_runs/20260918T175108Z/claim_evidence_matrix.csv,eef53e3c1c21077f5ac8cb7cd4a82f6e13f1bed7be387b8a5021cc1abe0ee9d3,"{""claim_id"": ""C-08""}",,,,,,,,,audit_runs/20260916T093000Z/kriging/,,,Induced bias 0.006-0.099 m against CV RMSE 1.8-2.9 m. Harmless at current parameters only; the relation is non-linear and degrades fast if constraint uncertainty grows | verification_level(2026-09-16)=REPRODUCED_RESULT; validation_type=quantified sensitivity,none,
C-09,audit_C,,2.20 m agreement on 1934 overlap cells corroborates the bed surface,,,,SUPPORTED_WITH_LIMITATION,audit,audit_runs/20260918T175108Z/claim_evidence_matrix.csv,swot/audit_runs/20260918T175108Z/claim_evidence_matrix.csv,eef53e3c1c21077f5ac8cb7cd4a82f6e13f1bed7be387b8a5021cc1abe0ee9d3,"{""claim_id"": ""C-09""}",,,,,,,,,p21_zone24_verification_summary.csv,,,The report itself states 'not independence-tested'; overlap cells share inputs and method so this is a consistency check not an independent validation | verification_level(2026-09-16)=DOCUMENT_ONLY; validation_type=internal consistency,Independent depth data in the overlap region,
C-10,audit_C,,gate7c0 continuous-field check passes,,,,SUPPORTED_WITH_LIMITATION,audit,audit_runs/20260918T175108Z/claim_evidence_matrix.csv,swot/audit_runs/20260918T175108Z/claim_evidence_matrix.csv,eef53e3c1c21077f5ac8cb7cd4a82f6e13f1bed7be387b8a5021cc1abe0ee9d3,"{""claim_id"": ""C-10""}",,,,,,,,,audit_runs/20260916T072412Z/satellite_masks/check_results.json,,,Level-1 mathematical correctness only (7.1e-15 vs 1e-9 tolerance); does not transfer to 20 m production matching | verification_level(2026-09-16)=DOCUMENT_ONLY; validation_type=analytic reference,Production-input test at 20 m,
C-11,audit_C,,Applying the ATL03 tide-free to mean-tide harmonisation moves the six-station corrector from -0.1695 m to -0.1321 m,,,,SUPPORTED,audit,audit_runs/20260918T175108Z/claim_evidence_matrix.csv,swot/audit_runs/20260918T175108Z/claim_evidence_matrix.csv,eef53e3c1c21077f5ac8cb7cd4a82f6e13f1bed7be387b8a5021cc1abe0ee9d3,"{""claim_id"": ""C-11""}",,,,,,,,,audit_runs/20260916T093000Z/vertical/tide_system_check.py,,,"Stated shift +0.0374 m against -mean(free2mean) = +0.0377 m, difference 0.3 mm. Formula matches ATL03 ATBD v007 p.125 as cited and IS applied in production (p18, phase19_*, k10, phase20_fragmentation_report) | verification_level(2026-09-16)=REPRODUCED_RESULT; validation_type=arithmetic reproduction",none,
C-12,audit_C,,Reconstructed drawdown exposure 12.8% agrees with the historical 12.9%,,,,SUPPORTED_WITH_LIMITATION,audit,audit_runs/20260918T175108Z/claim_evidence_matrix.csv,swot/audit_runs/20260918T175108Z/claim_evidence_matrix.csv,eef53e3c1c21077f5ac8cb7cd4a82f6e13f1bed7be387b8a5021cc1abe0ee9d3,"{""claim_id"": ""C-12""}",,,,,,,,,geomorphological_validation_final.md section 8,,,"Consistent, but not at the quoted precision: the documented datum 1-sigma alone gives +-1.14 pp, 3.3x the published +-0.35 pp band and 11x the 0.1 pp difference. Premise (14.00 m sounding reduction) is UNRESOLVED by the project's own note | verification_level(2026-09-16)=REPRODUCED_RESULT; validation_type=internal comparison",Requote with a datum-propagated band; see F-11,
C-13,audit_C,,The charted soundings were reduced to the 14.00 m navigation drawdown level,,,,NOT_TESTABLE,audit,audit_runs/20260918T175108Z/claim_evidence_matrix.csv,swot/audit_runs/20260918T175108Z/claim_evidence_matrix.csv,eef53e3c1c21077f5ac8cb7cd4a82f6e13f1bed7be387b8a5021cc1abe0ee9d3,"{""claim_id"": ""C-13""}",,,,,,,,,historical_datum_semantics.md,,,"The project marks this itself as UNRESOLVED and as its own inference, not a source statement, and specifies permitted and forbidden phrasings. Exemplary handling; the gap is that downstream uncertainty bands do not carry it (F-11) | verification_level(2026-09-16)=DOCUMENT_ONLY; validation_type=documentary","Primary metadata for the charts, if it exists",
C-14,audit_C,,Slope depends on discharge differently after the breach (beta3 = Q x POST),,,,NOT_TESTABLE,audit,audit_runs/20260918T175108Z/claim_evidence_matrix.csv,swot/audit_runs/20260918T175108Z/claim_evidence_matrix.csv,eef53e3c1c21077f5ac8cb7cd4a82f6e13f1bed7be387b8a5021cc1abe0ee9d3,"{""claim_id"": ""C-14""}",,,,,,,,,hydraulic_slope_vs_Q_analysis.md,,,n_POST_with_Q = 0 - all 14 POST dates fall in 2024-2025 with zero overlap with the discharge record. The report establishes this BEFORE fitting any model and refuses to relabel PRE vs DRAWDOWN as PRE vs POST. Exemplary; no finding raised | 2026-09-16 status NOT_TESTABLE mapped to evidence UNRESOLVED + testability NOT_IDENTIFIABLE_WITH_DESIGN | verification_level(2026-09-16)=EXECUTED_CHECK; validation_type=design census,Discharge observations overlapping the 2024-2025 POST profile dates,
C-15,audit_C,,SWOT LakeSP shows a persistent discontinuity in water-object structure across the breach under fixed cal/val geometry (A5),,,,REQUIRES_REANALYSIS,audit,audit_runs/20260918T175108Z/claim_evidence_matrix.csv,swot/audit_runs/20260918T175108Z/claim_evidence_matrix.csv,eef53e3c1c21077f5ac8cb7cd4a82f6e13f1bed7be387b8a5021cc1abe0ee9d3,"{""claim_id"": ""C-15""}",,,,,,,,,p23_lakesp_pre_post_calval_dwd_v2.csv; _zone1_v2.csv,,,"Inside the connected water system the object count does NOT change (+14.5, p=0.195; partial_f==0: p=0.94). The large increase (+111, p<0.001) is confined to the ZONE_1 polygon outside dnipro_water_domain. sum_area_total rises while the reservoir drains, pointing at prior-matched objects keeping prior areas. Exploratory; post-hoc population; seasonal component; small ponds below LakeSP detection | verification_level(2026-09-16)=EXECUTED_CHECK; validation_type=permutation test on dates, bootstrap CI; run_refs=A5-P23-V2",Separate Obs from Unassigned inside the former pool; check whether Prior-matched reservoir objects report prior areas post-breach (p_ref_area); restrict PRE to the last 4 weeks before the breach to shrink the seasonal gap,
C-16,audit_C,,"A bed DEM for ZONE_2/3/4 constrained by dated Sentinel-2 mask-derived shorelines (soft, hist24 method) is more accurate than p19's pseudo-point design or soundings alone",,,,CONTRADICTED,audit,audit_runs/20260918T175108Z/claim_evidence_matrix.csv,swot/audit_runs/20260918T175108Z/claim_evidence_matrix.csv,eef53e3c1c21077f5ac8cb7cd4a82f6e13f1bed7be387b8a5021cc1abe0ee9d3,"{""claim_id"": ""C-16""}",,,,,,,,,p28_interpolator_cv_ZONE_2_KHERSON_DELTA.csv; p28_surface_summary_ZONE_2_KHERSON_DELTA.csv,,,"Soundings-only LINEAR 2.31 m/+0.02 beats every constrained arm (4.4-4.9 m/+2.8..+3.5; p19 design 4.12/+1.23); constraints hurt most within 500 m of shore where 443/527 soundings lie. CV cannot score the unsounded last ~100 m to the bank | ZONE_4: soundings-only LINEAR 2.20/-0.07 vs S2 soft 5.38/+4.17 vs p19 design 3.20/+0.83; 554/626 soundings within 500 m of shore | verification_level(2026-09-16)=REPRODUCED_RESULT; validation_type=blocked CV on soundings only, stratified by shore distance; run_refs=F-P28-Z2",ZONE_4 same design (queued); a bank-profile prior with its own validation if near-bank shape is required,
C-17,audit_C,,"M3 (p0r anchored VV/VH Fisher discriminant) paints smooth dry ground as water far from persistent water: up to 30.9 % of the observed frame on pre-breach dates in ZONE_1 (criterion A), 8.6/2.6/9.9 % in ZONE_2/3/4",,,,SUPPORTED_WITH_LIMITATION,audit,audit_runs/20260918T175108Z/claim_evidence_matrix.csv,swot/audit_runs/20260918T175108Z/claim_evidence_matrix.csv,eef53e3c1c21077f5ac8cb7cd4a82f6e13f1bed7be387b8a5021cc1abe0ee9d3,"{""claim_id"": ""C-17""}",,,,,,,,,p34 per-zone tables; P31 report,,,"criterion A uses the persistent-water prior P (optical occurrence >=85 % U registry water domain), not truth; 29-39 % of P is optically dry on same-day S2; report built at fc6befb, tables not re-run in this audit",recompute criterion A for 2 zones from the variant store (sampled events),
C-18,audit_C,,"No same-orbit change-detection variant (VC2/3/4, VCpair, VCpairdB) clears the new-water recall guard (>= M3 - 2 pp) in any of the 4 zones; VC4 new-water recall vs M3: ZONE_1 -80, ZONE_2 -57, ZONE_3 -61, ZONE_4 -63 pp",,,,SUPPORTED,audit,audit_runs/20260918T175108Z/claim_evidence_matrix.csv,swot/audit_runs/20260918T175108Z/claim_evidence_matrix.csv,eef53e3c1c21077f5ac8cb7cd4a82f6e13f1bed7be387b8a5021cc1abe0ee9d3,"{""claim_id"": ""C-18""}",,,,,,,,,outputs/tables/p32b_paired_deltas_<zone>.csv; p32b_new_water_<zone>.csv,,,"ZONE_1: 3 pairs / 3 orbits, new water <1 km2 per pair (weakest); truth = open-water rule only (flooded vegetation never truth); leakage audit PASS (no target inside own composite)",none for the negative result; a standardized-anomaly formulation was tested in P38 (C-21),
C-19,audit_C,,VT (HAND-proxy>25 m or slope>8 deg veto) and VM (5x5 majority) stay within the recall guard in 4/4 zones; VMT admissible under its fringe rule in 4/4 zones; M3 remains the baseline (frozen conclusion round 3),,,,SUPPORTED_WITH_LIMITATION,audit,audit_runs/20260918T175108Z/claim_evidence_matrix.csv,swot/audit_runs/20260918T175108Z/claim_evidence_matrix.csv,eef53e3c1c21077f5ac8cb7cd4a82f6e13f1bed7be387b8a5021cc1abe0ee9d3,"{""claim_id"": ""C-19""}",,,,,,,,,p34 tables; P31 report,,,"criterion A improvement is small (ZONE_4 9.9->9.1 %); neither VT nor VM touches the bare-sand false water (78.3 % stays or rises to 84.6 %); no variant promoted, products untouched",exclusion layer for chronically radar-dark land (deferred in the report),
C-20,audit_C,,M3's chronic false water is located on the Oleshky sands: on never-wet land in ZONE_4 M3 calls Dynamic World `bare` water in 78.3 % of pre-breach events vs 6.3 % for cropland (RR 12.5); largest chronic object 108 km2 at 46.59 N 33.05 E,,,,SUPPORTED_WITH_LIMITATION,audit,audit_runs/20260918T175108Z/claim_evidence_matrix.csv,swot/audit_runs/20260918T175108Z/claim_evidence_matrix.csv,eef53e3c1c21077f5ac8cb7cd4a82f6e13f1bed7be387b8a5021cc1abe0ee9d3,"{""claim_id"": ""C-20""}",,,,,,,,,outputs/tables/p37_false_water_by_landcover_ZONE_*.csv,,,"Dynamic World is a weak label (60/30 m export resampled to 20 m); 'Oleshky sands' attribution is by coordinates, no polygon; DW `bare` is 13.4 % of the false-water area in ZONE_4 (RR is the number to read)",high-resolution imagery check of the 108 km2 object; sand exclusion layer,
C-21,audit_C,,"At matched recall (>= M3 - 2 pp) a leave-one-orbit-out random forest on -VV/-VH, dVV/dVH, z-anomaly, HAND/slope and frozen 2022 DW classes reaches precision 0.050 / CSI 0.049 vs M3's 0.012 (x4.2), AP 0.204, and rejects 91 % of M3's hard negatives while keeping 84.5 % of the new water M3 found (ZONE_4 pilot)",,,,SUPPORTED_WITH_LIMITATION,audit,audit_runs/20260918T175108Z/claim_evidence_matrix.csv,swot/audit_runs/20260918T175108Z/claim_evidence_matrix.csv,eef53e3c1c21077f5ac8cb7cd4a82f6e13f1bed7be387b8a5021cc1abe0ee9d3,"{""claim_id"": ""C-21""}",,,,,,,,,outputs/tables/p38c_operating_points_ZONE_4_*_pre.csv; p38c_strata_*; p38c_bootstrap_*,,,"one flood, one zone, 5 orbits of which 3 folds low-confidence (<3 pairs); bootstrap over 5 clusters 'reported, not trusted'; generalisation beyond the Kakhovka event not measured; VLR/VRF are candidate rejection stages, not products; frozen rule at the 0.5 cut FAILED (recall 31.7 % vs 73.3 %) - the matched-recall reading was specified in the review round before the evaluation run","hard-negative-stratified sampling, incidence-angle normalisation, three-class optical truth, extension to ZONE_2/3/1 (all deferred in the report)",
C-22,audit_C,,"M3's false water is a structural property of its anchor design, not a threshold choice: on d'>=1 scenes (n=7) the hard negatives are bimodal on M3's own axis (37 % inside the water anchor at D_z=-1.17), DW `bare` centroid lies 0.24 Mahalanobis from water vs 1.17 from land, and the land anchor (>=6 km from the river) is unimodal (dBIC -1134)",,,,SUPPORTED_WITH_LIMITATION,audit,audit_runs/20260918T175108Z/claim_evidence_matrix.csv,swot/audit_runs/20260918T175108Z/claim_evidence_matrix.csv,eef53e3c1c21077f5ac8cb7cd4a82f6e13f1bed7be387b8a5021cc1abe0ee9d3,"{""claim_id"": ""C-22""}",,,,,,,,,outputs/tables/p38d_m3_hardneg_summary_ZONE_4_*.csv,,,1e6-pixel samples per population; pooling on D_z assumes anchors at -/+ d'/2; 30 % of the zone's 119 events have d'<1 where M3 is near chance on its own anchors,repeat on ZONE_1 eastern frame (also contains the arenas),
C-23,audit_C,,"Longitudinal water-surface slope of the former reservoir from ICESat-2 ATL13 changed regime at the breach: median Theil-Sen PRE +0.090 cm/km (8/14 positive, sign test p=0.18) vs POST +3.314 cm/km (14/14 positive, p=0.0001); POST-PRE +3.22 cm/km, 95 % bootstrap CI [+1.99, +5.07], permutation p=0.0001; robust to min-span 10-40 km",,,,SUPPORTED,audit,audit_runs/20260918T175108Z/claim_evidence_matrix.csv,swot/audit_runs/20260918T175108Z/claim_evidence_matrix.csv,eef53e3c1c21077f5ac8cb7cd4a82f6e13f1bed7be387b8a5021cc1abe0ee9d3,"{""claim_id"": ""C-23""}",,,,,,,,,outputs/figure_data/FigG_perdate_slopes_robust.csv; FigG_transition_statistics.csv; FigG_span_sensitivity.csv,,,"REPRODUCED (CHK-020, R-005): per-date slopes to 4e-16, all deterministic statistics exact, MC within tolerance; 'slope along track' vs 'slope along channel' not separated pre-Phase-19 (the report says so); residual ponds pull OLS down (Theil-Sen used); dates on repeated RGTs are not guaranteed independent",check RGT repetition among the 14 POST dates (raw ATL13 rgt/cycle); separate channel vs residual-water slopes (Phase 19 product),
C-24,audit_C,,"SWOT and ICESat-2 agree to +0.002 m in the EGG2015 frame on the best temporally matched co-located overpass (2023-05-14, dt -2.28 h, NMAD 0.034 m); the -0.181 m of 2023-04-05 does not reproduce and is not explained by hydrology",,,,SUPPORTED_WITH_LIMITATION,audit,audit_runs/20260918T175108Z/claim_evidence_matrix.csv,swot/audit_runs/20260918T175108Z/claim_evidence_matrix.csv,eef53e3c1c21077f5ac8cb7cd4a82f6e13f1bed7be387b8a5021cc1abe0ee9d3,"{""claim_id"": ""C-24""}",,,,,,,,,outputs/tables/part4_colocated_swot_icesat.csv,,,n=3; the report itself forbids publishing any single-date offset; wind/pressure data absent (ERA5 blocked),ERA5/UkrHMI wind at Kherson; more co-located overpasses,
C-25,audit_C,,The six-gauge corrector c=-0.1321 m is not supported by the independent SWOT test (applying it worsens |median| 0.002->0.134 m),,,,NOT_TESTABLE,audit,audit_runs/20260918T175108Z/claim_evidence_matrix.csv,swot/audit_runs/20260918T175108Z/claim_evidence_matrix.csv,eef53e3c1c21077f5ac8cb7cd4a82f6e13f1bed7be387b8a5021cc1abe0ee9d3,"{""claim_id"": ""C-25""}",,,,,,,,,as C-24,,,wrong site for the test (extrapolation from the reservoir gauges) and n=3 - the report says so itself,co-located overpasses over the reservoir gauges,
C-26,audit_C,,Using per-year Dynamic World (2023/2024) as a predictor for post-breach S1 water is temporal leakage; 14.3 % of the ZONE_4 frame changes label 2022->2023; all P38 results use the frozen 2022 composite,,,,SUPPORTED,audit,audit_runs/20260918T175108Z/claim_evidence_matrix.csv,swot/audit_runs/20260918T175108Z/claim_evidence_matrix.csv,eef53e3c1c21077f5ac8cb7cd4a82f6e13f1bed7be387b8a5021cc1abe0ee9d3,"{""claim_id"": ""C-26""}",,,,,,,,,outputs/tables/p38c_*_year.csv vs *_pre.csv,,,"the leak was worth little in AP (0.202 vs 0.204) but the principle is correctly applied; this is design hygiene, not a science result",none,
C-27,audit_C,,"The Ukraine SWOT clip is complete and lossless: 8461/8461 granules, 4919 clipped shapefile sets intact, 125/125 bitwise-identical re-clips, 40/40 genuinely empty granules; the 483 GB continent-wide originals were deleted",,,,SUPPORTED_WITH_LIMITATION,audit,audit_runs/20260918T175108Z/claim_evidence_matrix.csv,swot/audit_runs/20260918T175108Z/claim_evidence_matrix.csv,eef53e3c1c21077f5ac8cb7cd4a82f6e13f1bed7be387b8a5021cc1abe0ee9d3,"{""claim_id"": ""C-27""}",,,,,,,,,p22b log / tables,,,the check ran before deletion; only the clipped copy remains so the fidelity test is no longer repeatable - only counts and internal integrity can be re-checked (CHK-021) | CHK-021 (2026-09-18): counts reproduced exactly (4919 x 5 components; manifest 4919 CLIPPED + 3507 NO_FEATURES + 35 BBOX_SKIP = 8461),re-count granules and shapefile components in swot_ua,
C-28,audit_C,,p29 built a navigable deliverables tree (outputs/deliverables) of hardlinked canonical products with generated READMEs,,,,SUPPORTED_WITH_LIMITATION,audit,audit_runs/20260918T175108Z/claim_evidence_matrix.csv,swot/audit_runs/20260918T175108Z/claim_evidence_matrix.csv,eef53e3c1c21077f5ac8cb7cd4a82f6e13f1bed7be387b8a5021cc1abe0ee9d3,"{""claim_id"": ""C-28""}",,,,,,,,,outputs/deliverables/**,,,"commit says 310 files; tree now holds 618 (577 hardlinked, 41 singletons) - grew after p29 or counted logical groups; a hardlink tree is not a backup (same inodes)",CHK-009 counted; pair inodes to sources if needed,
C-29,audit_C,,"Canopy-height CHANGE on the former bed cannot be measured from the existing ICESat-2 record: only 1 cross-year pair of QC-accepted leaf-on canopy segments lies within 20 m laterally (931 candidates, 2023-2025); per-year on-track height distributions are available instead",,,,SUPPORTED,audit,audit_runs/20260918T175108Z/claim_evidence_matrix.csv,swot/audit_runs/20260918T175108Z/claim_evidence_matrix.csv,eef53e3c1c21077f5ac8cb7cd4a82f6e13f1bed7be387b8a5021cc1abe0ee9d3,"{""claim_id"": ""C-29""}",,,,,,,,,repeat_track_canopy_pairs_former_pool.csv,,,lateral tolerance 20 m is strict for off-pointing tracks; relaxing to 100 m would pair different footprints (different vegetation); ATL03-level re-pull would not change the geometry,request repeat-track pairs from future cycles or a targeted RGT list (GAP-010),
C-30,audit_C,,On the reach below the dam the wetted width on comparable late-summer dates is ~100 m (15-20 %) larger after the breach than before (median total width 580-620 m 2017-2022 vs 690-740 m 2025) at Kherson stages within 0.5 m; bank offsets vs 2023-09-08 lie within the 40 m detection limit on most transects,,,,SUPPORTED_WITH_LIMITATION,audit,audit_runs/20260918T175108Z/claim_evidence_matrix.csv,swot/audit_runs/20260918T175108Z/claim_evidence_matrix.csv,eef53e3c1c21077f5ac8cb7cd4a82f6e13f1bed7be387b8a5021cc1abe0ee9d3,"{""claim_id"": ""C-30""}",,,,,,,,,width_by_transect_date.csv,,,"stage not matched, only listed; dates cloud-limited (validity 11-100 %); water contour != bank; discharge post-breach unregulated vs regulated pre-breach - a hydrological, not morphological, explanation is not excluded",stage-matched pairs (|dH|<0.1 m) and S1-based widths on the same transects; Kherson discharge,
C-31,audit_C,,"On the 2,107 km2 former water surface of the Kakhovka reservoir, the vegetated share of the OBSERVED area rose from a median 27 % in Jun-Sep 2023 to 72 % in 2024 and 84 % in 2025, while bare sediment fell 26 -> 8 -> 4 % and residual water 37 -> 17 -> 11 %; 90 % of the surface was first seen non-water within 94 days of the breach and 1,534 km2 showed a first vegetated observation in 2023",,,,SUPPORTED_WITH_LIMITATION,audit,audit_runs/20260918T175108Z/claim_evidence_matrix.csv,swot/audit_runs/20260918T175108Z/claim_evidence_matrix.csv,eef53e3c1c21077f5ac8cb7cd4a82f6e13f1bed7be387b8a5021cc1abe0ee9d3,"{""claim_id"": ""C-31""}",,,,,,,,,mode_class_leafon_*.tif; first_*_interval_*.tif; transition_*.csv,,,classes unvalidated (no labels; sample designed); 'vegetated' includes REED_OR_FLOODED_VEGETATION which here is mostly young willow/poplar thicket (DW trees label on 22 % in 2024) - species/structure NOT claimed; observed share per date ~0.5 (clouds); first-vegetation is a single-date class call,label the 320-point sample on high-resolution imagery; repeat with 2026 stacks (GAP-001),
C-32,audit_C,,"Canopy-height CHANGE is not measurable (C-29), but the on-track canopy record grows with the succession: QC-accepted leaf-on canopy segments over the former pool 144 (2023) -> 227 (2024) -> 560 (2025) at 20 m; Dynamic World 2024 assigns 'trees' to 22 % and woody probability >= 0.3 to 25 % of the former water surface (0.03 % in 2022)",,,,SUPPORTED_WITH_LIMITATION,audit,audit_runs/20260918T175108Z/claim_evidence_matrix.csv,swot/audit_runs/20260918T175108Z/claim_evidence_matrix.csv,eef53e3c1c21077f5ac8cb7cd4a82f6e13f1bed7be387b8a5021cc1abe0ee9d3,"{""claim_id"": ""C-32""}",,,,,,,,,canopy_segments_20m.parquet; dw_2024_trees_plus_shrub_prob_x100_former_water.tif,,,segment counts also depend on track coverage per year (14/46/43 passes); DW is a weak label at 60 m export; no independent structure data,DW 2025/2026 frames (GAP-004); labelled sample,
C-33,audit_C,,"Effective Manning roughness of the former Kakhovka pool (literature priors on project-derived classes) rose from an area-weighted n_base 0.032 before the breach to 0.042 (late summer 2023), 0.060 (2024) and 0.063 (2025); by 2025 63 % of the former pool cells carry dn > +0.02, driven by reed/tall-herb (15 -> 739 km2) and DW-labelled young woody cover (0 -> 472 km2)",,,,SUPPORTED_WITH_LIMITATION,audit,audit_runs/20260918T175108Z/claim_evidence_matrix.csv,swot/audit_runs/20260918T175108Z/claim_evidence_matrix.csv,eef53e3c1c21077f5ac8cb7cd4a82f6e13f1bed7be387b8a5021cc1abe0ee9d3,"{""claim_id"": ""C-33""}",,,,,,,,,ZONE_1_pool_manning_n_*_<state>.tif; *_dn_base_*.tif; manning_n_change_BREACH_2023_STATE_2025.tif,,,"n values are LITERATURE PRIORS, not calibrated; class maps unvalidated (F-15 lineage); woody split rests on Dynamic World (weak label, 60 m export, 2024 reused for 2025); depth/season dependence unresolved (scenario bands); 2026 state missing for the pool (GAP-001)",label the 320-point sample; DW 2025/2026; paired HEC-RAS runs T6 (hecras_sensitivity_design.csv),
C-34,audit_C,,"The legacy DniproGES1D HEC-RAS model (v6.50, 1D) uses uniform channel n = 0.045 (211 of 222 cross-sections in g01) and, in the kachovka1D geometry, a three-value horizontal scheme {0.022, 0.043, 0.189}; none of these values entered the new roughness dataset",,,,SUPPORTED,audit,audit_runs/20260918T175108Z/claim_evidence_matrix.csv,swot/audit_runs/20260918T175108Z/claim_evidence_matrix.csv,eef53e3c1c21077f5ac8cb7cd4a82f6e13f1bed7be387b8a5021cc1abe0ee9d3,"{""claim_id"": ""C-34""}",,,,,,,,,,,,MODEL_COMPARISON_ONLY (user decision); LandCover.hdf not opened; g02 has no #Mann records (2D land-cover based),none,
C-35,audit_C,,"With the features available in the project (S2 POST_BREACH regime medians, Dynamic World 2024 probabilities, FABDEM slope/HAND-proxy) a random forest does not predict ATL08 canopy height on the former bed better than the mean height of the S2 class: pooled RMSE 0.59 vs 0.61 m (+2.4 %), 7 of 14 leave-one-RGT-out folds; 97.6 % of 2025 leaf-on segments carry no canopy",,,,SUPPORTED,audit,audit_runs/20260918T175108Z/claim_evidence_matrix.csv,swot/audit_runs/20260918T175108Z/claim_evidence_matrix.csv,eef53e3c1c21077f5ac8cb7cd4a82f6e13f1bed7be387b8a5021cc1abe0ee9d3,"{""claim_id"": ""C-35""}",,,,,,,,,predictions_holdout_zone1.parquet,,,"negative result for THIS feature set and season; per-date features, S1 texture or DW 2025 were not tried; labels are PhoREAL segment metrics",repeat in 2026 with taller canopies and DW 2025/2026 frames; add S1 VV-VH and per-date NDMI features,
G1,vertical_reference,provenance,"One production BS-77 → EVRF2019 grid is used everywhere: ua_2019z.asc (ESRI ASCII, 167×99 at 0.15°, 3776 valid nodes, ETRS89/GRS80), which is the CRS-EU distribution «UA_KRON/NH to EVRF2019zero» of the EPSG:9902 operation, IDW-interpolated from its 154 defining points. The Stopkhai et al. (2026) UKG2017 → EVRF2019 raster is a different product (mean 0.070 m) and is NOT used in production; the draft must cite each for what it is.
",3.4 / 4.1,AT4,,SUPPORTED,manual,outputs/tables/kakhovka_datum_comparison.csv,icesat/outputs/tables/kakhovka_datum_comparison.csv,9d5f9fa72ea48c89b8bd04f5d3e15f8b061deebbdb89e4d5060f5837414c0d49,"{""name_en"": ""Nova Kakhovka""}",official correction at the posts {delta_official_m:.3f} m,official correction at the posts 0.216 m,m,,,,,,,T08;T10,,"Grid identity rests on the sha256 in provenance.json; the EPSG sanity check is consistency, not identity. v1 §3.4/§9 name EPSG registry, BKG and Stopkhai in one breath (marker REF01).",none,no
G2,vertical_reference,provenance,"The EGG2015 quasigeoid raster in production (egg_2015.tif, 1′×1′) has no citable upstream source: the public ISG release is 10′×15′.
",3.5,AT4,,UNKNOWN,manual,,,,,,,,,,,,,,T08,,"Citation problem, not a numerical one (egm2008_minus_evrs −0.145 ± 0.027 m).","obtain the 1′ EGG2015 grid with licence, or re-run on the public grid and report the difference",yes
S1.1,vegetation,area_series,"The vegetated share (classes 5–7) of the 2 107 km² former water surface rose from 2023 to 2025 on leaf-on Sentinel-2 dates, while bare sediment and residual water shrank.
",6.9 Vegetation succession on the exposed bed,AT8,,SUPPORTED_WITH_LIMITATION,manual,audit_runs/20260918T175108Z/pilots/vegetation/out/class_shares_by_year_summary.csv,swot/audit_runs/20260918T175108Z/pilots/vegetation/out/class_shares_by_year_summary.csv,7fb7af22c1550b1cb720d1b547374cb9aead0986ab68913de50401f09e060c21,"{""year"": ""2025""}","veg {share_veg_5_6_7_median:.1%}, bare {share_bare_3_4_median:.1%}, water {share_water_1_2_median:.1%} (2025)","veg 83.8%, bare 4.0%, water 10.8% (2025)",share of former water surface,per-date range veg 0.00–0.88; observed share 0.48,12 leaf-on dates,leaf-on 2023 / 2024 / 2025,"former water surface (pool ∧ pre-breach mode water), 2 107 km²",F8,T6,T25;T27,LK2.1,"Class shares are measured, not accuracy-assessed: the 320-point stratified sample is unlabelled (T27); Kuzemko et al. 2025 publish a field-based habitat map of the same bed.",label validation_sample_design_2025.csv before any accuracy or area-error statement,no
S1.1a,vegetation,area_series,Vegetated share of the former water surface in the first leaf-on season (2023).,6.9,AT8,,SUPPORTED_WITH_LIMITATION,manual,audit_runs/20260918T175108Z/pilots/vegetation/out/class_shares_by_year_summary.csv,swot/audit_runs/20260918T175108Z/pilots/vegetation/out/class_shares_by_year_summary.csv,7fb7af22c1550b1cb720d1b547374cb9aead0986ab68913de50401f09e060c21,"{""year"": ""2023""}","veg {share_veg_5_6_7_median:.1%}, bare {share_bare_3_4_median:.1%}, water {share_water_1_2_median:.1%} (2023)","veg 26.9%, bare 25.6%, water 36.7% (2023)",,,10 leaf-on dates,,,F8,T6,T25,,,,no
S1.1b,vegetation,area_series,Vegetated share of the former water surface in 2024.,6.9,AT8,,SUPPORTED_WITH_LIMITATION,manual,audit_runs/20260918T175108Z/pilots/vegetation/out/class_shares_by_year_summary.csv,swot/audit_runs/20260918T175108Z/pilots/vegetation/out/class_shares_by_year_summary.csv,7fb7af22c1550b1cb720d1b547374cb9aead0986ab68913de50401f09e060c21,"{""year"": ""2024""}","veg {share_veg_5_6_7_median:.1%}, bare {share_bare_3_4_median:.1%}, water {share_water_1_2_median:.1%} (2024)","veg 72.0%, bare 7.6%, water 16.6% (2024)",,,5 leaf-on dates,,,F8,T6,T25,,,,no
S1.2,vegetation,class_areas,"Mode-class areas of the former water surface by year: reed/flooded vegetation peaks in 2024 and dense herbaceous cover expands in 2025 while open water and dry bare sediment collapse.
",6.9,AT8,,SUPPORTED_WITH_LIMITATION,manual,audit_runs/20260918T175108Z/pilots/vegetation/out/mode_class_areas_by_year_former_water.csv,swot/audit_runs/20260918T175108Z/pilots/vegetation/out/mode_class_areas_by_year_former_water.csv,0b53372f003984b4632a1f99a3a9c8df7e5bd9dd527cf594ff724336fb541b89,"{""year"": ""2025""}","2025: open water {OPEN_WATER_km2:.0f}, dry bare {DRY_BARE_SEDIMENT_km2:.0f}, dense herb {DENSE_HERBACEOUS_km2:.0f}, reed {REED_OR_FLOODED_VEGETATION_km2:.0f} km²","2025: open water 90, dry bare 38, dense herb 286, reed 686 km²",km²,,1258 km² with ≥2 observations,,,F8,T6,T25,,Area with ≥2 leaf-on observations shrinks to 1 258 km² in 2025 (12 dates but partial coverage).,,no
S1.2a,vegetation,class_areas,Mode-class areas of the former water surface in 2023 (first exposure).,6.9,AT8,,SUPPORTED_WITH_LIMITATION,manual,audit_runs/20260918T175108Z/pilots/vegetation/out/mode_class_areas_by_year_former_water.csv,swot/audit_runs/20260918T175108Z/pilots/vegetation/out/mode_class_areas_by_year_former_water.csv,0b53372f003984b4632a1f99a3a9c8df7e5bd9dd527cf594ff724336fb541b89,"{""year"": ""2023""}","2023: open water {OPEN_WATER_km2:.0f}, dry bare {DRY_BARE_SEDIMENT_km2:.0f}, sparse herb {SPARSE_HERBACEOUS_km2:.0f}, reed {REED_OR_FLOODED_VEGETATION_km2:.0f} km²","2023: open water 673, dry bare 612, sparse herb 166, reed 417 km²",,,2107 km²,,,,T6,T25,,,,no
S1.2b,vegetation,class_areas,Mode-class areas of the former water surface in 2024 (reed maximum).,6.9,AT8,,SUPPORTED_WITH_LIMITATION,manual,audit_runs/20260918T175108Z/pilots/vegetation/out/mode_class_areas_by_year_former_water.csv,swot/audit_runs/20260918T175108Z/pilots/vegetation/out/mode_class_areas_by_year_former_water.csv,0b53372f003984b4632a1f99a3a9c8df7e5bd9dd527cf594ff724336fb541b89,"{""year"": ""2024""}","2024: open water {OPEN_WATER_km2:.0f}, dry bare {DRY_BARE_SEDIMENT_km2:.0f}, dense herb {DENSE_HERBACEOUS_km2:.0f}, reed {REED_OR_FLOODED_VEGETATION_km2:.0f} km²","2024: open water 212, dry bare 137, dense herb 159, reed 1031 km²",,,1920 km²,,,,T6,T25,,,,no
S1.5,vegetation,domain_definition,The analysis domain is the former water surface: pool polygon ∧ pre-breach mode water.,4.12,AT8,,SUPPORTED,manual,audit_runs/20260918T175108Z/pilots/vegetation/out/summary.json,swot/audit_runs/20260918T175108Z/pilots/vegetation/out/summary.json,1417037f2a99d91356aba6a6dc6ee482a065b3fe53f5578ddf98a17d9108c913,{},pool {domain.pool_km2:.1f} km²; former water surface {domain.former_water_km2:.1f} km²; legacy land {domain.legacy_land_km2:.1f} km²,pool 2174.7 km²; former water surface 2107.0 km²; legacy land 55.0 km²,km²,,53 Sentinel-2 dates,,,,T1,,,,,no
S1.3,vegetation,transition_matrix,"Between 2023 and 2025 the former water surface moved to vegetation from both residual water and bare sediment; the vegetation→vegetation persistence dominates 2024→2025.
",6.9,AT8,,SUPPORTED_WITH_LIMITATION,manual,audit_runs/20260918T175108Z/pilots/vegetation/out/summary.json,swot/audit_runs/20260918T175108Z/pilots/vegetation/out/summary.json,1417037f2a99d91356aba6a6dc6ee482a065b3fe53f5578ddf98a17d9108c913,{},"2023→2025 ({E2_transitions.2023->2025.area_km2:.0f} km²): water→veg {E2_transitions.2023->2025.grouped_km2.water->vegetation:.0f}, sediment→veg {E2_transitions.2023->2025.grouped_km2.sediment->vegetation:.0f}, veg→veg {E2_transitions.2023->2025.grouped_km2.vegetation->vegetation:.0f}, water→water {E2_transitions.2023->2025.grouped_km2.water->water:.0f} km²","2023→2025 (1258 km²): water→veg 407, sediment→veg 406, veg→veg 261, water→water 116 km²",km²,2024→2025 veg→veg 847 of 1214 km²,,,,F8,T6,T25,,Mode classes on leaf-on dates; area with ≥2 observations in both years only.,,no
S1.4,vegetation,first_event_timing,"Interval-censored first-event analysis: most of the former water surface was first seen non-water within about three months of the breach and first seen vegetated within the first season, with a long tail into 2024.
",6.13 Exposure and first-vegetation timing,AT8,,SUPPORTED_WITH_LIMITATION,manual,audit_runs/20260918T175108Z/pilots/vegetation/out/summary.json,swot/audit_runs/20260918T175108Z/pilots/vegetation/out/summary.json,1417037f2a99d91356aba6a6dc6ee482a065b3fe53f5578ddf98a17d9108c913,{},exposed by series end {E3_first_events.exposed_by_series_end_km2:.0f} km² (censored {E3_first_events.never_seen_nonwater_km2_censored:.0f}); vegetated {E3_first_events.vegetated_by_series_end_km2:.0f} km² (censored {E3_first_events.never_seen_vegetated_km2_censored:.0f}); exposure hi-quantiles (d) {E3_first_events.exposure_hi_quantiles_days}; vegetation hi-quantiles (d) {E3_first_events.vegetation_hi_quantiles_days},"exposed by series end 2031 km² (censored 76); vegetated 1925 km² (censored 182); exposure hi-quantiles (d) [29.0, 29.0, 29.0, 82.0, 94.0]; vegetation hi-quantiles (d) [29.0, 72.0, 94.0, 109.0, 424.0]",days since 2023-06-06,interval width median 30 d (exposure) / 30 d (vegetation),,,,F12,,T25,,Interval-censored by the Sentinel-2 revisit; quantiles are the upper interval bound.,,no
W1.1,woody,land_cover_probability,"Dynamic World trees+shrub probability over the former water surface rises from near zero in 2022 to a quarter of the area at ≥0.3 in 2024; the 'trees' label alone covers about a fifth.
",6.10 Woody encroachment,AT8,,SUPPORTED_WITH_LIMITATION,manual,audit_runs/20260918T175108Z/pilots/vegetation/out/summary.json,swot/audit_runs/20260918T175108Z/pilots/vegetation/out/summary.json,1417037f2a99d91356aba6a6dc6ee482a065b3fe53f5578ddf98a17d9108c913,{},share woody prob ≥0.3: {E4_dynamic_world_woody.2022.share_woody_prob_ge_0p3:.2%} (2022) → {E4_dynamic_world_woody.2023.share_woody_prob_ge_0p3:.2%} (2023) → {E4_dynamic_world_woody.2024.share_woody_prob_ge_0p3:.1%} (2024); 'trees' label 2024 {E4_dynamic_world_woody.2024.label_shares.1:.1%},share woody prob ≥0.3: 0.03% (2022) → 0.31% (2023) → 25.2% (2024); 'trees' label 2024 21.8%,share of former water surface,mean trees+shrub prob 0.071 → 0.217; share ≥0.5 stays 0.29%,,"DW annual composites 2022–2024 (2025–2026 missing, GAP-004)",,F8,T6,T26;T25,LD2.1,"Land-cover probability, not a field measurement; the 2023/2024 composites include post-breach scenes; probability ≥0.5 remains <1 %.",DW 2025/2026 frames once EE quota allows,no
W1.2,woody,layer_statistics,ICESat-2 20 m canopy_ok segments over the former pool multiply after the breach.,6.10,AT8,,SUPPORTED_WITH_LIMITATION,manual,audit_runs/20260918T175108Z/pilots/vegetation/out/summary.json,swot/audit_runs/20260918T175108Z/pilots/vegetation/out/summary.json,1417037f2a99d91356aba6a6dc6ee482a065b3fe53f5578ddf98a17d9108c913,{},canopy_ok 20 m: {E4_icesat2_canopy_former_pool.canopy_ok_by_year_20m.2023} (2023) → {E4_icesat2_canopy_former_pool.canopy_ok_by_year_20m.2024} (2024),canopy_ok 20 m: 164 (2023) → 2165 (2024),,,,,,,,T28;T26,,Segment counts depend on track geometry per year; not an area.,,no
H1.1,atl08,layer_statistics,"ATL08 100 m canopy segments passing QC over the study zones have a low, right-skewed canopy-height distribution.
",4.14 ICESat-2 ATL08 layers,AT8,,SUPPORTED_WITH_LIMITATION,manual,audit_runs/20260918T175108Z/pilots/icesat2/out/summary.json,swot/audit_runs/20260918T175108Z/pilots/icesat2/out/summary.json,54a17b9a145dad9962cc1684c980ae629ccd35afb2f8a958ef8ef580b4fc1307,{},"h_canopy p50 {qc_100m.h_canopy_ok_quantiles.0.5} m, p95 {qc_100m.h_canopy_ok_quantiles.0.95} m","h_canopy p50 1.58 m, p95 11.87 m",m,,280489 canopy_ok of 1335986 segments (100 m),,,,,T28;T06,,Distribution per year only; no change claim (H1.2).,,no
H1.2,atl08,negative_result,"Canopy-height change from repeat ICESat-2 tracks over the former pool is NOT identifiable with the current design: a single cross-year pair within 20 m.
",7.10 Limitations,AT8,,NOT_TESTABLE,manual,audit_runs/20260918T175108Z/pilots/icesat2/out/repeat_track_canopy_pairs_former_pool.csv,swot/audit_runs/20260918T175108Z/pilots/icesat2/out/repeat_track_canopy_pairs_former_pool.csv,34a056c99d179697370d89824a38059758b3438dd335815b6eadc2196c66778f,"{""rgt_a"": ""167""}","one pair RGT {rgt_a}→{rgt_b} ({year_a}→{year_b}), dh {dh_canopy:.2f} m at {dist_m:.1f} m separation","one pair RGT 167→1211 (2023→2025), dh -3.15 m at 17.2 m separation",m,,n_pairs = 1,,,,,T28,,Audit C-29: NOT_IDENTIFIABLE_CURRENT_DESIGN (n_pairs < 50).,"SlideRule photon pull on repeat RGTs, or accept as limitation",no
K1.1,channel,width_series,"Wetted width on 157 SWORD-node transects below the dam is larger after the breach on comparable late-summer dates at matched Kherson stage.
",6.11 Channel widening below the dam,AT9,,SUPPORTED_WITH_LIMITATION,manual,audit_runs/20260918T175108Z/pilots/channel/out/width_summary_by_year.csv,swot/audit_runs/20260918T175108Z/pilots/channel/out/width_summary_by_year.csv,11e211305be06969fd4022388a59c86d5ce7a294ca96a20043017ae083121a9f,"{""year"": ""2025.0""}","2025 median {width_total_median_m:.0f} m (p25 {width_total_p25:.0f}, p75 {width_total_p75:.0f}); main arm {width_main_median_m:.0f} m","2025 median 690 m (p25 465, p75 895); main arm 560 m",m,,406 valid transect-dates on 4 dates; Kherson stage median -0.2 m,"2017–2026, 37 dates","KAKHOVKA_DAM_TO_KHERSON channel, chainage −77.9…+0.8 km",F9,T3,T32;T22,LT2.1,Water contour ≠ geomorphic bank; bank displacement at the 40 m detection limit; arms counted along transects (no RivGraph).,,no
K1.1a,channel,width_series,"Pre-breach reference width (2019, six dates).",6.11,AT9,,SUPPORTED_WITH_LIMITATION,manual,audit_runs/20260918T175108Z/pilots/channel/out/width_summary_by_year.csv,swot/audit_runs/20260918T175108Z/pilots/channel/out/width_summary_by_year.csv,11e211305be06969fd4022388a59c86d5ce7a294ca96a20043017ae083121a9f,"{""year"": ""2019.0""}",2019 median {width_total_median_m:.0f} m; main arm {width_main_median_m:.0f} m; Kherson stage {stage_kherson_median} m,2019 median 580 m; main arm 500 m; Kherson stage 0.2 m,,,356 valid transect-dates on 6 dates,,,F9,,T32,,,,no
K1.1b,channel,width_series,"Breach-year width and braiding (2023, thirteen dates).",6.11,AT9,,SUPPORTED_WITH_LIMITATION,manual,audit_runs/20260918T175108Z/pilots/channel/out/width_summary_by_year.csv,swot/audit_runs/20260918T175108Z/pilots/channel/out/width_summary_by_year.csv,11e211305be06969fd4022388a59c86d5ce7a294ca96a20043017ae083121a9f,"{""year"": ""2023.0""}",2023 median {width_total_median_m:.0f} m; main arm {width_main_median_m:.0f} m; n_arms median {n_arms_median:.0f},2023 median 720 m; main arm 560 m; n_arms median 2,,,1092 valid transect-dates on 13 dates,,,F9,,T32,,,,no
K1.2,channel,geometry,Transect geometry of the channel-width analysis.,4.13 Channel transects,AT9,,SUPPORTED,manual,audit_runs/20260918T175108Z/pilots/channel/out/summary.json,swot/audit_runs/20260918T175108Z/pilots/channel/out/summary.json,776e8f9628e0a3b438a566d53676b2d08d3de6b6b8d6da2e8118da0f1e22463c,{},"{centreline.n_sword_nodes} SWORD nodes, {centreline.n_transects} transects at {centreline.step_m:.0f} m, half-length {centreline.half_length_m:.0f} m","321 SWORD nodes, 157 transects at 500 m, half-length 2500 m",,,3141 valid of 5809 transect-dates,,,,T1,,,,,no
N1.1,roughness,roughness_transition,"The area-weighted Manning n of the former pool roughly doubles between the breach state and 2025 as class areas move from open water to reed and young woody cover.
",6.12 Roughness translation,AT10,,SUPPORTED_WITH_LIMITATION,manual,audit_runs/20260918T175108Z/pilots/roughness/out/ZONE_1_pool_roughness_transition_summary.csv,swot/audit_runs/20260918T175108Z/pilots/roughness/out/ZONE_1_pool_roughness_transition_summary.csv,f434560bff90dbbfc9a2cd8e71544a9bc7abfe35003f8b487c0f02d76521fc3a,"{""from_state"": ""BREACH_2023"", ""to_state"": ""STATE_2025""}",n {area_weighted_mean_n_a:.3f} → {area_weighted_mean_n_b:.3f}; median Δn {median_dn:+.3f},n 0.032 → 0.063; median Δn +0.035,Manning n,share of area with Δn > 0.02: 0.63; Δn < −0.02: 0.004,2154 km²,,,F10,T5,T33;T34,LT2.1,"A translation of class change through literature priors (n_base per class), not a hydraulic measurement; validation_ref = none for every class.","hydraulic calibration against observed stages (HEC-RAS sensitivity design exists, not run)",no
N1.1a,roughness,roughness_transition,Roughness step at first exposure (BREACH_2023 → FIRST_EXPOSURE_2023).,6.12,AT10,,SUPPORTED_WITH_LIMITATION,manual,audit_runs/20260918T175108Z/pilots/roughness/out/ZONE_1_pool_roughness_transition_summary.csv,swot/audit_runs/20260918T175108Z/pilots/roughness/out/ZONE_1_pool_roughness_transition_summary.csv,f434560bff90dbbfc9a2cd8e71544a9bc7abfe35003f8b487c0f02d76521fc3a,"{""from_state"": ""BREACH_2023"", ""to_state"": ""FIRST_EXPOSURE_2023""}",n {area_weighted_mean_n_a:.3f} → {area_weighted_mean_n_b:.3f},n 0.032 → 0.042,,,2160 km²,,,,T5,T33,,,,no
N1.1b,roughness,roughness_transition,Roughness step with the 2024 reed expansion (FIRST_EXPOSURE_2023 → STATE_2024).,6.12,AT10,,SUPPORTED_WITH_LIMITATION,manual,audit_runs/20260918T175108Z/pilots/roughness/out/ZONE_1_pool_roughness_transition_summary.csv,swot/audit_runs/20260918T175108Z/pilots/roughness/out/ZONE_1_pool_roughness_transition_summary.csv,f434560bff90dbbfc9a2cd8e71544a9bc7abfe35003f8b487c0f02d76521fc3a,"{""from_state"": ""FIRST_EXPOSURE_2023"", ""to_state"": ""STATE_2024""}",n {area_weighted_mean_n_a:.3f} → {area_weighted_mean_n_b:.3f}; share Δn > 0.02 {share_dn_gt_0p02:.2f},n 0.041 → 0.060; share Δn > 0.02 0.45,,,2139 km²,,,,T5,T33,,,,no
N1.2,roughness,class_areas,Roughness-class areas of the former pool in the 2025 state (reed and young woody dominate).,6.12,AT10,,SUPPORTED_WITH_LIMITATION,manual,audit_runs/20260918T175108Z/pilots/roughness/out/ZONE_1_pool_class_areas_by_state.csv,swot/audit_runs/20260918T175108Z/pilots/roughness/out/ZONE_1_pool_class_areas_by_state.csv,57fc2df63b2e507b459ea539eb513ecee4d268ca2e989131dfce012f9eb8de4d,"{""state"": ""STATE_2025""}","reed {reed_tall_herb_km2:.0f}, young woody dense {young_woody_dense_km2:.0f}, dense herb {dense_herbaceous_km2:.0f}, open water {open_water_km2:.0f} km²","reed 739, young woody dense 472, dense herb 343, open water 174 km²",km²,,valid 2154 km²,,,F10,T6,T33;T26,,,,no
N1.2a,roughness,class_areas,Roughness-class areas of the former pool at the breach state (almost entirely open water).,6.12,AT10,,SUPPORTED,manual,audit_runs/20260918T175108Z/pilots/roughness/out/ZONE_1_pool_class_areas_by_state.csv,swot/audit_runs/20260918T175108Z/pilots/roughness/out/ZONE_1_pool_class_areas_by_state.csv,57fc2df63b2e507b459ea539eb513ecee4d268ca2e989131dfce012f9eb8de4d,"{""state"": ""BREACH_2023""}",open water {open_water_km2:.0f} of valid {valid_km2:.0f} km²; mature woody legacy {mature_woody_legacy_km2:.0f} km²,open water 2101 of valid 2162 km²; mature woody legacy 30 km²,,,,,,,T6,T33,,,,no
N1.3,roughness,roughness_transition,The floodway below the dam (ZONE_4) also gains roughness from the breach state to 2026.,6.12,AT10,,SUPPORTED_WITH_LIMITATION,manual,audit_runs/20260918T175108Z/pilots/roughness/out/ZONE_4_roughness_transition_summary.csv,swot/audit_runs/20260918T175108Z/pilots/roughness/out/ZONE_4_roughness_transition_summary.csv,c6d8d542219dd2286fef31859a67635d8b1725f30ff0509ca98492d32dee706a,"{""from_state"": ""BREACH_2023"", ""to_state"": ""CURRENT_2026""}",n {area_weighted_mean_n_a:.3f} → {area_weighted_mean_n_b:.3f}; share Δn > 0.02 {share_dn_gt_0p02:.2f},n 0.069 → 0.067; share Δn > 0.02 0.05,Manning n,,3876 km² (valid area only),,,,,T33;T34,,Only ~1 000 km² of the 10 348 km² ZONE_4 frame is valid after the breach; BREACH_2023 row covers 6 918 km².,,no
N1.4,roughness,prior_table,"Manning n prior for reed / tall herbaceous cover (WSP 2339, Chow, HEC-RAS, Järvelä).",4.14 Roughness translation,AT10,,SUPPORTED_WITH_LIMITATION,manual,audit_runs/20260918T175108Z/roughness_class_table.csv,swot/audit_runs/20260918T175108Z/roughness_class_table.csv,526f1eafeaa474f07a6e619eec44f7ca3df984dd5fe2b8134574cbd4adfe1026,"{""state_id"": ""STATE_2025"", ""class_name"": ""reed_tall_herb""}",n_low {n_low} / n_base {n_base} / n_high {n_high}; confidence {confidence}; {calibration_status},n_low 0.045 / n_base 0.065 / n_high 0.09; confidence medium; LOCALLY_SUPPORTED_CLASS,Manning n,,,,,,T5,T33,,validation_ref = none; literature prior.,,no
N1.4a,roughness,prior_table,Manning n prior for dense young woody cover.,4.14,AT10,,SUPPORTED_WITH_LIMITATION,manual,audit_runs/20260918T175108Z/roughness_class_table.csv,swot/audit_runs/20260918T175108Z/roughness_class_table.csv,526f1eafeaa474f07a6e619eec44f7ca3df984dd5fe2b8134574cbd4adfe1026,"{""state_id"": ""STATE_2025"", ""class_name"": ""young_woody_dense""}",n_low {n_low} / n_base {n_base} / n_high {n_high}; confidence {confidence},n_low 0.07 / n_base 0.1 / n_high 0.16; confidence low,Manning n,,,,,,T5,T33,,,,no
B2.1,bed_dem_zones,cross_validation,ZONE_2 (Kherson delta) pre-breach bed: soundings-only interpolation is the selected arm.,5.13 Zone bed DEMs,AT5,,SUPPORTED_WITH_LIMITATION,manual,outputs/tables/p28_surface_summary_ZONE_2_KHERSON_DELTA.csv,swot/outputs/tables/p28_surface_summary_ZONE_2_KHERSON_DELTA.csv,623ca0721633845fda0328c2129f73e83237aaff3ef3f50e186fba94478c4dcb,"{""cell_m"": ""250.0""}","{best_arm} / {best_method}: RMSE {best_rmse_soundings_m:.2f} m, bias {best_bias_soundings_m:+.2f} m, NMAD {best_nmad_soundings_m:.2f} m","SND_ONLY / LINEAR: RMSE 2.31 m, bias +0.02 m, NMAD 1.67 m",m,,527 soundings; 17271 S2 shoreline constraints offered; canonical 181 km²,,,,T7,T29;T30,,"Constrained arms (S2 shoreline soft, p18 pseudo-points) are worse (audit C-16 CONTRADICTED); POST-breach bed is a data gap.",,no
B2.2,bed_dem_zones,cross_validation,ZONE_3 (Dnipro–Buh estuary) pre-breach bed.,5.13,AT5,,SUPPORTED_WITH_LIMITATION,manual,outputs/tables/p28_surface_summary_ZONE_3_DNIPRO_BUG_ESTUARY.csv,swot/outputs/tables/p28_surface_summary_ZONE_3_DNIPRO_BUG_ESTUARY.csv,77e8d5a7e2ceec641e494cfdf7df6dc90ff6f216773025e2208bcc325b0b33a3,"{""cell_m"": ""250.0""}","{best_arm} / {best_method}: RMSE {best_rmse_soundings_m:.2f} m, bias {best_bias_soundings_m:+.2f} m, NMAD {best_nmad_soundings_m:.2f} m","SND_ONLY / OK: RMSE 2.62 m, bias +0.04 m, NMAD 2.27 m",m,,634 soundings; canonical 728 km²,,,,T7,T29;T30,,,,no
B2.3,bed_dem_zones,cross_validation,ZONE_4 (dam-to-Kherson floodway) pre-breach bed.,5.13,AT5,,SUPPORTED_WITH_LIMITATION,manual,outputs/tables/p28_surface_summary_ZONE_4_DAM_TO_KHERSON_FLOODWAY.csv,swot/outputs/tables/p28_surface_summary_ZONE_4_DAM_TO_KHERSON_FLOODWAY.csv,54790446edc9e29b278214b154e25a0ff0b436dcb9d000017addeab1e48bd635,"{""cell_m"": ""250.0""}","{best_arm} / {best_method}: RMSE {best_rmse_soundings_m:.2f} m, bias {best_bias_soundings_m:+.2f} m, NMAD {best_nmad_soundings_m:.2f} m","SND_ONLY / LINEAR: RMSE 2.20 m, bias -0.07 m, NMAD 1.24 m",m,,626 soundings; 2110 p18 pseudo-points offered; canonical 101 km²,,,,T7,T29;T30,,,,no
B3.1,bed_dem_contours,negative_result,"The SAR–optical shoreline offset is not a single constant, so the multi-level contour bathymetry experiment (hist21–hist31) cannot be promoted.
",5.14 Multi-level contours,AT5,,SUPPORTED,manual,outputs/tables/hist28_offset_stability.csv,swot/outputs/tables/hist28_offset_stability.csv,d8e9d92410131d2e21f96aae36edf49feef1dae2d6f04a1437c7e4da985b7b1e,"{""grouping"": ""target""}",verdict {verdict}: between-scene spread {between_scene_spread_m:.1f} m vs within-scene NMAD {within_scene_nmad_m:.1f} m (ratio {spread_ratio:.2f}); central offset {central_offset_m:.1f} m,verdict NO_CONSTANT: between-scene spread 50.2 m vs within-scene NMAD 22.1 m (ratio 2.27); central offset -3.7 m,m,"Kruskal H 2.59, p 0.27",,,,,,T31,,A negative result the manuscript keeps: no contour is licensed for cross-stage transfer (hist31).,,no
B3.2,bed_dem_contours,licence_table,Only the H3 (14.2 m) contour has direct sounding support; no stage is licensed for cross-stage transfer.,5.14,AT5,,SUPPORTED,manual,outputs/tables/hist31_dem_constraints.csv,swot/outputs/tables/hist31_dem_constraints.csv,0dcdae7feaf4feb0172e14f10f77b33d043cb57516195d7af782ab5f79d9f9fd,"{""stage_target"": ""H3""}","H3 {stage_m:.2f} m: σ_sensor {sigma_x_sensor_m:.1f} m, σ_reference {sigma_x_reference_m:.1f} m, σ_total {sigma_total_m:.1f} m; {quality_flag}; transfer licensed {cross_stage_transfer_licensed}","H3 14.23 m: σ_sensor 21.2 m, σ_reference 87.2 m, σ_total 89.8 m; ABSOLUTE_COMMON_MODE_EXCLUDED; transfer licensed False",m,,"512 bracketing triangles, 55.1 km supported",,,,,T31,,,,no
I1.1,indices,uncertainty_budget,Shoreline elevation uncertainty budget for ZONE_2 from Sentinel-1 contours.,5.15 Shoreline uncertainty,AT5,,SUPPORTED_WITH_LIMITATION,manual,outputs/tables/p27_zone_shoreline_uncertainty.csv,swot/outputs/tables/p27_zone_shoreline_uncertainty.csv,5a79d05ccb41040de8d61be65f7218e7b03c014896bfcabd7b6816aebb2723f9,"{""zone"": ""ZONE_2_KHERSON_DELTA"", ""group"": ""S1""}","σ_total {sigma_total_m:.3f} m (σ_9902 {sigma_epsg9902_m}, σ_level_spread {sigma_level_spread_m:.2f}, σ_wind {sigma_wind_lo_m}–{sigma_wind_hi_m}); reed-adjacent fraction {f_reed_adjacent:.2f}","σ_total 0.193 m (σ_9902 0.068, σ_level_spread 0.11, σ_wind 0.09–0.09); reed-adjacent fraction 0.84",m,,"10 dates, 872 km shoreline, 8692 vertices",,,,T7,T31;T29,,,,no
I1.2,indices,uncertainty_budget,Shoreline elevation uncertainty budget for ZONE_4 from Sentinel-1 contours.,5.15,AT5,,SUPPORTED_WITH_LIMITATION,manual,outputs/tables/p27_zone_shoreline_uncertainty.csv,swot/outputs/tables/p27_zone_shoreline_uncertainty.csv,5a79d05ccb41040de8d61be65f7218e7b03c014896bfcabd7b6816aebb2723f9,"{""zone"": ""ZONE_4_DAM_TO_KHERSON_FLOODWAY"", ""group"": ""S1""}",σ_total {sigma_total_m:.3f} m; reed-adjacent fraction {f_reed_adjacent:.2f},σ_total 0.375 m; reed-adjacent fraction 0.70,m,,"11 dates, 1383 km shoreline",,,,T7,T31,,,,no
R1.1,sar_classifier,method_comparison,The terrain-veto variant (VT) removes false water far from persistent water in ZONE_1 without losing open-water recall.,S2 (supplement),AT11,,SUPPORTED_WITH_LIMITATION,manual,outputs/tables/p34_variant_ranking.csv,swot/outputs/tables/p34_variant_ranking.csv,727f0c7ec2178774facb1ee5bc7a1063de3cbbaae71b6ef014297d080dfe8cb4,"{""zone"": ""ZONE_1_KAKHOVKA_LOWER_DNIPRO"", ""variant"": ""VT""}",false-water proxy {fp_proxy_pre:.3f} of observed frame; Δrecall vs M3 {recall_delta_vs_v0:+.4f}; guard pass {guard_pass},false-water proxy 0.200 of observed frame; Δrecall vs M3 -0.0007; guard pass True,,,32 pre-breach events,,,,,T35;T36,,Methods/negative-results block; M3 remains the baseline; change-detection variants fail the recall guard in all zones.,,no
R1.2,sar_classifier,method_comparison,"A random-forest rejection stage reaches several-fold higher precision than M3 at matched new-water recall (ZONE_4 pilot, leave-one-orbit-out).",S2 (supplement),AT11,,SUPPORTED_WITH_LIMITATION,manual,outputs/tables/p38c_operating_points_ZONE_4_DAM_TO_KHERSON_FLOODWAY_pre.csv,swot/outputs/tables/p38c_operating_points_ZONE_4_DAM_TO_KHERSON_FLOODWAY_pre.csv,2c9fec60c67a1e4dee2b9f34e883c3075a26a9e6d85ee05e20ec610e7c0201d8,"{""variant"": ""VRF"", ""operating_point"": ""matched_recall"", ""scope"": ""all_pairs""}",VRF precision {precision:.3f} vs M3 {m3_precision:.3f} at recall {recall:.3f} (M3 {m3_recall:.3f}); AP {average_precision:.3f},VRF precision 0.050 vs M3 0.012 at recall 0.735 (M3 0.733); AP 0.204,,,14 S1×S2 pairs; prevalence 0.0040,,,,,T35;T36,,"3 of 5 orbit folds low-confidence; cross-orbit generalisation within one event, not to the next flood.",,no
R1.3,sar_classifier,error_analysis,"M3 false water on never-wet land is land-cover conditioned (ZONE_4, Dynamic World classes).",7.10,AT11,,SUPPORTED_WITH_LIMITATION,manual,outputs/tables/p37_false_water_summary.csv,swot/outputs/tables/p37_false_water_summary.csv,44f35ab54b1481d6a0bf78f197c5783e39e5ab359aec8cd7e8e624885fc38b71,"{""zone"": ""ZONE_4_DAM_TO_KHERSON_FLOODWAY"", ""variant"": ""V0"", ""land_source"": ""L_dw"", ""class_source"": ""DW"", ""cls"": ""ALL"", ""group"": ""ALL""}","false-water rate median {rate_median:.3f} (q25 {rate_q25:.3f}, q75 {rate_q75:.3f}); {fp_km2_median:.0f} km² median","false-water rate median 0.181 (q25 0.124, q75 0.321); 377 km² median",,,119 events,,,,,T36,,,,no
G3.1,gauges,in_situ_record,The breach surge reached the Dnipro–Buh estuary posts (Ochakiv 98022) in June 2023.,3.3 Gauges,AT3,,SUPPORTED,manual,data/historical/sea_posts_2023/annual_stats_2023.csv,swot/data/historical/sea_posts_2023/annual_stats_2023.csv,b2d39dfaa3c297b2dfb057425600feeba36406d2b454ef0162dee542a0f2189a,"{""post_id"": ""98022"", ""variable"": ""sea_level""}","annual max {max:.0f} cm on {max_date}, mean {mean:.0f} cm, min {min:.0f} cm","annual max 573 cm on 8.06, mean 487 cm, min 444 cm",cm above post zero (−5.000 m BS-77),,,,,,T1,,,"Levels are cm above the post zero; BS-77 → EVRF2019 via EPSG:9902 is the manuscript's step, not the yearbook's.",,no
