thesis_id,is_critical,seed_doi,paper_id,role,relevance,is_direct,difficulty,expected_stage,source_of_seed,manually_checked,holdout_consumed,in_corpus,primary_hit,on_topic,retrieved,prefilter_pass,families_hit,found_via,recovered,recovered_at_expected_stage,recovered_semantically,failure_stage,status
T01,False,10.1029/2023wr036428,,development,method,False,easy,semantic_retrieval,external_search,False,False,False,False,False,False,False,0,,False,False,False,not_in_corpus,not in corpus
T02,False,10.1029/2025gl120832,,development,direct,True,easy,semantic_retrieval,external_search,False,False,False,False,False,False,False,0,,False,False,False,not_in_corpus,not in corpus
T03,False,10.1038/s41597-023-02215-x,10.1038_s41597-023-02215-x,development,method,False,easy,semantic_retrieval,external_search,False,False,True,True,True,False,False,2,,False,False,False,semantic_retrieval,FAIL: on topic but retrieval missed it
T03,False,10.1029/2022wr032842,,development,direct,True,easy,semantic_retrieval,external_search,False,False,False,False,False,False,False,0,,False,False,False,not_in_corpus,not in corpus
T04,False,10.1029/2025gl119771,,development,direct,True,easy,semantic_retrieval,external_search,False,False,False,False,False,False,False,0,,False,False,False,not_in_corpus,not in corpus
T05,False,10.1029/2022wr032842,,development,direct,True,easy,semantic_retrieval,external_search,False,False,False,False,False,False,False,0,,False,False,False,not_in_corpus,not in corpus
T06,False,10.1038/s41597-023-02215-x,10.1038_s41597-023-02215-x,development,method,False,easy,semantic_retrieval,external_search,False,False,True,True,True,True,True,3,semantic,True,True,True,,ok
T06,False,10.1029/2022wr032842,,development,direct,True,easy,semantic_retrieval,external_search,False,False,False,False,False,False,False,0,,False,False,False,not_in_corpus,not in corpus
T06,False,10.1029/2023wr036428,,development,method,False,easy,semantic_retrieval,external_search,False,False,False,False,False,False,False,0,,False,False,False,not_in_corpus,not in corpus
T07,False,10.1029/2025gl119771,,development,direct,True,easy,semantic_retrieval,external_search,False,False,False,False,False,False,False,0,,False,False,False,not_in_corpus,not in corpus
T07,False,10.1029/2025gl120832,,development,direct,True,easy,semantic_retrieval,external_search,False,False,False,False,False,False,False,0,,False,False,False,not_in_corpus,not in corpus
T08,False,10.23939/istcgcap2021.93.013,10.23939_istcgcap2021.93.013,development,method,False,hard,semantic_retrieval,expert_known,False,False,True,True,True,False,False,3,,False,False,False,semantic_retrieval,FAIL: on topic but retrieval missed it
T10,True,10.23939/istcgcap2021.93.013,10.23939_istcgcap2021.93.013,development,direct,True,hard,semantic_retrieval,expert_known,False,False,True,False,False,False,False,2,,False,False,False,primary_family,FAIL: primary family too narrow — control misses it
T19,False,10.1029/2025gl120832,,development,direct,True,easy,semantic_retrieval,external_search,False,False,False,False,False,False,False,0,,False,False,False,not_in_corpus,not in corpus
T22,True,10.1029/2025gl119771,,development,direct,True,easy,semantic_retrieval,external_search,False,False,False,False,False,False,False,0,,False,False,False,not_in_corpus,not in corpus
T25,True,10.15407/ukrbotj82.05.488,ukrbotj-2025-82-5-488,development,direct,True,easy,semantic_retrieval,external_search,False,False,True,True,True,False,False,3,,False,False,False,semantic_retrieval,FAIL: on topic but retrieval missed it
T25,True,10.32999/ksu1990-553x/2024-20-3-5,10.32999_ksu1990-553x_2024-20-3-5,holdout,direct,True,hard,semantic_retrieval,external_search,False,False,True,False,False,False,False,0,,False,False,False,primary_family,FAIL: primary family too narrow — control misses it
T25,True,10.15421/012528,10.15421_012528,development,direct,True,hard,semantic_retrieval,external_search,False,False,True,True,True,False,False,3,,False,False,False,semantic_retrieval,FAIL: on topic but retrieval missed it
T25,True,10.30970/sbi.1903.838,10.30970_sbi.1903.838,holdout,direct,True,hard,semantic_retrieval,external_search,False,False,True,True,True,False,False,2,,False,False,False,semantic_retrieval,FAIL: on topic but retrieval missed it
T25,True,10.26565/1992-4224-2026-45-07,10.26565_1992-4224-2026-45-07,holdout,direct,True,easy,semantic_retrieval,external_search,True,False,True,True,True,True,True,3,semantic,True,True,True,,ok
T25,True,10.36023/ujrs.2025.12.4.296,,holdout,direct,True,easy,semantic_retrieval,citation,True,False,False,False,False,False,False,0,,False,False,False,not_in_corpus,not in corpus
T25,True,10.15421/032510,,development,analogue,False,hard,semantic_retrieval,external_search,False,False,False,False,False,False,False,0,,False,False,False,not_in_corpus,not in corpus
T26,False,10.1038/s41597-022-01307-4,10.1038_s41597-022-01307-4,development,method,False,easy,semantic_retrieval,citation,False,False,True,True,True,False,False,3,,False,False,False,semantic_retrieval,FAIL: on topic but retrieval missed it
T27,True,10.1016/j.rse.2014.02.015,10.1016_j.rse.2014.02.015,development,method,False,easy,semantic_retrieval,expert_known,False,False,True,True,True,True,True,3,semantic,True,True,True,,ok
T28,False,10.1016/j.rse.2019.111411,,development,method,False,easy,semantic_retrieval,citation,False,False,False,False,False,False,False,0,,False,False,False,not_in_corpus,not in corpus
T29,False,10.1088/1748-9326/ac4d4f,10.1088_1748-9326_ac4d4f,development,analogue,False,hard,semantic_retrieval,citation,False,False,True,False,False,False,False,2,,False,False,False,primary_family,FAIL: primary family too narrow — control misses it
T30,False,10.1111/ecog.02881,,development,method,False,easy,semantic_retrieval,expert_known,False,False,False,False,False,False,False,0,,False,False,False,not_in_corpus,not in corpus
T31,True,10.1016/j.rse.2011.05.005,,development,analogue,False,hard,semantic_retrieval,expert_known,False,False,False,False,False,False,False,0,,False,False,False,not_in_corpus,not in corpus
T32,False,10.1109/lgrs.2019.2920225,10.1109_lgrs.2019.2920225,development,method,False,easy,semantic_retrieval,citation,False,False,True,True,True,True,True,2,semantic,True,True,True,,ok
T33,True,10.3133/wsp2339,,development,direct,True,easy,semantic_retrieval,external_search,False,False,False,False,False,False,False,0,,False,False,False,not_in_corpus,not in corpus
T33,True,10.1080/15715124.2004.9635222,,development,direct,True,easy,semantic_retrieval,external_search,False,False,False,False,False,False,False,0,,False,False,False,not_in_corpus,not in corpus
T33,True,10.1002/2013wr013819,,holdout,direct,True,hard,semantic_retrieval,external_search,False,False,False,False,False,False,False,0,,False,False,False,not_in_corpus,not in corpus
T33,True,10.1146/annurev-fluid-120710-101048,,development,method,False,hard,citation_expansion,external_search,False,False,False,False,False,False,False,0,,False,False,False,not_in_corpus,not in corpus
T33,True,10.5194/isprs-archives-xlviii-3-2024-251-2024,isprs-archives-XLVIII-3-2024-251-2024_VERY_IMPORTANT,holdout,direct,True,easy,semantic_retrieval,expert_known,True,False,True,True,True,False,False,2,,False,False,False,semantic_retrieval,FAIL: on topic but retrieval missed it
T33,True,10.59490/jcrfr.2024.0016,10.59490_jcrfr.2024.0016,development,direct,True,easy,semantic_retrieval,expert_known,True,False,True,True,True,False,False,2,,False,False,False,semantic_retrieval,FAIL: on topic but retrieval missed it
T34,False,10.1111/jfr3.12892,Quantifying_hydraulic_roughness_in_a_riparian_fore,development,direct,True,easy,semantic_retrieval,external_search,False,False,True,True,True,True,True,3,semantic,True,True,True,,ok
T34,False,10.1080/15715124.2022.2143512,,holdout,direct,True,hard,semantic_retrieval,external_search,False,False,False,False,False,False,False,0,,False,False,False,not_in_corpus,not in corpus
T34,False,10.1007/s13280-010-0120-6,,development,direct,True,easy,semantic_retrieval,external_search,False,False,False,False,False,False,False,0,,False,False,False,not_in_corpus,not in corpus
T34,False,10.1002/rra.778,,holdout,direct,True,hard,semantic_retrieval,external_search,False,False,False,False,False,False,False,0,,False,False,False,not_in_corpus,not in corpus
T34,False,10.1080/02508060.2023.2247679,10.1080_02508060.2023.2247679,development,analogue,False,easy,semantic_retrieval,expert_known,True,False,True,False,False,False,False,1,,False,False,False,primary_family,FAIL: primary family too narrow — control misses it
T35,False,10.1016/j.rse.2020.111664,10.1016_j.rse.2020.111664,development,direct,True,easy,semantic_retrieval,citation,False,False,True,True,True,False,False,3,,False,False,False,semantic_retrieval,FAIL: on topic but retrieval missed it
T35,False,10.1109/cvprw50498.2020.00113,10.1109_cvprw50498.2020.00113,holdout,method,False,hard,semantic_retrieval,citation,False,False,True,True,True,True,True,3,semantic,True,True,True,,ok
T36,False,10.3390/rs15051200,remotesensing-15-01200,development,direct,True,easy,semantic_retrieval,citation,False,False,True,True,True,False,False,2,,False,False,False,semantic_retrieval,FAIL: on topic but retrieval missed it
T36,False,10.3390/rs10040583,remotesensing-10-00583,holdout,method,False,hard,semantic_retrieval,citation,False,False,True,True,True,False,False,3,,False,False,False,semantic_retrieval,FAIL: on topic but retrieval missed it
