cite_key,doi,title,authors,year,journal,source,resolved,resolution_method,url,note
SWOT_PIXC_PDD,,SWOT Level 2 KaRIn High Rate Pixel Cloud Product Description Document,NASA JPL / CNES,,JPL D-56411 Rev C,technical,False,url_needed,,
ICESAT2_ATL03_ATBD,,ICESat-2 Algorithm Theoretical Basis Document for Global Geolocated Photons (ATL03),NASA / NSIDC,,Release 007,technical,False,url_needed,,
ICESAT2_ATL13_ATBD,,ICESat-2 Algorithm Theoretical Basis Document for Inland Water Surface Height (ATL13),NASA / NSIDC,,,technical,False,url_needed,,
IAG_RESOLUTION_16_1983,,IAG Resolution No. 16 on the permanent tide,International Association of Geodesy,,1983,technical,False,url_needed,,
EGG2015,,EGG2015 — European Gravimetric (Quasi)Geoid,"Denker, H. (2015), IfE Hannover",,,technical,False,url_needed,,
EVRF2019,,EVRF2019 — European Vertical Reference Frame 2019 realisation,BKG,,EPSG:9389,technical,False,url_needed,,
EPSG_9902,,EPSG coordinate operation 9902: Baltic 1977 height to EVRF2019 height (1),IOGP EPSG Geodetic Parameter Dataset (information source: EuroGeographics),,"EPSG:9902; source EPSG:5705 → target EPSG:9389; method EPSG:1085 (vertical offset by grid interpolation, asc); grid ua_2019z.asc; accuracy 0.068 m; determined at 154 points, SD 0.034 m; offset mean 0.151 m, min 0.079 m, max 0.285 m",technical,True,url_verified,https://epsg.io/9902,"IOGP (n.d.). EPSG Geodetic Parameter Dataset, coordinate operation 9902 «Baltic 1977 height to EVRF2019 height (1)», grid ua_2019z.asc, accuracy 0.068 m. https://epsg.io/9902"
CRS_EU_UA_KRON_EVRF2019ZERO,,Description of transformation — UA_KRON / NH to EVRF2019zero,CRS-EU (BKG) — Information and Service System for European Coordinate Reference Systems,,grid idw_ua_2019_z.asc (+ .prj); method: interpolation of a raster surface from points (IDW); operation version September 2020; target EVRF2019 zero-tide (EVRF2019_AMST / NH); valid area Ukraine; verification data: none stated,technical,True,url_verified,https://www.crs-geo.eu/crs/descrtrans/eu-descrtrans.php?crs_id=dFVBX0tST04gLyBOSA==&op_id=VUFfS1JPTiAvIE5IIHRvIEVWUkYyMDE5emVybw==&tr_one=0,"BKG (2020). UA_KRON / NH to EVRF2019zero — description of transformation (grid idw_ua_2019_z.asc, inverse distance weighted). CRS-EU. https://www.crs-geo.eu/crs/descrtrans/eu-descrtrans.php?crs_id=dFVBX0tST04gLyBOSA==&op_id=VUFfS1JPTiAvIE5IIHRvIEVWUkYyMDE5emVybw==&tr_one=0"
STOPKHAI_2026_BS77_EVRF2019,,Розроблення моделі для переходу від Балтійської системи висот 1977 р. до Європейської вертикальної референцної системи (EVRS) для території України,"Сучасні досягнення геодезичної науки та виробництва, вип. І (51), 2026, с. 62–67",,УДК 528.2; no DOI; not indexed in OpenAlex (checked 2026-09-17),technical,True,url_verified,https://zgt.com.ua/wp-content/uploads/2026/06/9.pdf,"Стопхай, Ю., Матвійчук, І., Данильчук, Д., Жолоб, О., Прищепа, С., & Чорнокнижний, О. (2026). Розроблення моделі для переходу від Балтійської системи висот 1977 р. до Європейської вертикальної референцної системи (EVRS) для території України. Сучасні досягнення геодезичної науки та виробництва, І(51), 62–67. https://zgt.com.ua/wp-content/uploads/2026/06/9.pdf"
TREVOHO_2021_UA_HEIGHT_SYSTEM,,About modernization of Ukrainian height system,"Geodesy, Cartography and Aerial Photography, 93 (2021), Lviv Polytechnic",,doi:10.23939/istcgcap2021.93.013,technical,False,url_needed,,"Trevoho, I. (2021). About modernization of Ukrainian height system. Geodesy, Cartography and Aerial Photography, 93. https://doi.org/10.23939/istcgcap2021.93.013"
SHUMILOVA_FAREWELL_TO_A_DAM,,A Farewell to a Dam: ecological impacts of the Kakhovka Reservoir ravaging by warfare in Ukraine,"Shumilova O., Sukhodolov A., Osadcha N., Oreshchenko A., Constantinescu G., Afanasyev S., et al.",,"submitted manuscript adn8655 (67 pp., template revised November 2023)",technical,False,url_needed,,"Shumilova, O., Sukhodolov, A., Osadcha, N., Oreshchenko, A., Constantinescu, G., Afanasyev, S., et al. (under review). A Farewell to a Dam: ecological impacts of the Kakhovka Reservoir ravaging by warfare in Ukraine. Manuscript adn8655."
UHMI_2023_FLOODED_SETTLEMENTS,,"«Доля» населених пунктів, затоплених внаслідок будівництва Каховського водосховища",Український гідрометеорологічний інститут ДСНС України та НАН України,,"report of 7 September 2023, 28 paragraphs + 1 table, figs. 1-7",technical,False,url_needed,,"Український гідрометеорологічний інститут ДСНС України та НАН України (2023). «Доля» населених пунктів, затоплених внаслідок будівництва Каховського водосховища. Звіт від 07.09.2023."
musaeus2024,10.1029/2023wr036428,Hydraulic River Models From ICESat‐2 Elevation and Water Surface Slope,"Musaeus, Aske Folkmann; Kittel, Cécile Marie Margaretha; Luchner, Jakob; Frias, Monica Coppo; Bauer‐Gottwein, Peter",2024,Water Resources Research,doi,True,crossref,https://doi.org/10.1029/2023wr036428,"control for T01 (development, method): Hydraulic river models from ICESat-2 elevation and water surface slope | control for T06 (development, method): Hydraulic river models from ICESat-2 elevation and water surface slope"
lehnigk2026,10.1029/2025gl120832,SWOT Satellite Observations of the Kakhovka Dam Break Flood Highlight Limitations of Outburst Flood Models,"Lehnigk, K. E.; Pavelsky, T. M.; Lang, K. A.",2026,Geophysical Research Letters,doi,True,crossref,https://doi.org/10.1029/2025gl120832,"control for T02 (development, direct): Lehnigk et al. 2026 GRL — SWOT observations of the Kakhovka dam-break flood | control for T07 (development, direct): Lehnigk et al. 2026 GRL — SWOT observations of the Kakhovka dam-break flood | control for T19 (development, direct): Lehnigk et al. 2026 GRL — SWOT observations of the Kakhovka dam-break flood"
scherer2023,10.1038/s41597-023-02215-x,ICESat-2 river surface slope (IRIS): A global reach-scale water surface slope dataset,"Scherer, Daniel; Schwatke, Christian; Dettmering, Denise; Seitz, Florian",2023,Scientific Data,doi,True,crossref,https://doi.org/10.1038/s41597-023-02215-x,"control for T03 (development, method): IRIS — global reach-scale ICESat-2 water-surface-slope dataset | control for T06 (development, method): IRIS — global reach-scale ICESat-2 water-surface-slope dataset | relations: T06:SUPPORTS"
scherer2022,10.1029/2022wr032842,ICESat‐2 Based River Surface Slope and Its Impact on Water Level Time Series From Satellite Altimetry,"Scherer, Daniel; Schwatke, Christian; Dettmering, Denise; Seitz, Florian",2022,Water Resources Research,doi,True,crossref,https://doi.org/10.1029/2022wr032842,"control for T03 (development, direct): ICESat-2 river surface slope and its impact on water level time series | control for T05 (development, direct): ICESat-2 river surface slope and its impact on water level time series | control for T06 (development, direct): ICESat-2 river surface slope and its impact on water level time series"
huang2026,10.1029/2025gl119771,The Potential for Leveraging SWOT‐Mapped Uneven Water Surface Elevations to Enhance ICESat‐2–Derived Lake Levels,"Huang, Chi Hsiang; Gao, Huilin",2026,Geophysical Research Letters,doi,True,crossref,https://doi.org/10.1029/2025gl119771,"control for T04 (development, direct): Huang & Gao 2026 GRL — SWOT-mapped uneven lake WSE for ICESat-2 levels | control for T07 (development, direct): Huang & Gao 2026 GRL — SWOT-mapped uneven lake WSE for ICESat-2 levels | control for T22 (development, direct): Huang & Gao 2026 GRL — SWOT-mapped uneven lake WSE for ICESat-2 levels | relations: T04:SUPPORTS"
trevoho2021,10.23939/istcgcap2021.93.013,About modernization of Ukrainian height system,"Trevoho, Ihor; Zablotskyi, Fedir; Piskorek, Andrzej; Dzhuman, Bohdan; Vovk, Andrii",2021,"Geodesy, cartography and aerial photography",doi,True,crossref,https://doi.org/10.23939/istcgcap2021.93.013,"control for T08 (development, method): Trevoho 2021 — modernisation of the Ukrainian height system (BS-77 → EVRS); found via OpenAlex while registering Стопхай et al. 2026, which has no DOI and cannot be a control | control for T10 (development, direct): Trevoho 2021 — modernisation of the Ukrainian height system (BS-77 → EVRS), the national transformation-grid context for T10; found via OpenAlex while registering Стопхай et al. 2026"
kuzemko2025,10.15407/ukrbotj82.05.488,Initial stages of revegetation at the bottom of the drained Kakhovka Reservoir (Ukraine): synthesis of field surveys and remote sensing,"Kuzemko, A.A.; Prylutskyi, O.V.; Kolomytsev, G.O.; Didukh, Ya.P.; Moysiyenko, I.I.; Borsukevych, L.M.; Chusova, O.O.; Khodosovtsev, O.Ye.",2025,Ukrainian Botanical Journal,doi,True,crossref,https://doi.org/10.15407/ukrbotj82.05.488,"control for T25 (development, direct): Kuzemko et al. 2025, Ukr Bot J — initial revegetation stages of the drained Kakhovka bed; habitat map from field + RS. | SRC-15: Initial stages of revegetation at the bottom of the drained Kakhovka Reservoir ("
didukh2024,10.32999/ksu1990-553x/2024-20-3-5,Перший рік відновлення заплавних лісів на дні колишнього Каховського водосховища,"Дідух, Я.П.; Куземко, А.А.; Ходосовцев, О.Є.; Чусова, О.О.; Борсукевич, Л.М.; Скобель, Н.О.; Михайлюк, Т.І.; Мойсієнко, І.І.",2024,CHORNOMORSKI  BOTANICAL  JOURNAL,doi,True,crossref,https://doi.org/10.32999/ksu1990-553x/2024-20-3-5,"control for T25 (holdout, direct): Didukh et al. 2024, Chornomorski Bot J — first year of floodplain forest on the former Kakhovka bed (Salix × rubens). | SRC-16: First year of floodplain forest restoration at the bottom of the former Kakhovka"
tutova2025,10.15421/012528,Procrustean analysis of the set of spectral indices reveals the transformations in plant community hemeroby and functional structure induced by anthropogenic disasters,"Tutova, H.; Lisovets, O.; Kunakh, O.; Zhukov, O.",2025,Biosystems Diversity,doi,True,crossref,https://doi.org/10.15421/012528,"control for T25 (development, direct): Hemeroby / spectral-index Procrustean analysis of the Kakhovka bed transformation (SRC-19; found in corpus 2026-09-19 by the T25 density scan)."
tutova2025b,10.30970/sbi.1903.838,The future of the Kakhovka Reservoir after ecocide: afforestation and ecosystem service recovery through emergent willow-popular communities,"Tutova, Hanna; Lisovets, Оlena; Kunakh, Olga; Zhukov, Oleksandr",2025,Studia Biologica,doi,True,crossref,https://doi.org/10.30970/sbi.1903.838,"control for T25 (holdout, direct): Tutova et al. 2025, Studia Biologica — afforestation and ecosystem-service recovery through willow/poplar communities (SRC-20; in corpus)."
maksymenko2026,10.26565/1992-4224-2026-45-07,Remote sensing assessment of the spatio-temporal transformation of the Kakhovka reservoir after dam destruction using Sentinel-2 data,"Maksymenko, V. O.; Bezsonnyi, V. L.",2026,Man and Environment Issues of Neoecology,doi,True,crossref,https://doi.org/10.26565/1992-4224-2026-45-07,"control for T25 (holdout, direct): Maksymenko & Bezsonnyi 2026 (SRC-22). READ 2026-09-19: NOT a competitor to the Paper 2 series — it establishes date priority and names our design as the desirable next step. The competitor is Lischenko et al. 2025 below."
lishchenko2025,10.36023/ujrs.2025.12.4.296,Картування просторово-часових трансформацій ложа колишнього Каховського водосховища після руйнування греблі за супутниковими знімками Sentinel-2,"Ліщенко, Людмила Павлівна; Козлова, Анна Олександрівна; Андреєв, Артем Андрійович",2025,Ukrainian journal of remote sensing,doi,True,crossref,https://doi.org/10.36023/ujrs.2025.12.4.296,"control for T25 (holdout, direct): Lischenko, Kozlova & Andreiev 2025, Ukr. J. Remote Sensing 12(4) (SRC-23). THE nearest competitor to the Paper 2 surface series; found via the reference list of SRC-22 and read 2026-09-19."
lisovets2025,10.15421/032510,Ecological and structural transformation of floodplain forests of Khortytsia island under post-catastrophic disruption of the hydrological regime,"Lisovets, O. I.; Ivanchenko, O. Ye.; Lisovets, Ya. I.",2025,Ecology and Noospherology,doi,True,crossref,https://doi.org/10.15421/032510,"control for T25 (development, analogue): 2025 — floodplain forests of Khortytsia island under the post-catastrophic hydrological regime (Kakhovka-adjacent, not OA)."
brown2022,10.1038/s41597-022-01307-4,"Dynamic World, Near real-time global 10 m land use land cover mapping","Brown, Christopher F.; Brumby, Steven P.; Guzder-Williams, Brookie; Birch, Tanya; Hyde, Samantha Brooks; Mazzariello, Joseph; Czerwinski, Wanda; Pasquarella, Valerie J.; Haertel, Robert; Ilyushchenko, Simon; Schwehr, Kurt; Weisse, Mikaela; Stolle, Fred; Hanson, Craig; Guinan, Oliver; Moore, Rebecca; Tait, Alexander M.",2022,Scientific Data,doi,True,crossref,https://doi.org/10.1038/s41597-022-01307-4,"control for T26 (development, method): Brown et al. 2022 — Dynamic World dataset paper; resolve DOI before use."
olofsson2014,10.1016/j.rse.2014.02.015,Good practices for estimating area and assessing accuracy of land change,"Olofsson, Pontus; Foody, Giles M.; Herold, Martin; Stehman, Stephen V.; Woodcock, Curtis E.; Wulder, Michael A.",2014,Remote Sensing of Environment,doi,True,crossref,https://doi.org/10.1016/j.rse.2014.02.015,"control for T27 (development, method): Olofsson et al. 2014, RSE — good practices for area and accuracy; resolve DOI before use."
zhong2019,10.1016/j.rse.2019.111411,"Deep learning based winter wheat mapping using statistical data as ground references in Kansas and northern Texas, US","Zhong, Liheng; Hu, Lina; Zhou, Hang; Tao, Xin",2019,Remote Sensing of Environment,doi,True,crossref,https://doi.org/10.1016/j.rse.2019.111411,"control for T28 (development, method): Neuenschwander & Magruder-type ATL08 validation paper; DOI to be confirmed by CrossRef before use."
hawker2022,10.1088/1748-9326/ac4d4f,A 30 m global map of elevation with forests and buildings removed,"Hawker, Laurence; Uhe, Peter; Paulo, Luntadila; Sosa, Jeison; Savage, James; Sampson, Christopher; Neal, Jeffrey",2022,Environmental Research Letters,doi,True,crossref,https://doi.org/10.1088/1748-9326/ac4d4f,"control for T29 (development, analogue): Hawker et al. 2022 FABDEM — bare-earth DEM used as terrain prior; analogue for DEM validation practice; resolve DOI before use."
roberts2017,10.1111/ecog.02881,"Cross‐validation strategies for data with temporal, spatial, hierarchical, or phylogenetic structure","Roberts, David R.; Bahn, Volker; Ciuti, Simone; Boyce, Mark S.; Elith, Jane; Guillera‐Arroita, Gurutzeta; Hauenstein, Severin; Lahoz‐Monfort, José J.; Schröder, Boris; Thuiller, Wilfried; Warton, David I.; Wintle, Brendan A.; Hartig, Florian; Dormann, Carsten F.",2017,Ecography,doi,True,crossref,https://doi.org/10.1111/ecog.02881,"control for T30 (development, method): Roberts et al. 2017 Ecography — cross-validation strategies for spatially structured data; resolve DOI before use."
huttich2011,10.1016/j.rse.2011.05.005,Assessing effects of temporal compositing and varying observation periods for large-area land-cover mapping in semi-arid ecosystems: Implications for global monitoring,"Hüttich, Christian; Herold, Martin; Wegmann, Martin; Cord, Anna; Strohbach, Ben; Schmullius, Christiane; Dech, Stefan",2011,Remote Sensing of Environment,doi,True,crossref,https://doi.org/10.1016/j.rse.2011.05.005,"control for T31 (development, analogue): Waterline-method precedent (intertidal DEM from multi-date SAR/optical); DOI to be confirmed by CrossRef before use."
yang2020,10.1109/lgrs.2019.2920225,RivWidthCloud: An Automated Google Earth Engine Algorithm for River Width Extraction From Remotely Sensed Imagery,"Yang, Xiao; Pavelsky, Tamlin M.; Allen, George H.; Donchyts, Gennadii",2020,IEEE Geoscience and Remote Sensing Letters,doi,True,crossref,https://doi.org/10.1109/lgrs.2019.2920225,"control for T32 (development, method): Yang et al. 2019 RivWidthCloud; resolve DOI before use."
arcement1989,10.3133/wsp2339,Guide for selecting Manning's roughness coefficients for natural channels and flood plains,Arcement G.J.; Schneider V.R. (USGS),1989,,doi,True,crossref+register_authors,https://doi.org/10.3133/wsp2339,"control for T33 (development, direct): Arcement & Schneider 1989, USGS WSP 2339 — the n = (nb+n1+n2+n3+n4)m method and vegetation adjustments used for the table. | SRC-04: Guide for selecting Manning's roughness coefficients for natural channels and fl"
jarvela2004,10.1080/15715124.2004.9635222,Determination of flow resistance caused by non‐submerged woody vegetation,"Järvelä, Juha",2004,International Journal of River Basin Management,doi,True,crossref,https://doi.org/10.1080/15715124.2004.9635222,"control for T33 (development, direct): Järvelä 2004 — flow resistance of non-submerged woody vegetation. | SRC-05: Determination of flow resistance caused by non-submerged woody vegetation. Intl "
vastila2014,10.1002/2013wr013819,Modeling the flow resistance of woody vegetation using physically based properties of the foliage and stem,"Västilä, Kaisa; Järvelä, Juha",2014,Water Resources Research,doi,True,crossref,https://doi.org/10.1002/2013wr013819,"control for T33 (holdout, direct): Västilä & Järvelä 2014 WRR — modelling drag of foliated vegetation. | SRC-06: Modeling the flow resistance of woody vegetation using physically based properti"
nepf2012,10.1146/annurev-fluid-120710-101048,Flow and Transport in Regions with Aquatic Vegetation,"Nepf, Heidi M.",2012,Annual Review of Fluid Mechanics,doi,True,crossref,https://doi.org/10.1146/annurev-fluid-120710-101048,"control for T33 (development, method): Nepf 2012 — flow and transport in regions with aquatic vegetation. | SRC-07: Flow and transport in regions with aquatic vegetation. Annu Rev Fluid Mech 44:12"
kadam2024,10.5194/isprs-archives-xlviii-3-2024-251-2024,Dam Breach Analysis and Damage Assessment of Nova Kakhovka Dam using Satellite data and 1D and 2D Hydrodynamic Modeling,"Kadam, Piyusha B.; Thakur, Praveen K.; Dwivedi, Sanjay K.; Garg, Vaibhav; Dhote, Pankja R.",2024,"The International Archives of the Photogrammetry, Remote Sensing and Spatial Information Sciences",doi,True,crossref,https://doi.org/10.5194/isprs-archives-xlviii-3-2024-251-2024,"control for T33 (holdout, direct): Kadam et al. 2024, ISPRS Archives XLVIII-3. READ 2026-09-19. The HEC-RAS modelling of the Kakhovka breach is therefore NOT new; Paper 2 must claim the evolving roughness and the current-state model, not the breach simulation."
agerbeek2024,10.59490/jcrfr.2024.0016,Near Real-time Flood Risk Modelling in Response to Increasing Uncertainties in Flood Predictions,"Agerbeek, Bas; Knepflé, Maxim; Witsenburg, Florian; Jonkman, Sebastiaan N.",2024,Journal of Coastal and Riverine Flood Risk,doi,True,crossref,https://doi.org/10.59490/jcrfr.2024.0016,"control for T33 (development, direct): Agerbeek et al. 2024, J. Coastal and Riverine Flood Risk 3:16. READ 2026-09-19."
sharpe2023,10.1111/jfr3.12892,Quantifying hydraulic roughness in a riparian forest using a drag force‐based method,"Sharpe, Richard Gordon; Brooks, Andrew; Olley, Jon; Kemp, Justine",2023,Journal of Flood Risk Management,doi,True,crossref,https://doi.org/10.1111/jfr3.12892,"control for T34 (development, direct): Sharpe et al. 2023 JFRM — drag-force roughness in a riparian forest. | SRC-11: Quantifying hydraulic roughness in a riparian forest using a drag force-based me"
box2024,10.1080/15715124.2022.2143512,New formulas addressing flow resistance of floodplain vegetation from emergent to submerged conditions,"Box, Walter; Järvelä, Juha; Västilä, Kaisa",2024,International Journal of River Basin Management,doi,True,crossref,https://doi.org/10.1080/15715124.2022.2143512,"control for T34 (holdout, direct): Box, Järvelä & Västilä 2022 — emergent-to-submerged resistance formulas. | SRC-13: New formulas addressing flow resistance of floodplain vegetation from emergent t"
makaske2011,10.1007/s13280-010-0120-6,The Influence of Floodplain Vegetation Succession on Hydraulic Roughness: Is Ecosystem Rehabilitation in Dutch Embanked Floodplains Compatible with Flood Safety Standards?,"Makaske, Bart; Maas, Gilbert J.; van den Brink, Claus; Wolfert, Henk P.",2011,AMBIO,doi,True,crossref,https://doi.org/10.1007/s13280-010-0120-6,"control for T34 (development, direct): Makaske et al. 2011, Ambio — influence of floodplain vegetation succession on hydraulic roughness (Dutch embanked Rhine floodplains); the closest precedent for the succession → roughness → flood-level argument. Found 2026-09-19."
baptist2004,10.1002/rra.778,Assessment of the effects of cyclic floodplain rejuvenation on flood levels and biodiversity along the Rhine River,"Baptist, Martin J.; Penning, W. Ellis; Duel, Harm; Smits, Antonius J. M.; Geerling, Gertjan W.; Van der Lee, Guda E. M.; Van Alphen, Jos S. L.",2004,River Research and Applications,doi,True,crossref,https://doi.org/10.1002/rra.778,"control for T34 (holdout, direct): 2004, River Research and Applications — cyclic floodplain rejuvenation on the Rhine: effects on flood levels and biodiversity (not OA)."
vyshnevskyi2023,10.1080/02508060.2023.2247679,The destruction of the Kakhovka dam and its consequences,"Vyshnevskyi, Viktor; Shevchuk, Serhii; Komorin, Viktor; Oleynik, Yurii; Gleick, Peter",2023,Water International,doi,True,crossref,https://doi.org/10.1080/02508060.2023.2247679,"control for T34 (development, analogue): Vyshnevskyi et al. 2023, Water International. READ 2026-09-19."
devries2020,10.1016/j.rse.2020.111664,Rapid and robust monitoring of flood events using Sentinel-1 and Landsat data on the Google Earth Engine,"DeVries, Ben; Huang, Chengquan; Armston, John; Huang, Wenli; Jones, John W.; Lang, Megan W.",2020,Remote Sensing of Environment,doi,True,crossref,https://doi.org/10.1016/j.rse.2020.111664,"control for T35 (development, direct): DeVries et al. 2020 RSE — rapid Sentinel-1 flood mapping. | p38_references.csv: devries2020"
bonafilia2020,10.1109/cvprw50498.2020.00113,Sen1Floods11: a georeferenced dataset to train and test deep learning flood algorithms for Sentinel-1,"Bonafilia, Derrick; Tellman, Beth; Anderson, Tyler; Issenberg, Erica",2020,2020 IEEE/CVF Conference on Computer Vision and Pattern Recognition Workshops (CVPRW),doi,True,crossref,https://doi.org/10.1109/cvprw50498.2020.00113,"control for T35 (holdout, method): Bonafilia et al. 2020 — Sen1Floods11 benchmark. | p38_references.csv: bonafilia2020"
tupas2023,10.3390/rs15051200,An Intercomparison of Sentinel-1 Based Change Detection Algorithms for Flood Mapping,"Tupas, Mark Edwin; Roth, Florian; Bauer-Marschallinger, Bernhard; Wagner, Wolfgang",2023,Remote Sensing,doi,True,crossref,https://doi.org/10.3390/rs15051200,"control for T36 (development, direct): Tupas et al. 2023 Remote Sensing — Sentinel-1 flood mapping look-alikes. | p34_references.csv: tupas2023cd | p38_references.csv: tupas2023cd"
martinis2018,10.3390/rs10040583,The Use of Sentinel-1 Time-Series Data to Improve Flood Monitoring in Arid Areas,"Martinis, Sandro; Plank, Simon; Ćwik, Kamila",2018,Remote Sensing,doi,True,crossref,https://doi.org/10.3390/rs10040583,"control for T36 (holdout, method): Martinis et al. 2018 — SAR flood look-alike exclusion. | p34_references.csv: martinis2018 | p38_references.csv: martinis2018"
aberle2013,10.1080/00221686.2012.754795,Flow resistance of emergent rigid and flexible floodplain vegetation,"Aberle, Jochen; Järvelä, Juha",2013,Journal of Hydraulic Research,doi,True,crossref,https://doi.org/10.1080/00221686.2012.754795,SRC-08: Flow resistance of emergent rigid and flexible floodplain vegetation. J Hydrauli
wagner2026,10.1016/j.rse.2025.115108,The fully-automatic Sentinel-1 Global Flood Monitoring service: Scientific challenges and future directions,"Wagner, Wolfgang; Bauer-Marschallinger, Bernhard; Roth, Florian; Raiger-Stachl, Tobias; Reimer, Christoph; McCormick, Niall; Matgen, Patrick; Chini, Marco; Li, Yu; Martinis, Sandro; Wieland, Marc; Kraft, Franziska; Festa, Davide; Hassaan, Muhammed; Tupas, Mark Edwin; Zhao, Jie; Seewald, Michaela; Riffler, Michael; Molini, Luca; Kidd, Richard; Briese, Christian; Salamon, Peter",2026,Remote Sensing of Environment,doi,True,crossref,https://doi.org/10.1016/j.rse.2025.115108,p34_references.csv: wagner2026 | p38_references.csv: wagner2026
bauermarschallinger2022,10.3390/rs14153673,Satellite-Based Flood Mapping through Bayesian Inference from a Sentinel-1 SAR Datacube,"Bauer-Marschallinger, Bernhard; Cao, Senmao; Tupas, Mark Edwin; Roth, Florian; Navacchi, Claudio; Melzer, Thomas; Freeman, Vahid; Wagner, Wolfgang",2022,Remote Sensing,doi,True,crossref,https://doi.org/10.3390/rs14153673,p34_references.csv: bauer2022 | p38_references.csv: bauer2022
moya2019,10.3390/rs11192320,Drawback in the Change Detection Approach: False Detection during the 2018 Western Japan Floods,"Moya, Luis; Endo, Yukio; Okada, Genki; Koshimura, Shunichi; Mas, Erick",2019,Remote Sensing,doi,True,crossref,https://doi.org/10.3390/rs11192320,p34_references.csv: moya2019 | p38_references.csv: moya2019
clement2018,10.1111/jfr3.12303,Multi‐temporal synthetic aperture radar flood mapping using change detection,"Clement, M.A.; Kilsby, C.G.; Moore, P.",2018,Journal of Flood Risk Management,doi,True,crossref,https://doi.org/10.1111/jfr3.12303,p34_references.csv: clement2018 | p38_references.csv: clement2018
zhao2021,10.1016/j.rse.2021.112668,Deriving exclusion maps from C-band SAR time-series in support of floodwater mapping,"Zhao, Jie; Pelich, Ramona; Hostache, Renaud; Matgen, Patrick; Cao, Senmao; Wagner, Wolfgang; Chini, Marco",2021,Remote Sensing of Environment,doi,True,crossref,https://doi.org/10.1016/j.rse.2021.112668,p34_references.csv: zhao2021 | p38_references.csv: zhao2021
tupas2023b,10.3390/w15234034,Improving Sentinel-1 Flood Maps Using a Topographic Index as Prior in Bayesian Inference,"Tupas, Mark Edwin; Roth, Florian; Bauer-Marschallinger, Bernhard; Wagner, Wolfgang",2023,Water,doi,True,crossref,https://doi.org/10.3390/w15234034,p34_references.csv: tupas2023hand | p38_references.csv: tupas2023hand
roth2023,10.5194/nhess-23-3305-2023,Sentinel-1-based analysis of the severe flood over Pakistan 2022,"Roth, Florian; Bauer-Marschallinger, Bernhard; Tupas, Mark Edwin; Reimer, Christoph; Salamon, Peter; Wagner, Wolfgang",2023,Natural Hazards and Earth System Sciences,doi,True,crossref,https://doi.org/10.5194/nhess-23-3305-2023,p34_references.csv: roth2023
rozenstein2016,10.1016/j.jag.2015.11.008,Investigating the backscatter contrast anomaly in synthetic aperture radar (SAR) imagery of the dunes along the Israel–Egypt border,"Rozenstein, Offer; Siegal, Zehava; Blumberg, Dan G.; Adamowski, Jan",2016,International Journal of Applied Earth Observation and Geoinformation,doi,True,crossref,https://doi.org/10.1016/j.jag.2015.11.008,p34_references.csv: rozenstein2016 | p38_references.csv: rozenstein2016
lubskyi2023,10.36023/ujrs.2023.10.1.229,Evaluation of indicators for desertification risk assessment of Oleshky sands desertification based on Landsat data time series,"Lubskyi, Mykola; Orlenko, Tetiana; Piestova, Iryna; Andreiev, Artem; Lysenko, Artur",2023,Ukrainian journal of remote sensing,doi,True,crossref,https://doi.org/10.36023/ujrs.2023.10.1.229,p34_references.csv: lubskyi2023 | p38_references.csv: lubskyi2023
mokanu2022,10.3997/2214-4609.2022580244,Geoinformational Analysis of Oleshky Sands Desertification Threats,"Mokanu, S.; Liashenko, D.",2022,16th International Conference Monitoring of Geological Processes and Ecological Condition of the Environment,doi,True,crossref,https://doi.org/10.3997/2214-4609.2022580244,p34_references.csv: mokanu2022
small2011,10.1109/tgrs.2011.2120616,Flattening Gamma: Radiometric Terrain Correction for SAR Imagery,"Small, David",2011,IEEE Transactions on Geoscience and Remote Sensing,doi,True,crossref,https://doi.org/10.1109/tgrs.2011.2120616,p38_references.csv: small2011
gardner2006,10.1002/hyp.6419,"Wind‐forced seiche events on Great Slave Lake: hydrologic implications for the Slave River Delta, NWT, Canada","Gardner, J. T.; English, M. C.; Prowse, T. D.",2006,Hydrological Processes,doi,True,crossref,https://doi.org/10.1002/hyp.6419,relations: T13:SUPPORTS
nichols2017,10.1002/rra.3159,"Not all breaks are equal: Variable hydrologic and geomorphic responses to intentional levee breaches along the lower Cosumnes River, California","Nichols, A. L.; Viers, J. H.",2017,River Research and Applications,doi,True,crossref,https://doi.org/10.1002/rra.3159,relations: T02:ANALOGUE
featherstone2011,10.1007/s00190-010-0422-2,The AUSGeoid09 model of the Australian Height Datum,"Featherstone, W. E.; Kirby, J. F.; Hirt, C.; Filmer, M. S.; Claessens, S. J.; Brown, N. J.; Hu, G.; Johnston, G. M.",2011,Journal of Geodesy,doi,True,crossref,https://doi.org/10.1007/s00190-010-0422-2,relations: T08:METHOD_RELEVANT
schwabe2026,10.1007/s00190-026-02096-z,The development of the unified Baltic Sea Chart Datum 2000 (BSCD2000) height transformation grid: an unprecedented example of height system unification based on state-of-the-art marine geoid modelling,"Schwabe, Joachim; Varbla, Sander; Ågren, Jonas; Teitsson, Hergeir; Ellmann, Artu; Liebsch, Gunter; Forsberg, René; Strykowski, Gabriel; Bilker-Koivula, Mirjam; Liepiņš, Ivars; Paršeliūnas, Eimuntas; Keller, Kristian; Omang, Ove Christian Dahl; Vestøl, Olav; Kaminskis, Jānis; Wilde-Piórko, Monika; Szelachowska, Małgorzata; Pyrchla, Krzysztof; Somla, Jarosław; Westfeld, Patrick; Hammarklint, Thomas; Olsson, Per-Anders; Förste, Christoph; Ince, E. Sinem",2026,Journal of Geodesy,doi,True,crossref,https://doi.org/10.1007/s00190-026-02096-z,relations: T08:METHOD_RELEVANT
barzaghi2020,10.1007/s12210-020-00948-0,The worldwide physical height datum project,"Barzaghi, Riccardo; De Gaetani, Carlo Iapige; Betti, Barbara",2020,Rendiconti Lincei. Scienze Fisiche e Naturali,doi,True,crossref,https://doi.org/10.1007/s12210-020-00948-0,relations: T08:SUPPORTS
martindevasa2022,10.1016/j.ecoinf.2022.101894,Comparing distance-decay parameters: A novel test under pairwise dependence,"Martín-Devasa, Ramiro; Martínez-Santalla, Sara; Gómez-Rodríguez, Carola; Crujeiras, Rosa M.; Baselga, Andrés",2022,Ecological Informatics,doi,True,crossref,https://doi.org/10.1016/j.ecoinf.2022.101894,relations: T14:SUPPORTS
christoffersen2023,10.1016/j.envsoft.2023.105789,ICE2WSS; An R package for estimating river water surface slopes from ICESat-2,"Christoffersen, Linda; Bauer-Gottwein, Peter; Sørensen, Louise Sandberg; Nielsen, Karina",2023,Environmental Modelling &amp; Software,doi,True,crossref,https://doi.org/10.1016/j.envsoft.2023.105789,relations: T06:SUPPORTS
mohammed2022,10.1016/j.jhydrol.2022.127675,Emulating process-based water quality modelling in water source reservoirs using machine learning,"Mohammed, Hadi; Michel Tornyeviadzi, Hoese; Seidu, Razak",2022,Journal of Hydrology,doi,True,crossref,https://doi.org/10.1016/j.jhydrol.2022.127675,relations: T04:SUPPORTS
nielsen2022,10.1016/j.rse.2021.112876,"River levels from multi mission altimetry, a statistical approach","Nielsen, Karina; Zakharova, Elena; Tarpanelli, Angelica; Andersen, Ole B.; Benveniste, Jérôme",2022,Remote Sensing of Environment,doi,True,crossref,https://doi.org/10.1016/j.rse.2021.112876,relations: T05:SUPPORTS
cantelli2004,10.1029/2003wr002940,Experiments on upstream‐migrating erosional narrowing and widening of an incisional channel caused by dam removal,"Cantelli, Alessandro; Paola, Chris; Parker, Gary",2004,Water Resources Research,doi,True,crossref,https://doi.org/10.1029/2003wr002940,relations: T02:SUPPORTS
cantelli2007,10.1029/2006wr005621,Numerical model linking bed and bank evolution of incisional channel created by dam removal,"Cantelli, A.; Wong, M.; Parker, G.; Paola, C.",2007,Water Resources Research,doi,True,crossref,https://doi.org/10.1029/2006wr005621,relations: T02:SUPPORTS
beckley2007,10.1029/2007gl030002,A reassessment of global and regional mean sea level trends from TOPEX and Jason‐1 altimetry based on revised reference frame and orbits,"Beckley, B. D.; Lemoine, F. G.; Luthcke, S. B.; Ray, R. D.; Zelensky, N. P.",2007,Geophysical Research Letters,doi,True,crossref,https://doi.org/10.1029/2007gl030002,relations: T11:METHOD_RELEVANT
neal2012,10.1029/2012wr012514,A subgrid channel model for simulating river hydraulics and floodplain inundation over large and data sparse areas,"Neal, Jeffrey; Schumann, Guy; Bates, Paul",2012,Water Resources Research,doi,True,crossref,https://doi.org/10.1029/2012wr012514,relations: T19:SUPPORTS
nienhuis2018,10.1029/2018gl077933,Crevasse Splays Versus Avulsions: A Recipe for Land Building With Levee Breaches,"Nienhuis, Jaap H.; Törnqvist, Torbjörn E.; Esposito, Christopher R.",2018,Geophysical Research Letters,doi,True,crossref,https://doi.org/10.1029/2018gl077933,relations: T03:SUPPORTS
ledauphin2025,10.1029/2025ea004309,Assessing SWOT's Hydraulic Visibility on the Rhine: Precision Flow Lines and Slope‐Based Flood Wave Propagation Signatures,"Ledauphin, T.; Garambois, P.‐A.; Larnier, K.; Azzoni, M.; Emery, C.; Picot, N.; Amzil, S.; Fjørtoft, R.; Maxant, J.; Yésou, H.",2025,Earth and Space Science,doi,True,crossref,https://doi.org/10.1029/2025ea004309,relations: T07:METHOD_RELEVANT
jiang2025,10.1029/2025gl115953,SWOT Reveals Detailed Dynamics of Longitudinal River Slope in the Missouri River Basin,"Jiang, Liguang; Nielsen, Karina; Andersen, Ole B.; Liu, Junguo",2025,Geophysical Research Letters,doi,True,crossref,https://doi.org/10.1029/2025gl115953,relations: T01:SUPPORTS
lee2025,10.1038/s41598-025-26151-5,"Evaluating GNSS infrastructure readiness for IGS contribution: the case of King Sejong Station, Antarctica","Lee, Seung-Jun; Yun, Hong-Sik; Yoon, Hyung-Mi; Lee, Sang-Hoon",2025,Scientific Reports,doi,True,crossref,https://doi.org/10.1038/s41598-025-26151-5,relations: T08:METHOD_RELEVANT
roy2017,10.1061/(asce)he.1943-5584.0001481,Error Analysis of Wind Effects on Natural Flow Estimation,"Roy, Mathieu; Dolcine, Leslie; Fuamba, Musandji",2017,Journal of Hydrologic Engineering,doi,True,crossref,https://doi.org/10.1061/(asce)he.1943-5584.0001481,relations: T13:SUPPORTS
bauergottwein2023,10.1080/02626667.2023.2245811,A hydraulic model of the Amur River informed by ICESat-2 elevation,"Bauer-Gottwein, Peter; Zakharova, Elena; Coppo Frías, Monica; Ranndal, Heidi; Nielsen, Karina; Christoffersen, Linda; Liu, Jun; Jiang, Liguang",2023,Hydrological Sciences Journal,doi,True,crossref,https://doi.org/10.1080/02626667.2023.2245811,relations: T06:METHOD_RELEVANT
bowers2005,10.1080/02705060.2005.9664940,Effects of Water Level Fluctuations on Zebra Mussel Distribution in a Lake Erie Coastal Wetland,"Bowers, Richard; de Szalay, Ferenc A.",2005,Journal of Freshwater Ecology,doi,True,crossref,https://doi.org/10.1080/02705060.2005.9664940,relations: T13:ANALOGUE
chimney2005,10.1080/07438140509354450,"Surface Seiche and Wind Set-up on Lake Okeechobee (Florida, USA) During Hurricanes Frances and Jeanne","Chimney, Michael J.",2005,Lake and Reservoir Management,doi,True,crossref,https://doi.org/10.1080/07438140509354450,relations: T13:SUPPORTS
penna2013,10.1093/gji/ggt161,The apparent British sea slope is caused by systematic errors in the levelling-based vertical datum,"Penna, N. T.; Featherstone, W. E.; Gazeaux, J.; Bingham, R. J.",2013,Geophysical Journal International,doi,True,crossref,https://doi.org/10.1093/gji/ggt161,relations: T08:METHOD_RELEVANT
rogers2021,10.1093/jxb/erab268,The importance of independent replication of treatments in plant science,"Rogers, Alistair; Dietz, Karl-Josef; Gifford, Miriam L; Lunn, John E",2021,Journal of Experimental Botany,doi,True,crossref,https://doi.org/10.1093/jxb/erab268,relations: T14:ANALOGUE
willems2021,10.1101/2021.09.03.458850,Forest wildflowers bloom earlier as Europe warms – but not everywhere equally,"Willems, Franziska M.; Scheepens, J. F.; Bossdorf, Oliver",2021,,doi,True,crossref,https://doi.org/10.1101/2021.09.03.458850,relations: T14:SUPPORTS
alston2022,10.1101/2022.04.21.489059,Mitigating pseudoreplication and bias in resource selection functions with autocorrelation-informed weighting,"Alston, Jesse M.; Fleming, Christen H.; Kays, Roland; Streicher, Jarryd P.; Downs, Colleen T.; Ramesh, Tharmalingam; Calabrese, Justin M.",2022,,doi,True,crossref,https://doi.org/10.1101/2022.04.21.489059,relations: T14:SUPPORTS
dhote2024,10.1109/jstars.2024.3379874,River Water Level and Water Surface Slope Measurement From Spaceborne Radar and LiDAR Altimetry: Evaluation and Implications for Hydrological Studies in the Ganga River,"Dhote, Pankaj R.; Agarwal, Ankit; Singhal, Gaurish; Calmant, Stephane; Thakur, Praveen K.; Oubanas, Hind; Paris, Adrien; Singh, Raghavendra P.",2024,IEEE Journal of Selected Topics in Applied Earth Observations and Remote Sensing,doi,True,crossref,https://doi.org/10.1109/jstars.2024.3379874,relations: T06:SUPPORTS
forstmeier2017,10.1111/brv.12315,Detecting and avoiding likely false‐positive findings – a practical guide,"Forstmeier, Wolfgang; Wagenmakers, Eric‐Jan; Parker, Timothy H.",2017,Biological Reviews,doi,True,crossref,https://doi.org/10.1111/brv.12315,relations: T14:SUPPORTS
segurado2006,10.1111/j.1365-2664.2006.01162.x,Consequences of spatial autocorrelation for niche‐based models,"SEGURADO, P.; ARAÚJO, M. B.; KUNIN, W. E.",2006,Journal of Applied Ecology,doi,True,crossref,https://doi.org/10.1111/j.1365-2664.2006.01162.x,relations: T14:ANALOGUE
hampe2004,10.1111/j.1466-822x.2004.00090.x,Bioclimate envelope models: what they detect and what they hide,"Hampe, Arndt",2004,Global Ecology and Biogeography,doi,True,crossref,https://doi.org/10.1111/j.1466-822x.2004.00090.x,relations: T14:ANALOGUE
skalak2009,10.1111/j.1752-1688.2008.00263.x,Influence of Small Dams on Downstream Channel Characteristics in Pennsylvania and Maryland: Implications for the Long‐Term Geomorphic Effects of Dam Removal<sup>1</sup>,"Skalak, Katherine; Pizzuto, James; Hart, David D.",2009,JAWRA Journal of the American Water Resources Association,doi,True,crossref,https://doi.org/10.1111/j.1752-1688.2008.00263.x,relations: T02:CONTRADICTS
james2008,10.1127/1863-9135/2008/0172-0273,"Hurricane effects on a shallow lake ecosystem, Lake Okeechobee, Florida (USA)","James, Thomas R.; Chimney, Michael J.; Sharfstein, Bruce; Engstrom, Daniel R.; Schottler, Shawn P.; East, Therese; Jin, Kang-Ren",2008,Fundamental and Applied Limnology,doi,True,crossref,https://doi.org/10.1127/1863-9135/2008/0172-0273,relations: T13:SUPPORTS
dai2013,10.1371/journal.pone.0068186,Longitudinal Hydrodynamic Characteristics in Reservoir Tributary Embayments and Effects on Algal Blooms,"Dai, Huichao; Mao, Jingqiao; Jiang, Dingguo; Wang, Lingling",2013,PLoS ONE,doi,True,crossref,https://doi.org/10.1371/journal.pone.0068186,relations: T01:SUPPORTS
pizzuto2002,10.1641/0006-3568(2002)052[0683:eodror]2.0.co;2,Effects of Dam Removal on River Form and Process,"PIZZUTO, JIM",2002,BioScience,doi,True,crossref,https://doi.org/10.1641/0006-3568(2002)052[0683:eodror]2.0.co;2,relations: T02:SUPPORTS
shoganbekova2025,10.20944/preprints202510.0475.v1,Combination of Soviet-Era Surface Gravity and Modern Satellite Data for Geoid Model Computation: A Case Study for Kazakhstan,"Shoganbekova, Daniya; Urazaliyev, Asset; Nurakynov, Serik; Kozhakhmetov, Magzhan; Zhaksygul, Nailya; Sermiagin, Roman",2025,,doi,True,crossref,https://doi.org/10.20944/preprints202510.0475.v1,relations: T08:METHOD_RELEVANT
maselli2018,10.2110/jsr.2018.61,River Morphodynamic Evolution Under Dam-Induced Backwater: An Example from the Po River (Italy),"Maselli, Vittorio; Pellegrini, Claudio; Del Bianco, Fabrizio; Mercorella, Alessandra; Nones, Michael; Crose, Luca; Guerrero, Massimo; Nittrouer, Jeffrey A.",2018,Journal of Sedimentary Research,doi,True,crossref,https://doi.org/10.2110/jsr.2018.61,relations: T02:SUPPORTS
green2009,10.22230/jem.2009v10n1a412,"Changes in riparian area structure, channel hydraulics, and sediment yield following loss of beaver dams","Green, Kim C.; Westbrook, Cherie J.",2009,Journal of Ecosystems and Management,doi,True,crossref,https://doi.org/10.22230/jem.2009v10n1a412,relations: T02:SUPPORTS
trudel2026,10.22541/essoar.15006611/v1,A Heuristic Adaptive Filter for SWOT Lake Vector Data Products,"Trudel, Mélanie; Wang, Jida; Biancamaria, Sylvain; Harlan, Merritt E.; Shah, Deep; Gao, Huilin; Collins, Elyssa L; Getirana, Augusto; Song, Chunqiao; Oliveira, Rafael Reis Alencar; Gosset, Marielle; Martins, Eduardo Savio; Fleischmann, Ayan Santos; Hymans, Débora; Grippa, Manuela; Girard, Felix; Kergoat, Laurent; Pottier, Claire; Fjørtoft, Roger; Oubanas, Hind; Pavelsky, Tamlin M.",2026,,doi,True,crossref,https://doi.org/10.22541/essoar.15006611/v1,relations: T07:METHOD_RELEVANT
wilkerson2025,10.22541/essoar.175674598.82116578/v1,Improving River Slope Estimation in Noisy SWOT Water Surface Elevation Data Using Quantile-Based Filtering,"Wilkerson, Trevor; Sproles, Eric Allan; Plymesser, Kathryn; Iribarren-Anacona, Pablo; Minear, J. Toby",2025,,doi,True,crossref,https://doi.org/10.22541/essoar.175674598.82116578/v1,relations: T07:METHOD_RELEVANT
shirafkan2025,10.22541/essoar.176400770.03434191/v1,Detection of Hydrological Anomalies in Major Iranian Rivers Using SWOT Data and LSTM Autoencoder,"Shirafkan, Shayan",2025,,doi,True,crossref,https://doi.org/10.22541/essoar.176400770.03434191/v1,relations: T07:METHOD_RELEVANT
doi_10_25675_3_026556,10.25675/3.026556,,,,,doi,False,crossref_unresolved,https://doi.org/10.25675/3.026556,relations: T02:SUPPORTS
psn2020,10.31080/asmi.2020.03.0716,Coastal Wave Measurements by Exploitation of Jason-2 PISTACH in the Vicinity of Visakhapatnam Region on East Coast of India,"PSN, Acharyulu; KVSR, Prasad; Stefano, Vignudelli; Sharma, Rashmi; Ramu Ch, Venkata",2020,Acta Scientific Microbiology,doi,True,crossref,https://doi.org/10.31080/asmi.2020.03.0716,relations: T12:SUPPORTS
zhai2026,10.3389/fenvs.2026.1872674,Developing an analysis-ready data processing framework for SWOT-derived inland surface water products,"Zhai, Haoran; Yue, Ang; Fan, Wenfeng; Mo, Fan; Li, Qi; Yao, Jiaqi; Zhao, Zimeng; Deng, Xingchao",2026,Frontiers in Environmental Science,doi,True,crossref,https://doi.org/10.3389/fenvs.2026.1872674,relations: T07:METHOD_RELEVANT
jordan2023,10.3389/frsen.2023.1249521,Spatial structure of in situ reflectance in coastal and inland waters: implications for satellite validation,"Jordan, Thomas M.; Simis, Stefan G. H.; Selmes, Nick; Sent, Giulia; Ienna, Federico; Martinez-Vicente, Victor",2023,Frontiers in Remote Sensing,doi,True,crossref,https://doi.org/10.3389/frsen.2023.1249521,relations: T14:SUPPORTS
shoganbekova2025b,10.3390/computation13110260,Combination of Soviet-Era Surface Gravity and Modern Satellite Data for Geoid Model Computation: A Case Study for Kazakhstan,"Shoganbekova, Daniya; Urazaliyev, Asset; Nurakynov, Serik; Kozhakhmetov, Magzhan; Zhaksygul, Nailya; Sermiagin, Roman",2025,Computation,doi,True,crossref,https://doi.org/10.3390/computation13110260,relations: T08:METHOD_RELEVANT
pacina2020,10.3390/ijgi9040258,"Dynamics of Sediments in Reservoir Inflows: A Case Study of the Skalka and Nechranice Reservoirs, Czech Republic","Pacina, Jan; Lenďáková, Zuzana; Štojdl, Jiří; Matys Grygar, Tomáš; Dolejš, Martin",2020,ISPRS International Journal of Geo-Information,doi,True,crossref,https://doi.org/10.3390/ijgi9040258,relations: T17:SUPPORTS
zhang2020,10.3390/rs12244137,Estimation of Vertical Datum Parameters Using the GBVP Approach Based on the Combined Global Geopotential Models,"Zhang, Panpan; Bao, Lifeng; Guo, Dongmei; Wu, Lin; Li, Qianqian; Liu, Hui; Xue, Zhixin; Li, Zhicai",2020,Remote Sensing,doi,True,crossref,https://doi.org/10.3390/rs12244137,relations: T08:METHOD_RELEVANT
varbla2022,10.3390/rs14040920,Treatment of Tide Gauge Time Series and Marine GNSS Measurements for Vertical Land Motion with Relevance to the Implementation of the Baltic Sea Chart Datum 2000,"Varbla, Sander; Ågren, Jonas; Ellmann, Artu; Poutanen, Markku",2022,Remote Sensing,doi,True,crossref,https://doi.org/10.3390/rs14040920,relations: T08:SUPPORTS
amante2023,10.3390/rs15061702,Continuously Updated Digital Elevation Models (CUDEMs) to Support Coastal Inundation Modeling,"Amante, Christopher J.; Love, Matthew; Carignan, Kelly; Sutherland, Michael G.; MacFerrin, Michael; Lim, Elliot",2023,Remote Sensing,doi,True,crossref,https://doi.org/10.3390/rs15061702,relations: T08:METHOD_RELEVANT
chen2024,10.3390/rs16101706,Refining ICESAT-2 ATL13 Altimetry Data for Improving Water Surface Elevation Accuracy on Rivers,"Chen, Yun; Liu, Qihang; Ticehurst, Catherine; Sarker, Chandrama; Karim, Fazlul; Penton, Dave; Sengupta, Ashmita",2024,Remote Sensing,doi,True,crossref,https://doi.org/10.3390/rs16101706,relations: T06:METHOD_RELEVANT
bauergottwein2024,10.3390/rs16214010,Hydraulics of Time-Variable Water Surface Slope in Rivers Observed by Satellite Altimetry,"Bauer-Gottwein, Peter; Christoffersen, Linda; Musaeus, Aske; Frías, Monica Coppo; Nielsen, Karina",2024,Remote Sensing,doi,True,crossref,https://doi.org/10.3390/rs16214010,"relations: T01:SUPPORTS,T03:SUPPORTS,T06:SUPPORTS"
wang2022,10.3390/w14203304,Monitoring and Analysis of Water Surface Slope of the Yarlung Zangbo River Based on Remote Sensing,"Wang, Shidong; Cui, Dunyue; Xu, Jiahui",2022,Water,doi,True,crossref,https://doi.org/10.3390/w14203304,relations: T06:SUPPORTS
liu2023,10.3390/w15112057,Study on the Water Level–Discharge Relationship Changes in Dongting Lake Outlet Section over 70 Years and the Impact of Yangtze River Backwater Effect,"Liu, Yizhuang; Jiang, Changbo; Long, Yuannan; Deng, Bin; Jiang, Jieyu; Yang, Yang; Wu, Zhiyuan",2023,Water,doi,True,crossref,https://doi.org/10.3390/w15112057,relations: T01:SUPPORTS
coppo2022,10.5194/egusphere-2022-377,River hydraulic modelling with ICEsat-2 land and water surface elevation,"Coppo Frias, Monica; Liu, Suxia; Mo, Xingguo; Nielsen, Karina; Randall, Heidi; Jiang, Liguang; Ma, Jun; Bauer-Gottwein, Peter",2022,,doi,True,crossref,https://doi.org/10.5194/egusphere-2022-377,relations: T06:METHOD_RELEVANT
athanasiou2019,10.5194/essd-11-1515-2019,Global distribution of nearshore slopes with implications for coastal retreat,"Athanasiou, Panagiotis; van Dongeren, Ap; Giardino, Alessio; Vousdoukas, Michalis; Gaytan-Aguilar, Sandra; Ranasinghe, Roshanka",2019,Earth System Science Data,doi,True,crossref,https://doi.org/10.5194/essd-11-1515-2019,relations: T10:ANALOGUE
schneider2017,10.5194/hess-21-751-2017,Application of CryoSat-2 altimetry data for river analysis and modelling,"Schneider, Raphael; Godiksen, Peter Nygaard; Villadsen, Heidi; Madsen, Henrik; Bauer-Gottwein, Peter",2017,Hydrology and Earth System Sciences,doi,True,crossref,https://doi.org/10.5194/hess-21-751-2017,relations: T05:SUPPORTS
keppenne2005,10.5194/npg-12-491-2005,Ensemble Kalman filter assimilation of temperature and altimeter data with bias correction and application to seasonal prediction,"Keppenne, C. L.; Rienecker, M. M.; Kurkowski, N. P.; Adamec, D. A.",2005,Nonlinear Processes in Geophysics,doi,True,crossref,https://doi.org/10.5194/npg-12-491-2005,relations: T08:METHOD_RELEVANT
hughes2006,10.5194/osd-3-1543-2006,An oceanographer’s guide to GOCE and the geoid,"Hughes, C. W.; Bingham, R. J.",2006,,doi,True,crossref,https://doi.org/10.5194/osd-3-1543-2006,relations: T09:METHOD_RELEVANT
muller2019,10.5194/tc-13-611-2019,Dynamic ocean topography of the northern Nordic seas: a comparison between satellite altimetry and ocean modeling,"Müller, Felix L.; Wekerle, Claudia; Dettmering, Denise; Passaro, Marcello; Bosch, Wolfgang; Seitz, Florian",2019,The Cryosphere,doi,True,crossref,https://doi.org/10.5194/tc-13-611-2019,relations: T08:SUPPORTS
doi_10_5281_zenodo_7098113,10.5281/zenodo.7098113,,,,,doi,False,crossref_unresolved,https://doi.org/10.5281/zenodo.7098113,relations: T06:SUPPORTS
