slug,doi,title,source_type,n_chars,families_in_fulltext,n_families,geodetic_occurrences,doc_density_per_10k,best_chunk_per_10k,cooccurring_windows,generic_only,auto_admitted,read_priority,best_passage,manual_verdict,manual_note
10.1007_s00190-021-01541-5,10.1007/s00190-021-01541-5,The permanent tide and the International Height Reference Frame IHRF,paper,69283,height_types;permanent_tide;reference_systems,3,387,55.858,135.0,64,False,True,545.7,"t the first step they also removed part of the Earth's presumed response to the permanent tide-generating potential. When Poutanen et al. (1996) pointed out that the ITRF coordinates are tide-free, the IERS Standards (McCarthy 1992) were still unambiguously prescribing mean-tide (=zero-tide) coordinates.  All three tidal concepts are currently used for referencing geodetic quantities.  ITRF coordi",usable,Core permanent-tide/IHRF paper; directly addresses mean/zero/tide-free conventions and reference-frame consistency.
10.1007_s00190-017-1075-1,10.1007/s00190-017-1075-1,Geodetic methods to determine the relativistic redshift at the level of 10 $$^{-18}$$ - 18 in the context of international timescales: a review and practical results,paper,118419,datum_transformation;height_types;permanent_tide;gnss_levelling;reference_systems,5,162,13.68,150.0,40,False,True,536.2,alue for ζ (EGG2015) 0 was implemented; the original value of + 0.305 m with a formal uncertainty of 0.002 m resulted from the comparison with 1139 stations from the EUVN_DA GNSS/levelling data set (EUVN_DA: European Vertical Reference Network -Densification Action; Kenyeres et al. 2010). The rounded value of +0.300 m for ζ (EGG2015) 0 implies a zero potential for the EGG2015 model of W (EGG2015) ,usable,"Directly relevant to EGG2015, GNSS/levelling, height-system unification and geodetic reference conventions."
10.4314_sajg.v14i1.1,10.4314/sajg.v14i1.1,Empirical investigations towards establishing a geoid-based vertical datum over South Africa,paper,13387,datum_transformation;height_types;reference_systems,3,108,80.675,130.0,12,False,True,424.8,"A gravimetric geoid/quasigeoid model is commonly preferred for height unification worldwide because it provides a consistent vertical datum over large areas. In practical terms, geometric geoid undulation/height () is the difference between ellipsoidal height (ℎ) and orthometric height (),  = ℎ - (Heiskanen & Moritz, 1967;Vaníček, 1976). This definition ignores the existence of a vertical offset, ",usable,Direct vertical-datum unification; explicitly links ellipsoidal and orthometric heights through geoid/quasigeoid models.
10.1007_s00190-021-01481-0,10.1007/s00190-021-01481-0,Strategy for the realisation of the International Height Reference System (IHRS),paper,111505,datum_transformation;height_types;permanent_tide;gnss_levelling;reference_systems,5,201,18.026,95.0,52,False,True,393.1,"olution of the GBVP in the zero-tide system, the GGM should be given in the zero-tide system and be evaluated at mean-tide = zero-tide coordinates (X MT ). As the ITRF coordinates are given in the conventional tide-free system (X NT ), the mean-tide positions have to ( 18)  be restored. The IERS Conventions provide correction formulas to be added to the 3-D Cartesian coordinates ( see Eq. (7.14a) ",usable,"Core IHRS/IHRF methodology; directly treats permanent-tide systems, ITRF coordinates and height-system realisation."
10.3846_20296991.2013.823705,10.3846/20296991.2013.823705,ESTIMATING THE GEOPOTENTIAL VALUE W0 OF THE LOCAL GEOID BASED ON DATA FROM LOCAL AND GLOBAL NORMAL HEIGHTS OF GPS/LEVELING POINTS IN VIETNAM,paper,16309,datum_transformation;height_types;permanent_tide;reference_systems,4,85,52.118,105.0,15,False,True,354.0," of MDT is fully determined from the Mean Dynamic Topography model (MDT) at the Zero Tide Gauge. On the other hand, the value TGO is computed by the formula: TGO = h 0 -MSS, where MSS is determined from the Mean Sea Surface model (altimetry-based global MSL model in relation to the ellipsoid) at the Zero Tide Gauge, h 0 is ellipsoidal height of local mean sea level at the Zero Tide Gauge in relati",marginal,"Relevant to local geoid/W0 and tide-gauge datum realisation, but less directly tied to satellite-water-level harmonisation."
10.3390_rs12050817,10.3390/rs12050817,A Quasigeoid-Derived Transformation Model Accounting for Land Subsidence in the Mekong Delta towards Height System Unification in Vietnam,paper,54545,datum_transformation;height_types;gnss_levelling;reference_systems,4,190,34.834,85.0,44,False,True,348.0,"ight on the VLVD. With its large mean bias, the gravimetric quasigeoid model does not allow the accurate transformation of GNSS ellipsoidal heights to physical heights in the VLVD. Most often, the gravimetric quasigeoid or geoid model is forced to fit onto the local vertical datum. Such a hybrid quasigeoid/geoid model is used to convert GNSS ellipsoidal heights to physical heights. Most countries ",usable,Direct height-system transformation using quasigeoid/geoid models and GNSS ellipsoidal-to-physical-height conversion.
10.30897_ijegeo.754808,10.30897/ijegeo.754808,Determination of Orthometric Height Using GNSS and EGM Data: A Scenario of The Federal University of Technology Akure,paper,12399,height_types;reference_systems,2,70,56.456,105.0,11,False,True,342.5, (Table 2). The standard deviation and standard error computed from each set of orthometric heights values determined with respect to each Earth Gravity Model are shown in Table 3. The geographical and UTM coordinates of all the selected stations in the study area are shown in Table 4. The 3-Dimensional surface model of the orthometric heights values with respect to different earth gravity models ,marginal,"Generic GNSS+EGM orthometric-height application; useful background, limited value for cross-mission water-level harmonisation."
10.4314_sajg.v5i1.2,10.4314/sajg.v5i1.2,Assessment of EGM2008 using GPS/levelling and free-air gravity anomalies over Nairobi County and its environs,paper,15120,height_types;reference_systems,2,72,47.619,100.0,12,False,True,329.2,lations from ±56.6 cm for EGM96 to ±11.6 cm for EGM2008. This represents an improvement of ±45.0 cm (80%). These results indicate that the performance of EGM2008 is 5 times better than EGM96 in the area of study. An assessment of EGM2008 has been carried out using geoid undulations and free-air gravity anomalies over Nairobi County and its environs. The free-air gravity anomalies and geoid undulat,marginal,"Useful EGM2008 validation example, but mostly local geoid performance rather than datum harmonisation of hydrological observations."
10.1029_2021wr031614,10.1029/2021wr031614,A Framework for Estimating Global River Discharge From the Surface Water and Ocean Topography Satellite Mission,paper,70802,swot_reference;reference_systems,2,215,30.366,90.0,3,False,True,300.0,"d Kingdom, and Canada, and will measure oceans and surface water. SWOT measurements of river water surface elevation (WSE), top width and longitudinal water surface slope (JPL Internal Document, 2020) enable SWOT discharge estimates, allowing potential global scale advances in hydrology. A benchmarking study recently focused on one aspect of expected performance of algorithms used to estimate SWOT",irrelevant,"SWOT discharge framework; passage discusses WSE/slope use, not vertical-reference transformation or datum consistency."
10.3390_rs11232739,10.3390/rs11232739,Mapping Water Surface Elevation and Slope in the Mississippi River Delta Using the AirSWOT Ka-Band Interferometric Synthetic Aperture Radar,paper,55959,datum_transformation;swot_reference;reference_systems,3,212,37.885,75.0,18,False,True,279.2,": (i) random error which we compute as the standard error of the pixel-level AirSWOT elevations within the averaging window (standard deviation divided by the square root of the number of samples); and (ii) uncertainty in the vertical datum conversion from WGS84 to NAVD88 in this area, which can be calculated by NOAA VDatum [43], and is equal to 7.3 cm on average within the study area. For the sak",usable,Direct AirSWOT WSE/WSS application with explicit WGS84→NAVD88 conversion and quantified datum-conversion uncertainty.
10.3846_gac.2018.4356,10.3846/gac.2018.4356,GLOBAL GEOID ADJUSTMENT ON LOCAL AREA FOR GIS APPLICATIONS USING GNSS PERMANENT STATION COORDINATES,paper,24177,height_types;permanent_tide;reference_systems,3,74,30.608,80.0,15,False,True,275.9," model᾽s coefficients and other descriptive files with additional details about EGM2008 are provided on the Internet. The FORTRAN harmonic synthesis program, hsynth WGS84.f, permits to compute point geoid undulations with respect to WGS84 from spherical harmonic synthesis of the EGM2008 Tide Free Spherical Harmonic Coefficients and its associated Correction Model, at any WGS84 latitude/longitude c",marginal,"Contains tide-free EGM2008/geoid adjustment information, but is primarily local geoid fitting rather than hydrologic cross-system harmonisation."
10.3390_rs14061437,10.3390/rs14061437,The Refined Gravity Field Models for Height System Unification in China,paper,42148,datum_transformation;height_types;permanent_tide;reference_systems,4,118,27.997,70.0,29,False,True,273.3,"s are made available by the National Geomatics Center of China to determine the vertical datum geopotential of China. The GNSS ellipsoidal coordinates are based on ITRF2014 [38], and the GNSS coordinate accuracy reaches the millimeter level; in particular, the accuracy of GNSS ellipsoidal heights is about 5 mm. The distribution for the GNSS/leveling datapoints in China is shown in Figure 1. Becaus",usable,"Direct height-system unification with GNSS/levelling, gravity-field models and national vertical-datum realisation."
10.3390_rs13132580,10.3390/rs13132580,A New Model of Quasigeoid for the Baltic Sea Area,paper,36680,datum_transformation;height_types;permanent_tide;reference_systems,4,91,24.809,70.0,23,False,True,261.6,"oid models. The final quasigeoid map of the Baltic sea for the GOCO model is shown in Figure 9.  to the cogeoid indirect effect and then the quasigeoid correction, we received three versions of quasigeoid models. The final quasigeoid map of the Baltic sea for the GOCO model is shown in Figure 9.  The empirical standard deviation is computed from  which gives the numerical description of the accura",marginal,"Baltic quasigeoid modelling is geographically and geodetically relevant, but passage is more model construction than observation harmonisation."
10.36306_konjes.1720907,10.36306/konjes.1720907,"IMPROVING ICESAT GLAS DERIVED WATER SURFACE ELEVATIONS OVER LAKE VAN, TÜRKİYE",paper,23911,height_types;icesat2_reference;swot_reference;reference_systems,4,30,12.547,80.0,5,False,True,258.5,"ng indicators of climate change.  Satellite altimeters provide measurements in ellipsoidal heights, whereas WSEs are typically expressed in orthometric heights. Geoid models are used to convert ellipsoidal heights to orthometric heights. ICESat, its successor ICESat-2, and the Surface Water and Ocean Topography (SWOT) satellite all use the EGM2008 geoid model for this conversion. Both ICESat-2 and",usable,Directly states ellipsoidal-to-orthometric conversion for satellite WSE and connects ICESat/ICESat-2/SWOT to EGM2008.
10.3390_w14101613,10.3390/w14101613,Monitoring and Analysis of Water Level Changes in Mekong River from ICESat-2 Spaceborne Laser Altimetry,paper,25707,height_types;icesat2_reference;reference_systems,3,64,24.896,75.0,13,False,True,256.9,") Validation of measurement precision of ICESat-2 water level Through comparing in situ water level data and the timeseries of ICESat-2 values, three metrics could be calculated to assess the measurement precision of ICESat-2 water level data over Mekong River, namely correlation coefficient, bias, and root-mean-square error (RMSE). According to the availability of satellite orbit, ICESat-2 remote",marginal,"Useful ICESat-2 water-level validation paper, but shown passage emphasizes bias/RMSE rather than the vertical-reference chain."
10.3389_feart.2020.00278,10.3389/feart.2020.00278,Advancing Field-Based GNSS Surveying for Validation of Remotely Sensed Water Surface Elevation Products,paper,50430,datum_transformation;height_types;swot_reference;reference_systems,4,92,18.243,75.0,7,False,True,252.7,"is to validate AirSWOT and forthcoming SWOT mappings of WSE and WSS. To test WaSP's suitability for this task, we compared WaSP WSE surveys on the North Saskatchewan River collected on July 7, 2017, and August 16, 2017, with nearly coincident AirSWOT mappings of the same reach collected on July 8, 2017, August 16, 2017, and August 17, 2017. Unfortunately, ∼84, 87, and 45% of the study reach water ",usable,Strong direct analogue: GNSS field surveys used to validate AirSWOT/SWOT WSE/WSS; supports validation-against and independence fields.
10.1007_s00190-026-02096-z,10.1007/s00190-026-02096-z,The development of the unified Baltic Sea Chart Datum 2000 (BSCD2000) height transformation grid: an unprecedented example of height system unification based on state-of-the-art marine geoid modelling,paper,65585,datum_transformation;height_types;permanent_tide;swot_reference;reference_systems,5,131,19.974,60.0,27,False,True,243.6,"ately transformed, they are suitable for a consistent validation of gravimetric quasigeoid solutions over the whole area. Ellipsoidal heights of Germany and Poland are readily compatible with ETRF2000. For the NKG member countries (all except Germany and Poland), the transformation from the national realisation to ETRF2000 was based on either NKG Transformation version 2008 (Häkli et al. 2016) or ",usable,Highly relevant Baltic height-system unification/BSCD2000 transformation paper; directly relevant to Baltic-datum questions.
10.3390_rs16071181,10.3390/rs16071181,Inland Water Level Monitoring from Satellite Observations: A Scoping Review of Current Advances and Future Opportunities,paper,102588,height_types;icesat2_reference;swot_reference;reference_systems,4,49,4.776,70.0,6,False,True,231.9,"1 and then by GEDI missions [99]. In addition, the more accurate performance of ICESat-2 compared to GEDI data is shown in [102]. Furthermore, a comprehensive evaluation of the performances of radar and lidar altimetry missions over mountainous areas shows that very accurate results could be obtained using ICESat-2 data in contrast to GEDI data which need to be analyzed over longer time periods to",marginal,"Broad inland-water altimetry review; useful background and citation mining, but not a primary extraction source for vertical-reference methodology."
10.5194_essd-11-647-2019,10.5194/essd-11-647-2019,"ICGEM – 15 years of successful collection and distribution of global gravitational models, associated services, and future plans",paper,69859,datum_transformation;height_types;permanent_tide;gnss_levelling;reference_systems,5,68,9.734,55.0,23,False,True,216.3,"points from Europe is also included in the comparisons. More information on the GNSS/levelling data points is provided in Table 3.  In contrast to the global gravity field models, these data are not freely available. Their availability is limited due to the legal restrictions or the observers' own interest. Due to the relevance of these external datasets for the model evaluation, ICGEM will addres",marginal,"Authoritative gravity-model service context and GNSS/levelling evaluation, but indirect for satellite/gauge datum harmonisation."
10.3390_rs14102368,10.3390/rs14102368,Shipborne GNSS-Determined Sea Surface Heights Using Geoid Model and Realistic Dynamic Topography,paper,78810,datum_transformation;height_types;permanent_tide;reference_systems,4,26,3.299,65.0,4,False,True,211.6,"model [40] (cf. Figure 2). Note that NKG2015 represents a geoid model using the zero-tide permanent tide concept, to which a correction from zero-tide to the tide-free concept has been applied (see [41,42] for details about permanent tide concepts). The correction provides consistency with GNSS measurements (using the tide-free concept). In other words, by subtracting NKG2015 heights from the GNSS",usable,Direct permanent-tide consistency example: zero-tide geoid converted to tide-free for consistency with GNSS observations.
10.3390_rs12122066,10.3390/rs12122066,Centimeter Precision Geoid Model for Jeddah Region (Saudi Arabia),paper,35866,datum_transformation;height_types;reference_systems,3,66,18.402,55.0,21,False,True,209.1,"ts.  These so called GPS/levelling geoid undulations N are completely independent from the values obtained by the gravimetric geoid modeling. This independent database of geoid undulations allowed us to quantify the precision of the gravimetric estimation. These undulations were then also used in the computation of a hybrid geoid undulation. This hybrid geoid has, again, been obtained by applying ",marginal,"Good independent geoid-validation design, but less directly connected to water-level reference harmonisation."
10.3390_rs15061702,10.3390/rs15061702,Continuously Updated Digital Elevation Models (CUDEMs) to Support Coastal Inundation Modeling,paper,59069,datum_transformation;icesat2_reference;reference_systems,3,52,8.803,55.0,15,False,True,198.7,"d, therefore, such data were not used as independent validation.  At this time, ICESat-2 returns were only used to validate CUDEM tiles over topographic land surfaces. The 532 nm green laser on the ICESat-2 ATLAS instrument can penetrate water, but the ATL03 product does not currently account for the refraction and the corresponding change in the speed of light that occurs at the air-water interfa",marginal,"ICESat-2 as independent validation of elevation products is relevant, though passage focuses on CUDEM/refraction rather than datum conversion."
10.3133_tm11d1,10.3133/tm11d1,Methods of practice and guidelines for using survey-grade global navigation satellite systems (GNSS) to establish vertical datum in the United States Geological Survey,paper,277288,datum_transformation;height_types;reference_systems,3,75,2.705,50.0,12,False,True,181.5," convert North American Datum 1983 (NAD 83) ellipsoid heights to North American Vertical Datum 1988 (NAVD 88) orthometric heights. geoid height The separation distance between the reference ellipsoid Geographic Reference System 1980 (GRS 80) and the hybrid geoid model, for example GEOID 09. The combination of the North American Datum 1983 (NAD 83) ellipsoid height from Global Navigation Satellite ",usable,Direct operational guidance for establishing vertical datum and converting GNSS ellipsoidal heights to orthometric heights.
10.4314_sajg.v6i1.4,10.4314/sajg.v6i1.4,Performance evaluation of the Earth Gravitational Model 2008 (EGM2008) – a case study,paper,23006,height_types;permanent_tide;reference_systems,3,42,18.256,50.0,14,False,True,181.2,"nging tasks in the field of geodetic surveying is the accurate determination of orthometric heights from GNSS, in particular GPS measurements (Al-Ghamdi andDawod, 2013, Lee et al., 2012) for a local geodetic datum. This poses a challenge for high order engineering works such as engineering surveys or 3D coordinate transformation and mapping (Featherstone et al., 2001;Fotopoulos, 2003).  This has t",marginal,"Relevant EGM2008/GNSS orthometric-height background, but mainly a local model-performance study."
10.1007_s00190-021-01567-9,10.1007/s00190-021-01567-9,Colorado geoid computation experiment: overview and summary,paper,36801,datum_transformation;height_types;permanent_tide;reference_systems,4,64,17.391,50.0,11,False,True,180.9,"anomalies ζ G SV S17 are obtained by removing the normal height H N from the ellipsoidal height h G P S on the 223 marks ζ G SV S17 h G P S -H N . Note that the GSVS17 data were not available to any of the contributing groups, so that the GSVS17 data could not be used to tune quasigeoid models, but were used solely for an independent comparison.  Figure 6 illustrates the differences between the he",marginal,Strong independent holdout-style quasigeoid validation example; useful for independence methodology more than water-level harmonisation itself.
10.22161_ijeab.4443,10.22161/ijeab.4443,"Modelling of Orthometric heights from Multi-Networks of GNSS/Precise Levelling in FCT, Abuja",paper,17453,datum_transformation;height_types;gnss_levelling;reference_systems,4,49,28.075,50.0,11,False,True,179.4, 95% confidence limits for modelling orthometric heights from GNSS techniques as confirmed by the diagnostic tests. 2.9 Application Areas and Importance of the Geoid Model Applications of geoid are: 1. For transforming GPS ellipsoidal heights (h) to orthometric height for practical surveying and engineering applications. 2. An important part of a National Geodetic Data Infrastructure (NGDI).  3. T,marginal,"Generic GNSS/precise-levelling orthometric-height modelling; useful background, limited direct relevance to altimetry."
10.1002_esp.70263,10.1002/esp.70263,Quantifying river morphological changes using multi‐satellite observations and in situ measurements,paper,46207,datum_transformation;height_types;icesat2_reference;swot_reference;reference_systems,5,46,9.955,45.0,16,False,True,173.6,"ed (Yommy et al., 2015).  Elevations of exposed river bed were derived from the ICESat-2 ATL03 photon product, which provides geolocated photon heights along satellite tracks. These data were preprocessed to correct ellipsoidal heights to the EGM2008 geoid and subsequently adjusted to the local Public Works Datum (PWD) in Bangladesh (Figure S1). Quality filtering retained only high-confidence phot",usable,Direct hydrologic application: ICESat-2 ellipsoidal heights corrected to EGM2008 and then to a local Public Works Datum.
10.3390_rs15082189,10.3390/rs15082189,Determination of Accurate Dynamic Topography for the Baltic Sea Using Satellite Altimetry and a Marine Geoid Model,paper,94034,datum_transformation;height_types;permanent_tide;swot_reference;gnss_levelling;reference_systems,6,40,4.254,45.0,8,False,True,163.0,"In addition, these SA data are referenced to TOPEX/Poseidon (T/P) ellipsoid and ITRF (realization 2008), while the TG observations are referred to NAP and ETRF (European Terrestrial Reference Frame). Also recall that the NKG2015 geoid model refers to the GRS-80 reference ellipsoid. The height difference between the ETRF and ITRF in terms of ellipsoidal heights was applied to the SA data. Moreover,",usable,"Excellent direct analogue: satellite altimetry, tide gauges, multiple ellipsoids/frames and a marine geoid explicitly harmonised."
10.3390_rs14194790,10.3390/rs14194790,A Review of Marine Gravity Field Recovery from Satellite Altimetry,paper,46795,height_types;icesat2_reference;swot_reference;reference_systems,4,14,2.992,40.0,2,False,True,132.4,"etry missions are the ICESat and ICESat-2 satellites. The ICESat satellite, operated by the United States, provides novel along-track data for marine gravity field recovery, especially in Antarctic coverage [9]. The ICESat-2 satellite, the 2nd-generation laser altimeter ICESat mission, employs an advanced topographic laser altimeter system (ATLAS) with three pairs of laser beams (six beams), which",irrelevant,Marine gravity-field recovery review; ICESat-2/SWOT mentions are mission context rather than water-level datum harmonisation.
10.3390_rs14143250,10.3390/rs14143250,Geodetic SAR for Height System Unification and Sea Level Research—Results in the Baltic Sea Test Network,paper,72867,datum_transformation;height_types;permanent_tide;gnss_levelling;reference_systems,5,34,4.666,30.0,12,False,True,121.4," the underlying reference frames, the GNSS and SAR results are expressed in the ITRF2014, whereas the GOCE results refer to ITRF2008. The transformation parameters between both frames are rather small (max. 2.4 mm) [12], and thus, they do not need to be taken into account here.  The GNSS network stations in the Baltic Sea region are processed together with about 10 to 15 IGS/EPN stations, which ar",usable,Direct height-system unification across ITRF/ETRF and Baltic geodetic observations; strong reference-frame example.
10.5194_hess-19-4345-2015,10.5194/hess-19-4345-2015,DAHITI – an innovative approach for estimating water level time series over inland waters using multi-mission satellite altimetry,paper,77512,datum_transformation;height_types;reference_systems;altimetry_harmonisation,4,13,1.677,35.0,3,False,True,118.8,"use the same retracker for all measurements over one target. That minimizes the inter-mission biases, which are shown later for selected results in Sect. 4.3 and allow us to use different altimeter missions as a single virtual altimeter system. The average values of the applied range errors are given in Table 1 for each al-timeter mission. All data used in this study (the altimeter data as well as",usable,Direct multi-mission inland-water altimetry harmonisation; explicitly treats inter-mission biases and a common virtual-altimeter system.
10.1590_0001-3765201720160802,10.1590/0001-3765201720160802,Hybrid Geoid Model: Theory and Application in Brazil,paper,31069,datum_transformation;height_types;gnss_levelling;reference_systems,4,23,7.403,30.0,10,False,True,115.3,"t free air gravity anomalies through terrestrial gravimetric data (coordinates, orthometric height and gravity acceleration); 2. Calculation of complete Bouguer anomalies in order to derive mean free air gravity anomalies. The 5' x 5' grid of these anomalies was computed from point gravity data. Over the ocean, DTU10 was used; 3. Calculation of Helmert gravity anomalies referred to the surface of ",marginal,Hybrid geoid methodology is relevant background but not a direct water-level or cross-mission harmonisation case.
10.5194_essd-14-2463-2022,10.5194/essd-14-2463-2022,HydroSat: geometric quantities of the global water cycle from geodetic satellites,paper,69045,height_types;icesat2_reference;swot_reference;reference_systems,4,22,3.186,30.0,8,False,True,112.2," Additional added value of the HydroSat data is their complementary role in the SWOT mission. Over rivers, SWOT will estimate discharge from multiple algorithms as well as consensus values computed over multiple individual algorithms (Stuurman and Pottier, 2020). The majority of algorithms are Bayesian, relying on prior data. Hydrological variables provided by HydroSat can effectively be used as p",marginal,"HydroSat/SWOT integration is useful mission context, but passage does not establish a vertical-reference transformation chain."
10.1007_s10712-019-09525-z,10.1007/s10712-019-09525-z,"Concepts and Terminology for Sea Level: Mean, Variability and Change, Both Local and Global",paper,88995,height_types;permanent_tide;reference_systems,3,19,2.135,30.0,6,False,True,106.9," to the periodic constituents, the tides have a constant constituent called the permanent tide, which tends to make the Earth and sea surface more oblate. Our definitions of mean sea level and the geoid use the mean-tide convention, including the permanent tide. In gravity models, the zero-tide convention is more usual, in which the permanent ocean tide is subtracted, but the permanent elastic tid",usable,Core conceptual paper for permanent tide and mean sea level/geoid conventions; directly supports tide-system terminology.
10.3390_rs13112196,10.3390/rs13112196,Evaluation of the Performances of Radar and Lidar Altimetry Missions for Water Level Retrievals in Mountainous Environment: The Case of the Swiss Lakes,paper,47936,height_types;icesat2_reference;swot_reference;reference_systems;altimetry_harmonisation,5,23,4.798,25.0,10,False,True,102.3,"rong and a weak beam in each pair, which varies with the ATLAS orientation. The ICESat-2 footprint has a diameter ~17 m which could increase up to ~20 m due an energy decrease after the 3-year of the nominal mission [45]. In this study, the ATLAS/ICESat-2 Level3A (ATL13) product, providing along-track heights of lakes, rivers, and wetlands with reference to EGM2008 is used [46]. It is made availab",usable,Direct inland-water altimetry case using ICESat-2 ATL13 with an explicit EGM2008 height reference.
10.3390_rs17020197,10.3390/rs17020197,A Regional Gravimetric and Hybrid Geoid Model in Northern Greece from Dedicated Gravity Campaigns,paper,44358,datum_transformation;height_types;permanent_tide,3,20,4.509,20.0,8,False,True,80.0,"gh the mean normal gradient of +0.3086H i [mGal]:  In Equation ( 9), H i is the orthometric height of the point location referring to the TG station at Piraeus harbor where the zero level for Hellenic vertical datum is located [32][33][34].  After finishing the data processing, the final gravity values and their accuracy at the new points were estimated. The final gravity database (see Figure 3) u",marginal,"Regional geoid/vertical-datum realisation is relevant, but not directly tied to satellite-water-level harmonisation."
10.1038_s41467-018-06645-9,10.1038/s41467-018-06645-9,Mediterranean UNESCO World Heritage at risk from coastal flooding and erosion due to sea-level rise,paper,41101,datum_transformation;reference_systems,2,4,0.973,20.0,2,False,True,67.4,"lable. To ensure that all data used for the analysis are referenced to the same vertical datum, we convert the vertical datum of the surge data, referenced to the mean sea level, to the EGM96 geoid, the vertical datum of the SRTM data 68,73,85,86 . To do so, we use the mean dynamic ocean topography 110 , which is the difference between mean sea level and the geoid.  To account for plausible increa",marginal,"Shows practical conversion between mean-sea-level and EGM96 datums in flood-risk work; useful analogue, not core B evidence."
10.3390_rs11192212,10.3390/rs11192212,Monitoring Beach Topography and Nearshore Bathymetry Using Spaceborne Remote Sensing: A Review,paper,66790,datum_transformation;icesat2_reference;swot_reference,3,9,1.348,20.0,0,False,True,66.9,"ltimetry, more accurate results can be provided by the laser altimetry mission, ICESat-2 (Ice, Cloud, and Land Elevation Satellite-2), carrying only the advanced topographic laser altimeter system (ATLAS) instrument [119]. The ICESat-2 mission launched in September 15, 2018, [119], will not only provide a monitoring of glaciers and ice sheets topography but also the elevation of land surfaces (soi",irrelevant,Review mainly mentions ICESat-2 as an elevation sensor; no substantive vertical-reference harmonisation in the shown evidence.
10.5194_hess-25-1643-2021,10.5194/hess-25-1643-2021,Evaluation of historic and operational satellite radar altimetry missions for constructing consistent long-term lake water level records,paper,76683,datum_transformation;height_types;reference_systems;altimetry_harmonisation,4,11,1.434,15.0,4,False,True,60.1,"erived estimates and the gauge measurements. If both are referenced to the same vertical datum (e.g., EGM2008), then the smaller the bias, the closer altimetry-derived estimates are to the real lake water level.  Since the data of the altimetry-derived water levels and the gauge measurements were consistent only for the Great Lakes, as mentioned in Sect. 2.2, we compared and evaluated the biases o",usable,Direct multi-mission lake-level consistency study; explicitly requires altimetry and gauges to share the same vertical datum.
10.3389_feart.2018.00230,10.3389/feart.2018.00230,Best Practices for Elevation-Based Assessments of Sea-Level Rise and Coastal Flooding Exposure,paper,61308,datum_transformation;reference_systems,2,9,1.468,15.0,6,False,True,58.9,"vation-based assessments, but there are other contributors of error, namely the datum transformations required to bring the DEM into a tidal datum reference framework. It is important to include local water level information when mapping potential impacts (Marbaix and Nicholls, 2007) by starting at the high tide line, as the areas below this line are already subject to periodic submersion from the",marginal,"Strong general warning about datum-transformation error in elevation-based flooding, but not satellite-altimetry-specific."
10.3390_rs15123020,10.3390/rs15123020,Unification of a Global Height System at the Centimeter-Level Using Precise Clock Frequency Signal Links,paper,35746,datum_transformation;height_types;reference_systems,3,15,4.196,15.0,4,False,True,58.5,"fourth method is adopting global gravity models (GGMs) with high precision. The EGM2008, for example, is complete with the degree and order of spherical harmonics up to 2159 [12], and we can directly compute the potential C(P) of any given point in the ITRF coordinates by introducing it into the spherical harmonic expansion equation. However, at present, the GGM method has the problem of a precisi",marginal,"Global height-system unification is relevant conceptually, but clock-based realisation is too remote from the manuscript workflow."
10.5194_os-17-615-2021,10.5194/os-17-615-2021,FES2014 global ocean tide atlas: design and performance,paper,98042,icesat2_reference;swot_reference;reference_systems,3,5,0.51,15.0,3,False,True,56.0,"try data de-aliasing correction and more recently as the standard correction in ITRF2020 conventions by the International Earth Rotation and Reference Systems Service (IERS). Thanks to the (accidental) unusual delay between the FES2014 atlas release and this publication, the project team and the user community were able to accumulate extensive experience on FES2014 atlas performance in the tidal p",irrelevant,Ocean-tide atlas concerns periodic tide corrections; it does not directly address the permanent-tide/vertical-reference problem targeted here.
10.3390_rs6064952,10.3390/rs6064952,Atmospheric Corrections for Altimetry Studies over Inland Water,paper,83856,height_types;swot_reference;reference_systems,3,11,1.312,15.0,2,False,True,55.1,ven by the DTU10 topography model is less than 500 meters. For this purpose the orthometric height above the EGM2008 geoid [48] ( ) was computed by subtracting the EGM2008 geoid height above a reference ellipsoid (N) from the water level height above the same ellipsoid (h) given by Equation (1). The last two criteria aim to remove points with the largest errors in the altimeter measurements. With ,usable,Direct inland-water altimetry processing: converts ellipsoidal water levels to EGM2008-referenced orthometric heights.
10.3390_rs13183581,10.3390/rs13183581,Digital Elevation Models: Terminology and Definitions,paper,37956,datum_transformation;height_types,2,5,1.317,15.0,2,False,True,52.5,"rs below, height is an informal term which will most often be interpreted as an orthometric height or the vertical size of a feature such as a tree or a building. To avoid ambiguity, the description must include the reference surface, since even minor differences in these surfaces can have a significant impact on analysis. The distance from the reference geoid or mean sea level to the point; -Elli",marginal,Useful terminology/reference-surface definitions; supports Methods wording but not a direct harmonisation workflow.
10.5194_os-17-35-2021,10.5194/os-17-35-2021,The zone of influence: matching sea level variability from coastal altimetry and tide gauges for vertical land motion estimation,paper,70025,height_types;reference_systems,2,4,0.571,15.0,2,False,True,52.4," covers 19 years of GNSS data from 1995 to 2014, which are processed within the ITRF2008, consistent with the reference frame of altimetry orbits. The primary coordinates provided by GNSS are geocentric Cartesian coordinates (X, Y, Z, V x , V y , V z ). For the comparison with vertical trends inferred from other techniques, they are converted to ellipsoidal coordinates (latitude φ, longitude λ and",marginal,"Reference-frame consistency between altimetry and GNSS is relevant, but the study targets vertical land motion rather than water-level harmonisation."
10.1016_j.asr.2010.02.020,10.1016/j.asr.2010.02.020,"Vertical crustal motion derived from satellite altimetry and tide gauges, and comparisons with DORIS measurements",paper,38848,reference_systems,1,9,2.317,15.0,0,False,True,47.9,"The ign09wdOl solution is a derivative of the solution submitted by the ION for ITRF2008, and includes updates to the orbit processing for radiation pressure modelling and drag parameterization that improve the station position, geocenter and earth-orientation determination. The ION series solutions are also essentially equivalent to those earlier described by Oobinddass et al. (2009). DORIS solut",marginal,"Altimetry+tide-gauge+DORIS comparison includes frame issues, but the scientific target is crustal motion, not water-level datum conversion."
10.3390_rs3040668,10.3390/rs3040668,Regional Mapping of the Geoid Using GNSS (GPS) Measurements and an Artificial Neural Network,paper,23202,height_types;gnss_levelling;reference_systems,3,9,3.879,10.0,6,False,True,45.9," are referred to the reference ellipsoid instead of the geoid. To convert these ellipsoidal heights to orthometric heights knowing the relation between the geoid and ellipsoid surfaces is necessary.  There are different methods to determine the geoid based on observed gravity data. Among these methods mention can be made of the application of Stokes' integral [24], the method of least squares coll",marginal,Explains ellipsoidal-to-orthometric conversion via geoid models; generic geoid-mapping context rather than hydrologic harmonisation.
10.1007_s10712-022-09757-6,10.1007/s10712-022-09757-6,"Observation of the Coastal Areas, Estuaries and Deltas from Space",paper,105282,permanent_tide;icesat2_reference;swot_reference,3,8,0.76,10.0,2,False,True,39.8,"can also be expected from the recently launched lidar altimetry missions (e.g., ICESat-2 (Markus et al. 2017) and Global Ecosystem Dynamics Investigation Lidar-GEDI (Hancock et al. 2019)). Intertidal topography is likely to benefit from the SWOT mission, to be launched end 2022, the first altimeter to estimate elevation in two swaths owing to the nearnadir SAR interferometry technique (Biancamaria",irrelevant,Broad coastal remote-sensing review; ICESat-2/SWOT mentions are generic and do not provide the targeted geodetic workflow.
10.3390_rs10101557,10.3390/rs10101557,"Fifteen Years of Cal/Val Service to Reference Altimetry Missions: Calibration of Satellite Altimetry at the Permanent Facilities in Gavdos and Crete, Greece",paper,77560,height_types;swot_reference;reference_systems,3,7,0.903,10.0,1,False,True,38.2,"a higher altitude where groundtracks of Sentinal-3A and Sentinel-3B, as well as SWOT, are depicted. The red ground track extends south to Gavdos island where sea-surface calibrations complement and cross-examine the transponder Cal/Val results. A network of continuously operating GNSS reference stations [34] has been established by the Technical University of Crete in western Crete as early as 200",marginal,"Useful satellite-altimetry Cal/Val/GNSS infrastructure example, but not primarily about transforming water levels into one vertical frame."
10.1007_s00190-017-1041-y,10.1007/s00190-017-1041-y,InSAR datum connection using GNSS-augmented radar transponders,paper,39585,datum_transformation;height_types;reference_systems,3,6,1.516,10.0,0,False,True,36.6,"015).  The GPS weekly solutions of the IJMU permanent station were converted to orthometric heights by subtracting the local geoid, yielding orthometric heights in the Amsterdam Ordnance Datum Normaal Amsterdams Peil (NAP), as shown in Fig. 7. The associated confidence intervals are propagated from the information contained in the SINEX files, scaled based on empirical variance information availab",marginal,"Direct datum-connection methodology and propagated height uncertainty, but for InSAR rather than hydrologic altimetry."
10.1007_s00190-016-0986-6,10.1007/s00190-016-0986-6,Determination of a high spatial resolution geopotential model using atomic clock comparisons,paper,40304,permanent_tide;reference_systems,2,2,0.496,10.0,1,False,False,35.7,"or to monitor vertical surface motion changes due to magmatic, post-seismic, or tidal deformations (Bondarescu et al, 2015a,c).  Here we will consider the ""static"" or ""long-term"" component of Earth's gravity. Our knowledge of Earth's gravitational field is usually expressed through geopotential grids and models that integrate all available observations, globally or over an area of interest. These ",marginal,"Geopotential/clock paper is conceptually related to height systems, but too indirect for this manuscript's vertical-reference chain."
10.7848_ksgpc.2013.31.6-2.567,10.7848/ksgpc.2013.31.6-2.567,Geoid Determination in South Korea from a Combination of Terrestrial and Airborne Gravity Anomaly Data,paper,26304,height_types,1,3,1.141,10.0,2,False,True,35.3,"ly derived geoid heights, in this case, N obtained via equation ( 1), where the ellipsoidal height, h , was determined by GPS, and the orthometric height, H , was determined by precise leveling methods. It is estimated that the accuracy of these GPS/leveled geoid heights is about 2 cm (standard deviation). However, an additional small error enters when the gravimetric geoid heights are interpolate",marginal,"Useful GPS/levelling geoid-accuracy benchmark, but local geoid validation rather than satellite/gauge harmonisation."
10.5194_hess-19-3755-2015,10.5194/hess-19-3755-2015,"A review of applications of satellite SAR, optical, altimetry and DEM data for surface water modelling, mapping and parameter estimation",paper,54147,swot_reference,1,2,0.369,10.0,0,False,False,32.2,"5).  Other upcoming satellite missions like Surface Water and Ocean Topography (SWOT) made especially to survey global surface water have specifications that will enable better use of satellite data in hydrology. SWOT, which uses a wide-swath altimetry technology, will also observe the fine details of the ocean's surface topography and measure how water bodies change over time with repeated high-r",irrelevant,Generic surface-water remote-sensing review; SWOT mention does not provide vertical-reference evidence.
10.5194_hess-21-751-2017,10.5194/hess-21-751-2017,Application of CryoSat-2 altimetry data for river analysis and modelling,paper,49597,swot_reference,1,2,0.403,10.0,0,False,False,32.2,"data from the wide-swath drifting orbit mission Surface Water Ocean Topography (SWOT) have been considered (for example Biancamaria et al., 2011aor Yoon et al., 2012), however only with synthetically generated data: the SWOT mission is ex-pected to be launched in 2020 (NASA, 2016). Calibration of hydrodynamic model parameters has been explored as well : Domeneghetti et al. (2014) calibrated channe",irrelevant,CryoSat river-modelling paper mentions SWOT future capability but does not address the B vertical-reference question.
10.1017_njg.2018.7,10.1017/njg.2018.7,Sea-level change in the Dutch Wadden Sea,paper,97293,swot_reference,1,1,0.103,5.0,0,False,False,17.1,"atters on the land surface. Eventually, the Surface Water and Ocean Topography (SWOT) mission will provide 120 km swaths of sea surface heights, with a horizontal resolution of several hundred metres. This mission will capture large parts of the Wadden Sea instantaneously.  Currently, even the new altimetry missions are not able to provide reliable sea-level change estimates in the Wadden Sea. Fir",irrelevant,SWOT is only mentioned as future sea-surface coverage; no vertical-reference harmonisation evidence.
10.5194_os-12-1067-2016,10.5194/os-12-1067-2016,DUACS DT2014: the new multi-mission altimeter data set reprocessed over 20 years,paper,70563,permanent_tide,1,1,0.142,5.0,0,False,False,17.1,"the Philippine coasts.  The comparison between gridded SLA products and monthly mean tide gauge (TG) measurements from the PSMSL (Permanent Service for Mean Sea Level) database (Holgate et al., 2013;PSMSL, 2016) also emphasizes a global improvement in the DT2014 products in coastal areas. TGs with a long lifetime (> 4 years) were used. The TG data processing is described by Valladeau et al. (2012)",irrelevant,False-positive permanent-tide family hit: 'Permanent Service for Mean Sea Level' is not a permanent-tide convention discussion.
10.1016_j.rse.2011.08.015,10.1016/j.rse.2011.08.015,Characterization of terrestrial water dynamics in the Congo Basin using GRACE and satellite radar altimetry,paper,11906,,0,0,0.0,0.0,0,True,False,0.0,"The Congo Basin is the world's third largest in size (~3.7 million km 2 ), U N C O R R E C T E D P R O O F 77 Precipitation Climatology Project (GPCP; Adler et al., 2003), evapotrans-78 piration (ET) estimates from the Hillslope River Routing (HRR) model 79 (Beighley et al., 2009), water elevation changes from Environmental 80 Satellite (Envisat) altimeter measurements, and hydrological maps 81 fr",irrelevant,Generic-only Congo-basin altimetry paper; no geodetic family support for the target topic.
