post_names,post_ids,from_date,to_date,cause_categories,verbatim_quote,source,source_volume,page
Касперівка,kasperivka,2023-08-03,,access_ban;relocated,"на посту Касперівка з 03.08.2023 заборонено ЗСУ доступ до основного місця спостережень, розпочато морські спостереження на тимчасовому місці (оз",observation_notes,v230_mouths,147
Геройське,heroiske,2022-09-18,2023-05-01,equipment_destroyed;suspended;closed,"в Геройському з 18.09.2022 морські спостереження припинено через руйнування причалу з водомірною рейкою та установки СРВ, до 01.05.2023 проводились тільки метеорологічні спостереження, з 01.05.2023 спостереження були тимчасово призупинені, а 31.12.2023 МГП-І Геройське закрито згідно Наказу УкрГМЦ від 13.10.2023 року №НС-83/99",observation_notes,v230_mouths,147
Станіслав,stanislav,2023-05-11,,access_ban;equipment_destroyed;evacuation;mining;suspended,"на посту Станіслав морські спостереження тимчасово призупинено з 11.05.2023 у зв'язку з мінуванням берегової лінії, забороною ЗСУ наближатись до поста, пошкодженням житла та евакуацією гідрометеоспостерігача в безпечне місце",observation_notes,v230_mouths,147
Нова Каховка,nova_kakhovka,,,dam_breach;occupation,"Дані про середньодобові рівні води по ГП-II Нова Каховка, про середньодобові витрати води та коротка характеристика режиму роботи Каховської ГЕС відсутні у зв'язку з окупацією території та підривом греблі Каховської ГЕС. Метеорологічні дані у щорічнику також представлені не в повному обсязі",observation_notes,v230_mouths,147
Миколаїв;Очаків,mykolaiv;ochakiv,2022-02-24,,shelling;suspended,"З 24.02.2022 було призупинено проведення спостережень на АМСЦ Миколаїв, метеомайданчик було розгорнуто на території Миколаївського ЦГМ. На станції МГ-ІІ Очаків внаслідок постійних обстрілів метеорологічні спостереження виконувались за скороченою програмою в світлу частину доби",observation_notes,v230_mouths,147
Миколаїв;Очаків,mykolaiv;ochakiv,,,suspended;data_absent,Через відсутність даних в повному обсязі розрахунок середньодобових та середньомісячних значень температури повітря та швидкості вітру не проводився,observation_notes,v230_mouths,147
Херсон,kherson,2022-02-24,,data_absent,"З 24.02.2022 дані по АМСЦ Херсон відсутні, використовувались метеорологічні дані по автоматичному метеорологічному комплексу американської компанії Campbell Scientific, що встановлено на агрометеорологічній станції Херсон",observation_notes,v230_mouths,147
Очаків,ochakiv,,,relocated,МСЧ. Перенесення спостережень за льодовими явищами на більш пізній час проводиться при поганій видимості,observation_notes,v230_mouths,148
Геройське,heroiske,,,equipment_destroyed,"На МГП-І Геройське у звʼязку з поломкою вказівника швидкості вітру на флюгері Вільда, швидкість вітру вимірювалась ручним анемометром АРІ – 49",observation_notes,v230_mouths,148
Геройське,heroiske,2022-09-18,,suspended,На МГП-І Геройське з 18.09.2022 року спостереження за рівнем води призупинено,table_footnote,v230_mouths,168
Геройське,heroiske,2023-12-31,,closed,з 31.12.2023 року пост закритий.,table_footnote,v230_mouths,168
Станіслав,stanislav,2023-05-11,,suspended,На МГП-І Станіслав з 11.05 у звʹязку з військовими діями спостереження тимчасово припинені,table_footnote,v230_mouths,171
Нова Каховка,nova_kakhovka,,,occupation;suspended,Дані про середньодобові рівні по ГП-ІІ Нова Каховка (р.Дніпро) за 2023 рік відсутні у звʹязку з окупацією території та знищенням Каховської ГЕС. Роботу поста призупинено,table_footnote,v230_mouths,171
Геройське,heroiske,2022-09-18,,occupation;suspended,На МГП-І Геройське з 18.09.2022 спостереження за рівнем води припинено у звʹязку з військовими діями та окупацією території,table_footnote,v230_mouths,171
Геройське,heroiske,2023-05-01,,suspended,З 01.05.2023 року роботу поста призупинено,table_footnote,v230_mouths,171
Геройське,heroiske,,,occupation;data_absent,ПРИМІТКА: Дані про рівні води на МГП-I Геройське відсутні через окупацію лівобережної частини Херсонської області,table_footnote,v230_mouths,160
Геройське,heroiske,2022-09-18,,shelling;equipment_destroyed;suspended;closed,На МГП-I Геройське з 18.09.2022 спостереження за рівнем води припинені - під час артилерійського обстрілу зруйновано причал з футштоком та установку СРВ. З 31.12.2023 пост закритий.,table_footnote,v230_mouths,160
Геройське,heroiske,2022-09-18,,shelling;equipment_destroyed;suspended,Примітка : На МГП-I Геройське з 18.09.2022 спостереження за рівнем води припинені - під час артилерійського обстрілу зруйновано причал з футштоком та установку СРВ,table_footnote,v230_mouths,172
Геройське,heroiske,2023-05-01,,equipment_destroyed;suspended,з 01.05.2023 тимчасово призупинено роботу поста через руйнування,table_footnote,v230_mouths,172
Станіслав,stanislav,2023-05-11,,evacuation;suspended,Спостереження на МГП-l Станіслав з 11.05.2023 тимчасово призупинено в зв'язку з евакуацією гідрометеоспостерігача.,table_footnote,v230_mouths,172
Каховська ГЕС,kakhovka_hpp,,,status_column,Період дії: діючий до 10.2022,station_list,v230_mouths,146
Нова Каховка,nova_kakhovka,,,status_column,Період дії: діючий до 07.2022,station_list,v230_mouths,146
Станіслав,stanislav,,,status_column,Період дії: діючий до 10.05.2023,station_list,v230_mouths,146
Геройське,heroiske,,,status_column,Період дії: закритий 31.12.2023,station_list,v230_mouths,146
