post_name,post_id,critical_high_cm,critical_low_cm,part,flood_max_cm,flood_max_cm_flags,flood_date,lowwater_min_cm,lowwater_min_cm_flags,lowwater_date,surge_max_cm,surge_max_cm_flags,surge_date,surge_rel_cm,surge_rel_cm_flags,surge_duration_h,surge_duration_h_flags,setdown_min_cm,setdown_min_cm_flags,setdown_date,setdown_rel_cm,setdown_rel_cm_flags,setdown_duration_h,setdown_duration_h_flags,icejam_max_cm,icejam_max_cm_flags,icejam_date,icejam_duration_h,icejam_duration_h_flags,note,raw_row,source_volume,page,table
Миколаїв,mykolaiv,540.0,440.0,1,,,,,,,,,,,,,,435.0,,6.02,5.0,,5.0,,,,,,,,540 | 440 |  |  |  |  |  |  |  |  | 435 | 6.02 | 5 | 5 |  |  | ,v230_mouths,172,2.1.3
Миколаїв,mykolaiv,540.0,440.0,1,,,,,,,540.0,,25.07,0.0,,3.0,,,,,,,,,,,,,,, |  |  |  |  |  | 540 | 25.07 | 0 | 3 |  |  |  |  |  |  | ,v230_mouths,172,2.1.3
Миколаїв,mykolaiv,540.0,440.0,1,,,,,,,547.0,,26.07,7.0,,7.0,,,,,,,,,,,,,,, |  |  |  |  |  | 547 | 26.07 | 7 | 7 |  |  |  |  |  |  | ,v230_mouths,172,2.1.3
Миколаїв,mykolaiv,540.0,440.0,1,,,,,,,550.0,,12.11,10.0,,6.0,,,,,,,,,,,,,,, |  |  |  |  |  | 550 | 12.11 | 10 | 6 |  |  |  |  |  |  | ,v230_mouths,172,2.1.3
Миколаїв,mykolaiv,540.0,440.0,1,,,,,,,,,,,,,,378.0,,18-19.11,62.0,,30.0,,,,,,,, |  |  |  |  |  |  |  |  |  | 378 | 18-19.11 | 62 | 30 |  |  | ,v230_mouths,172,2.1.3
Миколаїв,mykolaiv,540.0,440.0,1,,,,,,,,,,,,,,430.0,,25-26.11,10.0,,11.0,,,,,,,, |  |  |  |  |  |  |  |  |  | 430 | 25-26.11 | 10 | 11 |  |  | ,v230_mouths,172,2.1.3
Миколаїв,mykolaiv,540.0,440.0,1,,,,,,,,,,,,,,427.0,,26-27.11,13.0,,4.0,,,,,,,, |  |  |  |  |  |  |  |  |  | 427 | 26-27.11 | 13 | 4 |  |  | ,v230_mouths,172,2.1.3
Миколаїв,mykolaiv,540.0,440.0,1,,,,,,,580.0,,28-29.11,40.0,,17.0,,,,,,,,,,,,,,, |  |  |  |  |  | 580 | 28-29.11 | 40 | 17 |  |  |  |  |  |  | ,v230_mouths,172,2.1.3
Миколаїв,mykolaiv,540.0,440.0,1,,,,,,,552.0,,1.12,12.0,,8.0,,,,,,,,,,,,,,, |  |  |  |  |  | 552 | 1.12 | 12 | 8 |  |  |  |  |  |  | ,v230_mouths,172,2.1.3
Миколаїв,mykolaiv,540.0,440.0,1,,,,,,,551.0,,14.12,11.0,,7.0,,,,,,,,,,,,,,, |  |  |  |  |  | 551 | 14.12 | 11 | 7 |  |  |  |  |  |  | ,v230_mouths,172,2.1.3
Херсон,kherson,650.0,430.0,1,,,,,,,,,,,,,,,,,,,,,,,,,,Небезпечних гідрологічних явищ не спостерігалось,Небезпечних гідрологічних явищ не спостерігалось,v230_mouths,172,2.1.3
Касперівка,kasperivka,545.0,420.0,1,,,,,,,,,,,,,,,,,,,,,,,,,,Небезпечних гідрологічних явищ не спостерігалось,Небезпечних гідрологічних явищ не спостерігалось,v230_mouths,172,2.1.3
Станіслав,stanislav,536.0,412.0,1,,,,,,,,,,,,,,,,,,,,,,,,,,До 10.05.23 небезпечних гідрологічних явищ не спостерігалось,До 10.05.23 небезпечних гідрологічних явищ не спостерігалось,v230_mouths,172,2.1.3
Парутине,parutyne,540.0,440.0,1,,,,,,,,,,,,,,414.0,,19.11,26.0,,12.0,,,,,,,,540 | 440 |  |  |  |  |  |  |  |  | 414 | 19.11 | 26 | 12 |  |  | ,v230_mouths,172,2.1.3
Парутине,parutyne,540.0,440.0,1,,,,,,,546.0,,29.11,6.0,,1.0,,,,,,,,,,,,,,, |  |  |  |  |  | 546 | 29.11 | 6 | 1 |  |  |  |  |  |  | ,v230_mouths,172,2.1.3
Парутине,parutyne,540.0,440.0,1,,,,,,,540.0,,1.12,0.0,,3.0,,,,,,,,,,,,,,, |  |  |  |  |  | 540 | 1.12 | 0 | 3 |  |  |  |  |  |  | ,v230_mouths,172,2.1.3
Парутине,parutyne,540.0,440.0,1,,,,,,,541.0,,14.12,1.0,,3.0,,,,,,,,,,,,,,, |  |  |  |  |  | 541 | 14.12 | 1 | 3 |  |  |  |  |  |  | ,v230_mouths,172,2.1.3
Очаків,ochakiv,520.0,417.0,1,,,,,,,525.0,,1.12,5.0,,7.0,,,,,,,,,,,,,,,520 | 417 |  |  |  |  | 525 | 1.12 | 5 | 7 |  |  |  |  |  |  | ,v230_mouths,172,2.1.3
Миколаїв,mykolaiv,540.0,440.0,2,,,,,,,602.0,,6-12.06,62.0,,141.0,,,,,,,,,,,,,,,540 | 440 |  |  |  |  | 602 | 6-12.06 | 62 | 141 |  |  |  |  |  |  | ,v230_mouths,173,2.1.3
Херсон,kherson,650.0,430.0,2,,,,,,,1068.0,,6-16.06,418.0,,252.0,,,,,,,,,,,,,,,650 | 430 |  |  |  |  | 1068 | 6-16.06 | 418 | 252 |  |  |  |  |  |  | ,v230_mouths,173,2.1.3
Касперівка,kasperivka,545.0,420.0,2,,,,,,,645.0,,6-7.06?,100.0,,,,,,,,,,,,,,,,,545 | 420 |  |  |  |  | 645 | 6-7.06? | 100 |  |  |  |  |  |  |  | ,v230_mouths,173,2.1.3
Касперівка,kasperivka,545.0,420.0,2,,,,,,,546.0,,15.06,1.0,,2.0,,,,,,,,,,,,,,, |  |  |  |  |  | 546 | 15.06 | 1 | 2 |  |  |  |  |  |  | ,v230_mouths,173,2.1.3
Касперівка,kasperivka,545.0,420.0,2,,,,,,,,,,,,,,,,,,,,,,,,,,невідома.,невідома.,v230_mouths,173,2.1.3
Станіслав,stanislav,536.0,412.0,2,,,,,,,,,,,,,,,,,,,,,,,,,,Спостерігалось підвищення рівня води до невідомої відмітки Тривалість стояння небезпечного рівня невідома.,Спостерігалось підвищення рівня води до невідомої відмітки Тривалість стояння небезпечного рівня невідома.,v230_mouths,173,2.1.3
Парутине,parutyne,540.0,440.0,2,,,,,,,599.0,,7-12.06,59.0,,121.0,,,,,,,,,,,,,,,540 | 440 |  |  |  |  | 599 | 7-12.06 | 59 | 121 |  |  |  |  |  |  | ,v230_mouths,173,2.1.3
Очаків,ochakiv,520.0,417.0,2,,,,,,,573.0,,6-15.06,53.0,,203.0,,,,,,,,,,,,,,,520 | 417 |  |  |  |  | 573 | 6-15.06 | 53 | 203 |  |  |  |  |  |  | ,v230_mouths,173,2.1.3
