post_name,post_id,post_label,date_text,max_level_cm,exceedance_cm,duration_h,magnitude_unknown,description,part,source_volume,page,table
Касперівка,kasperivka,"р. Дніпро, рук. Рвач - в/п Касперівка*",6-7? червня,645.0,100.0,,True,"Рівень підвищився до відмітки 645 см, що на 100 см вище небезпечної. Максимальний рівень води не зафіксовано. Тривалість стояння рівня невідома. Спостерігалось значне затоплення прирічкових населених пунктів у Херсонському районі. Остаточні збитки будуть підраховуватись після ліквідації наслідків.",2,v230_mouths,159,Додаток 1.6.1
Касперівка,kasperivka,"р. Дніпро, рук. Рвач - в/п Касперівка*",15 червня,546.0,1.0,2.0,False,"Рівень підвищився до відмітки 546 см, що на 1 см вище небезпечної. Тривалість стояння небезпеч- ного рівня склала 2 год. Остаточні збитки будуть підраховуватись після ліквідації наслідків.",2,v230_mouths,159,Додаток 1.6.1
Херсон,kherson,р. Дніпро - м. Херсон**,6-16 червня,1068.0,418.0,252.0,False,"Рівень підвищився до відмітки 1068 см, що на 418 см вище небезпечної. Тривалість стояння рівня склала 252 год. Спостерігалось катастрофічне затоплення прируслових територій, житлових, промислових та господарських об'єктів у м. Херсон та Херсонської обл, що призвело до людських жертв та значних збитків. Остаточні збитки будуть підраховуватись після ліквідації наслідків.",2,v230_mouths,159,Додаток 1.6.1
Парутине,parutyne,лим. Бузький - с. Парутине,7-12 червня,599.0,59.0,121.0,False,"Рівень підвищився до відмітки 599 см, що на 59 см вище небезпечної та на 49 см вище стихійної. Тривалість стояння небезпечного та стихійного рівнів склала 121 год. Спостерігалось затоплення берегової смуги та балки в межах села. Домогосподарства не постраждали.",2,v230_mouths,159,Додаток 1.6.1
Миколаїв,mykolaiv,р. Південний Буг - м.Миколаїв***,6-12 червня,602.0,62.0,141.0,False,"Рівень підвищився до відмітки 602 см, що на 62 см вище небезпечної. Тривалість стояння рівня склала 141 год. Спостерігалось затоплення потерн ДП ""АМПУ"" на причалах №№1-6 та берегової смуги вздовж Південного Бугу та Дніпро-Бузького лиману.",2,v230_mouths,159,Додаток 1.6.1
Очаків,ochakiv,лим.Дніпро-Бузький - м.Очаків,6-15 червня,573.0,53.0,199.0,False,"Рівень підвищився до відмітки 573 см, що на 53 см вище небезпечної та на 18 см вище стихійної. Тривалість стояння небезпечного рівня склала 199 год., стихійного рівня - 87 год. Остаточні збитки будуть підраховуватись після ліквідації наслідків.",2,v230_mouths,159,Додаток 1.6.1
Станіслав,stanislav,лим. Дніпро-Бузький - с.Станіслав,6-14? червня,,,,True,Відбувалось підвищення рівня води до невідомої відмітки. Тривалість стояння небезпечного рівня невідома. Остаточні збитки будуть підраховуватись після ліквідації наслідків.,2,v230_mouths,159,Додаток 1.6.1
Геройське,heroiske,лим.Дніпро-Бузький - с.Геройське,6-14? червня,,,,True,Відбувалось підвищення рівня води до невідомої відмітки. Тривалість стояння небезпечного рівня невідома. Остаточні збитки будуть підраховуватись після ліквідації наслідків.,2,v230_mouths,159,Додаток 1.6.1
Парутине,parutyne,лим.Бузький - с.Парутине,19 листопада,414.0,-26.0,12.0,False,"Внаслідок відгону від дії Пн вітру швидкістю 8-14 м/с рівень води знизився до відмітки 414 см, що на 26 см нижче небезпечної та на 11 см нижче стихійної відміток. Тривалість стояння небезпечного рівня склала 12 год., стихійного рівня - 2 год. Вода відійшла на 20-50 м від берега, були оголені значні ділянки пляжів. Морська галузь не працювала, тому інформація про збитки на даний час відсутня.",1,v230_mouths,160,Додаток 1.6.1
Парутине,parutyne,лим.Бузький - с.Парутине,29 листопада,546.0,6.0,1.0,False,"Внаслідок проходження вночі по Миколаївській області холодного фронту з різким посиленням вітру південного вітру до 19 м/с та спрацювання Олександрівської ГЕС рівень води підвищився до 546 см, що на 6 см вище небезпечного. Тривалість стояння небезпечного рівня склала 1 год. Збитків галузям економіки завдано не було.",1,v230_mouths,160,Додаток 1.6.1
Парутине,parutyne,лим.Бузький - с.Парутине,1 грудня,540.0,,3.0,False,Внаслідок нагону від ПдЗх вітру швидкістю 4-6 м/с рівень води досяг небезпечної відмітки 540 см. Тривалість стояння небезпечного рівня склала 3 год. Збитків галузям економіки завдано не було.,1,v230_mouths,160,Додаток 1.6.1
Парутине,parutyne,лим.Бузький - с.Парутине,14 грудня,541.0,1.0,3.0,False,"Внаслідок нагону від ПдПдСх вітру швидкістю 8 м/с рівень води досяг відмітки 541 см, що на 1 см вище небезпечної. Тривалість стояння небезпечного рівня склала 3 год. Збитків галузям економіки завдано не було.",1,v230_mouths,160,Додаток 1.6.1
Миколаїв,mykolaiv,р.Південний Буг - м.Миколаїв**,6 лютого,435.0,-5.0,5.0,False,"Внаслідок відгінної дії Пн вітру швидкістю до 16 м/с рівень води знизився до 435 см, що на 5 см нижче небезпечного. Тривалість стояння небезпечного рівня склала 5 годин. Збитків галузям економіки завдано не було.",1,v230_mouths,160,Додаток 1.6.1
Миколаїв,mykolaiv,р.Південний Буг - м.Миколаїв**,25 липня 26 липня,540.0,7.0,3.0,False,"Внаслідок нагону від дії Пд вітру швидкістю до 18 м/с рівень води досяг небезпечної відмітки 540 см. Тривалість стояння небезпечного рівня склала 3 год. Внаслідок продовження нагінної дії Пд вітру швидкістю до 20 м/с рівень води підвищився до 547 см, що на 7 см вище небезпечного. Тривалість стояння небезпечного рівня склала 6 годин. Збитків галузям економіки завдано не було.",1,v230_mouths,160,Додаток 1.6.1
Миколаїв,mykolaiv,р.Південний Буг - м.Миколаїв**,12 листопада,550.0,10.0,6.0,False,"Внаслідок нагону від ПдЗх та ЗхПдЗх вітру швидкістю до 20 м/с рівень води підвищився до 550 см, що на 10 см вище небезпечного. Тривалість стояння небезпечного рівня склала 6 годин. Збитків галузям економіки завдано не було.",1,v230_mouths,160,Додаток 1.6.1
Миколаїв,mykolaiv,р.Південний Буг - м.Миколаїв**,18-19 листопада,378.0,-62.0,30.0,False,"Внаслідок відгону від ПнСх вітру швидкістю до 19 м/с рівень води знизився до відмітки 378 см, що на 62 см нижче небезпечної та на 47 см нижче стихійної відміток. Тривалість стояння небезпечного рівня склала 30 год., стихійного рівня - 23 год. Вода відійшла на 20-50 м від берега, були оголені значні ділянки пляжів. Морська галузь не працювала, тому інформація про збитки на даний час відсутня.",1,v230_mouths,160,Додаток 1.6.1
Миколаїв,mykolaiv,р.Південний Буг - м.Миколаїв**,25-26 листопада,430.0,-10.0,11.0,False,"Внаслідок відгінної дії ПнПнСх вітру швидкістю до 20 м/с рівень води знизився до 430 см, що на 10 см нижче небезпечного. Тривалість стояння небезпечного рівня склала 11 годин. Збитків галузям економіки завдано не було.",1,v230_mouths,160,Додаток 1.6.1
Миколаїв,mykolaiv,р.Південний Буг - м.Миколаїв**,26-27 листопада,427.0,-13.0,4.0,False,"Внаслідок відгінної дії Пн вітру швидкістю 17-25 м/с рівень води знизився до 427 см, що на 13 см нижче небезпечного. Тривалість стояння небезпечного рівня склала 4 години. Збитків галузям економіки завдано не було.",1,v230_mouths,160,Додаток 1.6.1
Миколаїв,mykolaiv,р.Південний Буг - м.Миколаїв**,28-29 листопада,580.0,40.0,17.0,False,"Внаслідок нагінної дії Пд та ПдЗх вітру швидкістю 8-19 м/с та спрацювання Олександрівської ГЕС рівень води підвищився до 580 см, що на 40 см вище небезпечного. Тривалість стояння небезпечного рівня склала 17 годин. Збитків галузям економіки завдано не було.",1,v230_mouths,160,Додаток 1.6.1
Миколаїв,mykolaiv,р.Південний Буг - м.Миколаїв**,1 грудня,552.0,12.0,8.0,False,"Внаслідок нагінної дії вітру Пд напрямку швидкістю до 20 м/с рівень води підвищився до 552 см, що на 12 см вище небезпечного. Тривалість стояння небезпечного рівня склала 8 годин. Збитків галузям економіки завдано не було.",1,v230_mouths,160,Додаток 1.6.1
Миколаїв,mykolaiv,р.Південний Буг - м.Миколаїв**,14 грудня,551.0,11.0,7.0,False,"Внаслідок нагінної дії вітру Пд напрямку швидкістю до 15 м/с рівень води підвищився до 551 см, що на 11 см вище небезпечного. Тривалість стояння небезпечного рівня склала 7 годин. Збитків галузям економіки завдано не було.",1,v230_mouths,160,Додаток 1.6.1
Станіслав,stanislav,лим.Дніпро-Бузький - с.Станіслав,,,,,False,До 10.05.2023 небезпечних та стихійних гідрологічних явищ не спостерігалось.,1,v230_mouths,160,Додаток 1.6.1
Очаків,ochakiv,лим.Дніпро-Бузький - м.Очаків,1 грудня,525.0,5.0,7.0,False,"Внаслідок нагінної дії вітру ПдЗх напрямку швидкістю 4-10 м/с рівень води підвищився до 525 см, що на 5 см вище небезпечного. Тривалість стояння небезпечного рівня склала 7 годин. Збитків галузям економіки завдано не було.",1,v230_mouths,160,Додаток 1.6.1
Касперівка,kasperivka,"р.Дніпро, рук. Рвач - в/п Касперівка*",,,,,False,Небезпечних та стихійних гідрологічних явищ не спостерігалось.,1,v230_mouths,160,Додаток 1.6.1
Херсон,kherson,р.Дніпро-м.Херсон,,,,,False,Небезпечних та стихійних гідрологічних явищ не спостерігалось.,1,v230_mouths,160,Додаток 1.6.1
