post_name,post_id,interval_lo_cm,interval_hi_cm,caption_flags,m01,m02,m03,m04,m05,m06,m07,m08,m09,m10,m11,m12,n_total,pct,exceedance_pct,raw_row,source_volume,page,table
Херсон,kherson,550.0,569.0,*!,,,9.0,,,,,,,,40.0,5.0,54.0,0.69,0.69,569-550 |  |  | 9 |  |  |  |  |  |  |  | 40 | 5 | 54 | 0.69 | 0.69,v230_mouths,169,2.1.2
Херсон,kherson,530.0,549.0,*!,17.0,4.0,55.0,248.0,728.0,,19.0,13.0,,,55.0,77.0,1216.0,15.47,16.16,549-530 | 17 | 4 | 55 | 248 | 728 |  | 19 | 13 |  |  | 55 | 77 | 1216 | 15.47 | 16.16,v230_mouths,169,2.1.2
Херсон,kherson,510.0,529.0,*!,287.0,302.0,502.0,452.0,16.0,,395.0,196.0,29.0,37.0,125.0,474.0,2815.0,35.82,51.98,529-510 | 287 | 302 | 502 | 452 | 16 |  | 395 | 196 | 29 | 37 | 125 | 474 | 2815 | 35.82 | 51.98,v230_mouths,169,2.1.2
Херсон,kherson,490.0,509.0,*!,407.0,308.0,178.0,20.0,,,148.0,519.0,412.0,339.0,351.0,169.0,2851.0,36.28,88.26,509-490 | 407 | 308 | 178 | 20 |  |  | 148 | 519 | 412 | 339 | 351 | 169 | 2851 | 36.28 | 88.26,v230_mouths,169,2.1.2
Херсон,kherson,470.0,489.0,*!,33.0,58.0,,,,,,16.0,260.0,368.0,114.0,19.0,868.0,11.05,99.31,489-470 | 33 | 58 |  |  |  |  |  | 16 | 260 | 368 | 114 | 19 | 868 | 11.05 | 99.31,v230_mouths,169,2.1.2
Херсон,kherson,450.0,469.0,*!,,,,,,,,,19.0,,18.0,,37.0,0.47,99.78,469-450 |  |  |  |  |  |  |  |  | 19 |  | 18 |  | 37 | 0.47 | 99.78,v230_mouths,169,2.1.2
Херсон,kherson,430.0,449.0,*!,,,,,,,,,,,17.0,,17.0,0.22,100.0,449-430 |  |  |  |  |  |  |  |  |  |  | 17 |  | 17 | 0.22 | 100,v230_mouths,169,2.1.2
Олександрівка,oleksandrivka,500.0,519.0,,,,,,,1.0,,,,,,,1.0,0.14,0.14,519-500 |  |  |  |  |  | 1 |  |  |  |  |  |  | 1 | 0.14 | 0.14,v230_mouths,169,2.1.2
Олександрівка,oleksandrivka,480.0,499.0,,,,,,,,,,,,,,,,,499-480 |  |  |  |  |  |  |  |  |  |  |  |  |  |  | ,v230_mouths,169,2.1.2
Олександрівка,oleksandrivka,460.0,479.0,,,,,,,1.0,,,,,,,1.0,0.14,0.28,479-460 |  |  |  |  |  | 1 |  |  |  |  |  |  | 1 | 0.14 | 0.28,v230_mouths,169,2.1.2
Олександрівка,oleksandrivka,440.0,459.0,,,,2.0,12.0,2.0,1.0,2.0,1.0,,,,,20.0,2.74,3.02,459-440 |  |  | 2 | 12 | 2 | 1 | 2 | 1 |  |  |  |  | 20 | 2.74 | 3.02,v230_mouths,169,2.1.2
Олександрівка,oleksandrivka,420.0,439.0,,,,1.0,13.0,7.0,35.0,6.0,,,,,,62.0,8.49,11.51,439-420 |  |  | 1 | 13 | 7 | 35 | 6 |  |  |  |  |  | 62 | 8.49 | 11.51,v230_mouths,169,2.1.2
Олександрівка,oleksandrivka,400.0,419.0,,2.0,,2.0,13.0,5.0,13.0,14.0,3.0,,2.0,,4.0,58.0,7.94,19.45,419-400 | 2 |  | 2 | 13 | 5 | 13 | 14 | 3 |  | 2 |  | 4 | 58 | 7.94 | 19.45,v230_mouths,169,2.1.2
Олександрівка,oleksandrivka,380.0,399.0,,15.0,,12.0,7.0,23.0,6.0,6.0,6.0,,3.0,4.0,14.0,96.0,13.15,32.6,399-380 | 15 |  | 12 | 7 | 23 | 6 | 6 | 6 |  | 3 | 4 | 14 | 96 | 13.15 | 32.60,v230_mouths,169,2.1.2
Олександрівка,oleksandrivka,360.0,379.0,,17.0,12.0,28.0,6.0,25.0,3.0,13.0,17.0,,2.0,10.0,14.0,147.0,20.14,52.74,379-360 | 17 | 12 | 28 | 6 | 25 | 3 | 13 | 17 |  | 2 | 10 | 14 | 147 | 20.14 | 52.74,v230_mouths,169,2.1.2
Олександрівка,oleksandrivka,340.0,359.0,,28.0,44.0,17.0,9.0,,,21.0,35.0,54.0,17.0,20.0,22.0,267.0,36.58,89.32,359-340 | 28 | 44 | 17 | 9 |  |  | 21 | 35 | 54 | 17 | 20 | 22 | 267 | 36.58 | 89.32,v230_mouths,169,2.1.2
Олександрівка,oleksandrivka,320.0,339.0,,,,,,,,,,6.0,38.0,26.0,8.0,78.0,10.68,100.0,339-320 |  |  |  |  |  |  |  |  | 6 | 38 | 26 | 8 | 78 | 10.68 | 100,v230_mouths,169,2.1.2
Миколаїв,mykolaiv,600.0,609.0,!,,,,,,5.0,,,,,,,5.0,0.06,0.06,609-600 |  |  |  |  |  | 5 |  |  |  |  |  |  | 5 | 0.06 | 0.06,v230_mouths,170,2.1.2
Миколаїв,mykolaiv,590.0,599.0,!,,,,,,42.0,,,,,,,42.0,0.48,0.54,599-590 |  |  |  |  |  | 42 |  |  |  |  |  |  | 42 | 0.48 | 0.54,v230_mouths,170,2.1.2
Миколаїв,mykolaiv,580.0,589.0,!,,,,,,26.0,,,,,1.0,,27.0,0.31,0.85,589-580 |  |  |  |  |  | 26 |  |  |  |  | 1 |  | 27 | 0.31 | 0.85,v230_mouths,170,2.1.2
Миколаїв,mykolaiv,570.0,579.0,!,,,,,,11.0,,,,,3.0,,14.0,0.16,1.01,579-570 |  |  |  |  |  | 11 |  |  |  |  | 3 |  | 14 | 0.16 | 1.01,v230_mouths,170,2.1.2
Миколаїв,mykolaiv,560.0,569.0,!,,,,,,14.0,,,,,3.0,,17.0,0.19,1.2,569-560 |  |  |  |  |  | 14 |  |  |  |  | 3 |  | 17 | 0.19 | 1.20,v230_mouths,170,2.1.2
Миколаїв,mykolaiv,550.0,559.0,!,,,,,,24.0,,,,,4.0,7.0,35.0,0.4,1.6,559-550 |  |  |  |  |  | 24 |  |  |  |  | 4 | 7 | 35 | 0.40 | 1.60,v230_mouths,170,2.1.2
Миколаїв,mykolaiv,540.0,549.0,!,,,,,,23.0,10.0,,,,12.0,8.0,53.0,0.61,2.21,549-540 |  |  |  |  |  | 23 | 10 |  |  |  | 12 | 8 | 53 | 0.61 | 2.21,v230_mouths,170,2.1.2
Миколаїв,mykolaiv,530.0,539.0,!,,,,3.0,,51.0,17.0,,,,12.0,21.0,104.0,1.19,3.4,539-530 |  |  |  | 3 |  | 51 | 17 |  |  |  | 12 | 21 | 104 | 1.19 | 3.40,v230_mouths,170,2.1.2
Миколаїв,mykolaiv,520.0,529.0,!,22.0,4.0,28.0,12.0,,129.0,89.0,23.0,,14.0,29.0,86.0,436.0,4.99,8.39,529-520 | 22 | 4 | 28 | 12 |  | 129 | 89 | 23 |  | 14 | 29 | 86 | 436 | 4.99 | 8.39,v230_mouths,170,2.1.2
Миколаїв,mykolaiv,510.0,519.0,!,48.0,43.0,56.0,65.0,57.0,162.0,228.0,64.0,4.0,21.0,79.0,183.0,1010.0,11.55,19.94,519-510 | 48 | 43 | 56 | 65 | 57 | 162 | 228 | 64 | 4 | 21 | 79 | 183 | 1010 | 11.55 | 19.94,v230_mouths,170,2.1.2
Миколаїв,mykolaiv,500.0,509.0,!,99.0,66.0,183.0,265.0,388.0,155.0,231.0,175.0,46.0,37.0,96.0,236.0,1977.0,22.62,42.56,509-500 | 99 | 66 | 183 | 265 | 388 | 155 | 231 | 175 | 46 | 37 | 96 | 236 | 1977 | 22.62 | 42.56,v230_mouths,170,2.1.2
Миколаїв,mykolaiv,490.0,499.0,!,168.0,191.0,200.0,241.0,254.0,47.0,104.0,295.0,214.0,152.0,132.0,128.0,2126.0,24.32,66.88,499-490 | 168 | 191 | 200 | 241 | 254 | 47 | 104 | 295 | 214 | 152 | 132 | 128 | 2126 | 24.32 | 66.88,v230_mouths,170,2.1.2
Миколаїв,mykolaiv,480.0,489.0,!,230.0,165.0,178.0,86.0,42.0,24.0,34.0,165.0,250.0,264.0,151.0,66.0,1655.0,18.93,85.81,489-480 | 230 | 165 | 178 | 86 | 42 | 24 | 34 | 165 | 250 | 264 | 151 | 66 | 1655 | 18.93 | 85.81,v230_mouths,170,2.1.2
Миколаїв,mykolaiv,470.0,479.0,!,100.0,66.0,87.0,27.0,3.0,7.0,27.0,22.0,160.0,167.0,101.0,9.0,776.0,8.88,94.69,479-470 | 100 | 66 | 87 | 27 | 3 | 7 | 27 | 22 | 160 | 167 | 101 | 9 | 776 | 8.88 | 94.69,v230_mouths,170,2.1.2
Миколаїв,mykolaiv,460.0,469.0,!,76.0,64.0,7.0,21.0,,,4.0,,35.0,66.0,32.0,,305.0,3.49,98.18,469-460 | 76 | 64 | 7 | 21 |  |  | 4 |  | 35 | 66 | 32 |  | 305 | 3.49 | 98.18,v230_mouths,170,2.1.2
Миколаїв,mykolaiv,450.0,459.0,!,1.0,53.0,,,,,,,2.0,13.0,9.0,,78.0,0.89,99.07,459-450 | 1 | 53 |  |  |  |  |  |  | 2 | 13 | 9 |  | 78 | 0.89 | 99.07,v230_mouths,170,2.1.2
Миколаїв,mykolaiv,440.0,449.0,!,,17.0,,,,,,,,10.0,11.0,,38.0,0.44,99.51,449-440 |  | 17 |  |  |  |  |  |  |  | 10 | 11 |  | 38 | 0.44 | 99.51,v230_mouths,170,2.1.2
Миколаїв,mykolaiv,430.0,439.0,!,,3.0,,,,,,,,,19.0,,22.0,0.25,99.76,439-430 |  | 3 |  |  |  |  |  |  |  |  | 19 |  | 22 | 0.25 | 99.76,v230_mouths,170,2.1.2
Миколаїв,mykolaiv,420.0,429.0,!,,,,,,,,,,,7.0,,7.0,0.08,99.84,429-420 |  |  |  |  |  |  |  |  |  |  | 7 |  | 7 | 0.08 | 99.84,v230_mouths,170,2.1.2
Миколаїв,mykolaiv,410.0,419.0,!,,,,,,,,,,,6.0,,6.0,0.07,99.91,419-410 |  |  |  |  |  |  |  |  |  |  | 6 |  | 6 | 0.07 | 99.91,v230_mouths,170,2.1.2
Миколаїв,mykolaiv,400.0,409.0,!,,,,,,,,,,,3.0,,3.0,0.03,99.94,409-400 |  |  |  |  |  |  |  |  |  |  | 3 |  | 3 | 0.03 | 99.94,v230_mouths,170,2.1.2
Миколаїв,mykolaiv,390.0,399.0,!,,,,,,,,,,,1.0,,1.0,0.01,99.95,399-390 |  |  |  |  |  |  |  |  |  |  | 1 |  | 1 | 0.01 | 99.95,v230_mouths,170,2.1.2
Миколаїв,mykolaiv,380.0,389.0,!,,,,,,,,,,,2.0,,2.0,0.02,99.97,389-380 |  |  |  |  |  |  |  |  |  |  | 2 |  | 2 | 0.02 | 99.97,v230_mouths,170,2.1.2
Миколаїв,mykolaiv,370.0,379.0,!,,,,,,,,,,,3.0,,3.0,0.03,100.0,379-370 |  |  |  |  |  |  |  |  |  |  | 3 |  | 3 | 0.03 | 100,v230_mouths,170,2.1.2
Парутине,parutyne,590.0,599.0,,,,,,,4.0,,,,,,,4.0,0.55,0.55,599-590 |  |  |  |  |  | 4 |  |  |  |  |  |  | 4 | 0.55 | 0.55,v230_mouths,171,2.1.2
Парутине,parutyne,580.0,589.0,,,,,,,1.0,,,,,,,1.0,0.14,0.69,589-580 |  |  |  |  |  | 1 |  |  |  |  |  |  | 1 | 0.14 | 0.69,v230_mouths,171,2.1.2
Парутине,parutyne,570.0,579.0,,,,,,,2.0,,,,,,,2.0,0.27,0.96,579-570 |  |  |  |  |  | 2 |  |  |  |  |  |  | 2 | 0.27 | 0.96,v230_mouths,171,2.1.2
Парутине,parutyne,560.0,569.0,,,,,,,1.0,,,,,,,1.0,0.14,1.1,569-560 |  |  |  |  |  | 1 |  |  |  |  |  |  | 1 | 0.14 | 1.10,v230_mouths,171,2.1.2
Парутине,parutyne,550.0,559.0,,,,,,,2.0,,,,,,,2.0,0.27,1.37,559-550 |  |  |  |  |  | 2 |  |  |  |  |  |  | 2 | 0.27 | 1.37,v230_mouths,171,2.1.2
Парутине,parutyne,540.0,549.0,,,,,,,1.0,,,,,1.0,,2.0,0.27,1.64,549-540 |  |  |  |  |  | 1 |  |  |  |  | 1 |  | 2 | 0.27 | 1.64,v230_mouths,171,2.1.2
Парутине,parutyne,530.0,539.0,,,,,,,3.0,,,,,,2.0,5.0,0.69,2.33,539-530 |  |  |  |  |  | 3 |  |  |  |  |  | 2 | 5 | 0.69 | 2.33,v230_mouths,171,2.1.2
Парутине,parutyne,520.0,529.0,,,,1.0,,,10.0,1.0,,,,2.0,3.0,17.0,2.33,4.66,529-520 |  |  | 1 |  |  | 10 | 1 |  |  |  | 2 | 3 | 17 | 2.33 | 4.66,v230_mouths,171,2.1.2
Парутине,parutyne,510.0,519.0,,4.0,3.0,3.0,3.0,3.0,17.0,17.0,4.0,,,6.0,13.0,73.0,10.0,14.66,519-510 | 4 | 3 | 3 | 3 | 3 | 17 | 17 | 4 |  |  | 6 | 13 | 73 | 10.00 | 14.66,v230_mouths,171,2.1.2
Парутине,parutyne,500.0,509.0,,6.0,5.0,11.0,31.0,41.0,15.0,23.0,16.0,,5.0,5.0,28.0,186.0,25.48,40.14,509-500 | 6 | 5 | 11 | 31 | 41 | 15 | 23 | 16 |  | 5 | 5 | 28 | 186 | 25.48 | 40.14,v230_mouths,171,2.1.2
Парутине,parutyne,490.0,499.0,,17.0,17.0,26.0,20.0,18.0,2.0,17.0,18.0,15.0,1.0,14.0,12.0,177.0,24.25,64.39,499-490 | 17 | 17 | 26 | 20 | 18 | 2 | 17 | 18 | 15 | 1 | 14 | 12 | 177 | 24.25 | 64.39,v230_mouths,171,2.1.2
Парутине,parutyne,480.0,489.0,,24.0,14.0,17.0,2.0,,2.0,2.0,22.0,26.0,33.0,15.0,4.0,161.0,22.05,86.44,489-480 | 24 | 14 | 17 | 2 |  | 2 | 2 | 22 | 26 | 33 | 15 | 4 | 161 | 22.05 | 86.44,v230_mouths,171,2.1.2
Парутине,parutyne,470.0,479.0,,8.0,7.0,4.0,4.0,,,2.0,2.0,19.0,12.0,12.0,,70.0,9.59,96.03,479-470 | 8 | 7 | 4 | 4 |  |  | 2 | 2 | 19 | 12 | 12 |  | 70 | 9.59 | 96.03,v230_mouths,171,2.1.2
Парутине,parutyne,460.0,469.0,,3.0,9.0,,,,,,,,9.0,2.0,,23.0,3.15,99.18,469-460 | 3 | 9 |  |  |  |  |  |  |  | 9 | 2 |  | 23 | 3.15 | 99.18,v230_mouths,171,2.1.2
Парутине,parutyne,450.0,459.0,,,1.0,,,,,,,,2.0,1.0,,4.0,0.55,99.73,459-450 |  | 1 |  |  |  |  |  |  |  | 2 | 1 |  | 4 | 0.55 | 99.73,v230_mouths,171,2.1.2
Парутине,parutyne,440.0,449.0,,,,,,,,,,,,2.0,,2.0,0.27,100.0,449-440 |  |  |  |  |  |  |  |  |  |  | 2 |  | 2 | 0.27 | 100,v230_mouths,171,2.1.2
Очаків,ochakiv,570.0,579.0,,,,,,,19.0,,,,,,,19.0,0.22,0.22,579-570 |  |  |  |  |  | 19 |  |  |  |  |  |  | 19 | 0.22 | 0.22,v230_mouths,171,2.1.2
Очаків,ochakiv,560.0,569.0,,,,,,,44.0,,,,,,,44.0,0.5,0.72,569-560 |  |  |  |  |  | 44 |  |  |  |  |  |  | 44 | 0.50 | 0.72,v230_mouths,171,2.1.2
Очаків,ochakiv,550.0,559.0,,,,,,,20.0,,,,,,,20.0,0.23,0.95,559-550 |  |  |  |  |  | 20 |  |  |  |  |  |  | 20 | 0.23 | 0.95,v230_mouths,171,2.1.2
Очаків,ochakiv,540.0,549.0,,,,,,,30.0,,,,,,,30.0,0.34,1.29,549-540 |  |  |  |  |  | 30 |  |  |  |  |  |  | 30 | 0.34 | 1.29,v230_mouths,171,2.1.2
Очаків,ochakiv,530.0,539.0,,,,,,,15.0,,,,,,,15.0,0.17,1.46,539-530 |  |  |  |  |  | 15 |  |  |  |  |  |  | 15 | 0.17 | 1.46,v230_mouths,171,2.1.2
Очаків,ochakiv,520.0,529.0,,,,,,,74.0,,,,,,7.0,81.0,0.92,2.38,529-520 |  |  |  |  |  | 74 |  |  |  |  |  | 7 | 81 | 0.92 | 2.38,v230_mouths,171,2.1.2
Очаків,ochakiv,510.0,519.0,,,,,,,141.0,25.0,1.0,,6.0,25.0,21.0,219.0,2.5,4.88,519-510 |  |  |  |  |  | 141 | 25 | 1 |  | 6 | 25 | 21 | 219 | 2.50 | 4.88,v230_mouths,171,2.1.2
Очаків,ochakiv,500.0,509.0,,34.0,13.0,26.0,31.0,246.0,297.0,276.0,29.0,,19.0,42.0,72.0,1085.0,12.39,17.27,509-500 | 34 | 13 | 26 | 31 | 246 | 297 | 276 | 29 |  | 19 | 42 | 72 | 1085 | 12.39 | 17.27,v230_mouths,171,2.1.2
Очаків,ochakiv,490.0,499.0,,144.0,49.0,176.0,220.0,334.0,67.0,270.0,293.0,80.0,97.0,74.0,277.0,2081.0,23.76,41.03,499-490 | 144 | 49 | 176 | 220 | 334 | 67 | 270 | 293 | 80 | 97 | 74 | 277 | 2081 | 23.76 | 41.03,v230_mouths,171,2.1.2
Очаків,ochakiv,480.0,489.0,,267.0,167.0,257.0,281.0,131.0,9.0,123.0,308.0,293.0,313.0,267.0,339.0,2755.0,31.45,72.48,489-480 | 267 | 167 | 257 | 281 | 131 | 9 | 123 | 308 | 293 | 313 | 267 | 339 | 2755 | 31.45 | 72.48,v230_mouths,171,2.1.2
Очаків,ochakiv,470.0,479.0,,237.0,228.0,243.0,131.0,33.0,4.0,26.0,94.0,233.0,214.0,169.0,28.0,1640.0,18.72,91.2,479-470 | 237 | 228 | 243 | 131 | 33 | 4 | 26 | 94 | 233 | 214 | 169 | 28 | 1640 | 18.72 | 91.20,v230_mouths,171,2.1.2
Очаків,ochakiv,460.0,469.0,,32.0,114.0,42.0,55.0,,,24.0,15.0,108.0,66.0,79.0,,535.0,6.11,97.31,469-460 | 32 | 114 | 42 | 55 |  |  | 24 | 15 | 108 | 66 | 79 |  | 535 | 6.11 | 97.31,v230_mouths,171,2.1.2
Очаків,ochakiv,450.0,459.0,,30.0,101.0,,2.0,,,,4.0,6.0,26.0,57.0,,226.0,2.58,99.89,459-450 | 30 | 101 |  | 2 |  |  |  | 4 | 6 | 26 | 57 |  | 226 | 2.58 | 99.89,v230_mouths,171,2.1.2
Очаків,ochakiv,440.0,449.0,,,,,,,,,,,3.0,7.0,,10.0,0.11,100.0,449-440 |  |  |  |  |  |  |  |  |  | 3 | 7 |  | 10 | 0.11 | 100,v230_mouths,171,2.1.2
