post_name,post_id,layout_variant,source_volume,page,table,raw_row,period,mean_cm,mean_flags,max_cm,max_flags,max_dates,max_n,min_cm,min_flags,min_dates,min_n,min_winter_cm,min_winter_flags,min_winter_dates,min_winter_n
Херсон,kherson,standard,v230_mouths,162,2.1.1,2023 | 511* | 566 | 29.11 | 1 | 432 | 19.11 | 1,2023,511.0,*,566.0,,29.11,1.0,432.0,,19.11,1.0,,,,
Херсон,kherson,standard,v230_mouths,162,2.1.1,1956-2023 | 497 | 664 | 07.05.1970 09.05.1970 | 2 | 382 | 23.11.1975 | 1,1956-2023,497.0,,664.0,,07.05.1970 09.05.1970,2.0,382.0,,23.11.1975,1.0,,,,
Касперівка,kasperivka,standard,v230_mouths,163,2.1.1,2023 |  |  |  |  |  |  | ,2023,,,,,,,,,,,,,,
Касперівка,kasperivka,standard,v230_mouths,163,2.1.1,1956-2022 | 486 | 592 | 15.03.1966 | 1 | 380 | 13.11.1957 | 1,1956-2022,486.0,,592.0,,15.03.1966,1.0,380.0,,13.11.1957,1.0,,,,
Олександрівка,oleksandrivka,open_winter,v230_mouths,164,2.1.1,2023 | 371 | 515* | 08.06 | 1 | 320 | 14.11 | 1 | 345 | 05.12.2022 05.02 | 2,2023,371.0,,515.0,*,08.06,1.0,320.0,,14.11,1.0,345.0,,05.12.2022 05.02,2.0
Олександрівка,oleksandrivka,open_winter,v230_mouths,164,2.1.1,1923-2023 | 442 | 1398 | 08.04.1932 | 1 | 285 | 29.08 14.10.1994 | 2 | 316 | 03.02.2021 | 1,1923-2023,442.0,,1398.0,,08.04.1932,1.0,285.0,,29.08 14.10.1994,2.0,316.0,,03.02.2021,1.0
Миколаїв,mykolaiv,open_winter,v230_mouths,165,2.1.1,2023 | 494* | 580 | 29.11 | 1 | 378? | 19.11 | 1 | 435 | 6.02 | 1,2023,494.0,*,580.0,,29.11,1.0,378.0,?,19.11,1.0,435.0,,6.02,1.0
Миколаїв,mykolaiv,open_winter,v230_mouths,165,2.1.1,1956-2023 | 484 | 590 | 10.11.1981 | 1 | 353 | 12.11.1984 | 1 | 353 | 09.12.1991 | 1,1956-2023,484.0,,590.0,,10.11.1981,1.0,353.0,,12.11.1984,1.0,353.0,,09.12.1991,1.0
Очаків,ochakiv,standard,v230_mouths,166,2.1.1,2023 | 485* | 525 | 01.12 | 1 | 444 | 27.11 | 1,2023,485.0,*,525.0,,01.12,1.0,444.0,,27.11,1.0,,,,
Очаків,ochakiv,standard,v230_mouths,166,2.1.1,1956-2023 | 481 | 555 | 02.05.1978 | 1 | 401 | 12.11.1984 | 1,1956-2023,481.0,,555.0,,02.05.1978,1.0,401.0,,12.11.1984,1.0,,,,
Станіслав,stanislav,standard,v230_mouths,167,2.1.1,2023 |  |  |  |  |  |  | ,2023,,,,,,,,,,,,,,
Станіслав,stanislav,standard,v230_mouths,167,2.1.1,1956-2022 | 484 | 591 | 03.05.1978 | 1 | 418 | 12.03.1972 12.11.1984 | 2,1956-2022,484.0,,591.0,,03.05.1978,1.0,418.0,,12.03.1972 12.11.1984,2.0,,,,
Парутине,parutyne,standard,v230_mouths,168,2.1.1,2023 | 494* | 546 | 29.11 | 1 | 414 | 19.11 | 1,2023,494.0,*,546.0,,29.11,1.0,414.0,,19.11,1.0,,,,
Парутине,parutyne,standard,v230_mouths,168,2.1.1,1964-2023 | 484 | 561 | 10.11.1981 | 1 | 382 | 12.11.1984 | 1,1964-2023,484.0,,561.0,,10.11.1981,1.0,382.0,,12.11.1984,1.0,,,,
