post_name,post_id,period,kind,level_cm,flags,flag_meanings,undocumented_flags,not_observed,height_m,raw,source_volume,page,table
Херсон,kherson,2023-01,mean,508.0,,,,False,0.08,508,v230_mouths,162,2.1.1
Херсон,kherson,2023-02,mean,507.0,,,,False,0.07,507,v230_mouths,162,2.1.1
Херсон,kherson,2023-03,mean,517.0,,,,False,0.17,517,v230_mouths,162,2.1.1
Херсон,kherson,2023-04,mean,526.0,,,,False,0.26,526,v230_mouths,162,2.1.1
Херсон,kherson,2023-05,mean,537.0,,,,False,0.37,537,v230_mouths,162,2.1.1
Херсон,kherson,2023-07,mean,514.0,?,doubtful,,False,0.14,514?,v230_mouths,162,2.1.1
Херсон,kherson,2023-08,mean,505.0,,,,False,0.05,505,v230_mouths,162,2.1.1
Херсон,kherson,2023-09,mean,492.0,,,,False,-0.08,492,v230_mouths,162,2.1.1
Херсон,kherson,2023-10,mean,491.0,,,,False,-0.09,491,v230_mouths,162,2.1.1
Херсон,kherson,2023-11,mean,503.0,,,,False,0.03,503,v230_mouths,162,2.1.1
Херсон,kherson,2023-12,mean,517.0,,,,False,0.17,517,v230_mouths,162,2.1.1
Херсон,kherson,2023-01,max,544.0,,,,False,0.44,544,v230_mouths,162,2.1.1
Херсон,kherson,2023-02,max,531.0,,,,False,0.31,531,v230_mouths,162,2.1.1
Херсон,kherson,2023-03,max,557.0,,,,False,0.57,557,v230_mouths,162,2.1.1
Херсон,kherson,2023-04,max,542.0,,,,False,0.42,542,v230_mouths,162,2.1.1
Херсон,kherson,2023-05,max,545.0,,,,False,0.45,545,v230_mouths,162,2.1.1
Херсон,kherson,2023-06,max,1068.0,?/,doubtful;dam_breach_distortion,,False,5.68,1068?/,v230_mouths,162,2.1.1
Херсон,kherson,2023-07,max,535.0,?,doubtful,,False,0.35,535?,v230_mouths,162,2.1.1
Херсон,kherson,2023-08,max,540.0,,,,False,0.4,540,v230_mouths,162,2.1.1
Херсон,kherson,2023-09,max,515.0,,,,False,0.15,515,v230_mouths,162,2.1.1
Херсон,kherson,2023-10,max,527.0,,,,False,0.27,527,v230_mouths,162,2.1.1
Херсон,kherson,2023-11,max,566.0,,,,False,0.66,566,v230_mouths,162,2.1.1
Херсон,kherson,2023-12,max,552.0,,,,False,0.52,552,v230_mouths,162,2.1.1
Херсон,kherson,2023-01,min,476.0,,,,False,-0.24,476,v230_mouths,162,2.1.1
Херсон,kherson,2023-02,min,476.0,,,,False,-0.24,476,v230_mouths,162,2.1.1
Херсон,kherson,2023-03,min,498.0,,,,False,-0.02,498,v230_mouths,162,2.1.1
Херсон,kherson,2023-04,min,501.0,,,,False,0.01,501,v230_mouths,162,2.1.1
Херсон,kherson,2023-05,min,525.0,,,,False,0.25,525,v230_mouths,162,2.1.1
Херсон,kherson,2023-06,min,520.0,?**,doubtful;footnote_marker,,False,0.2,520?**,v230_mouths,162,2.1.1
Херсон,kherson,2023-07,min,491.0,?,doubtful,,False,-0.09,491?,v230_mouths,162,2.1.1
Херсон,kherson,2023-08,min,486.0,,,,False,-0.14,486,v230_mouths,162,2.1.1
Херсон,kherson,2023-09,min,460.0,,,,False,-0.4,460,v230_mouths,162,2.1.1
Херсон,kherson,2023-10,min,471.0,,,,False,-0.29,471,v230_mouths,162,2.1.1
Херсон,kherson,2023-11,min,432.0,,,,False,-0.68,432,v230_mouths,162,2.1.1
Херсон,kherson,2023-12,min,482.0,,,,False,-0.18,482,v230_mouths,162,2.1.1
Касперівка,kasperivka,2023-01,mean,489.0,,,,False,-0.11,489,v230_mouths,163,2.1.1
Касперівка,kasperivka,2023-02,mean,490.0,,,,False,-0.1,490,v230_mouths,163,2.1.1
Касперівка,kasperivka,2023-03,mean,497.0,?,doubtful,,False,-0.03,497?,v230_mouths,163,2.1.1
Касперівка,kasperivka,2023-04,mean,503.0,?,doubtful,,False,0.03,503?,v230_mouths,163,2.1.1
Касперівка,kasperivka,2023-05,mean,506.0,,,,False,0.06,506,v230_mouths,163,2.1.1
Касперівка,kasperivka,2023-07,mean,510.0,,,,False,0.1,510,v230_mouths,163,2.1.1
Касперівка,kasperivka,2023-01,max,527.0,,,,False,0.27,527,v230_mouths,163,2.1.1
Касперівка,kasperivka,2023-02,max,529.0,,,,False,0.29,529,v230_mouths,163,2.1.1
Касперівка,kasperivka,2023-03,max,536.0,?,doubtful,,False,0.36,536?,v230_mouths,163,2.1.1
Касперівка,kasperivka,2023-04,max,528.0,?,doubtful,,False,0.28,528?,v230_mouths,163,2.1.1
Касперівка,kasperivka,2023-05,max,522.0,,,,False,0.22,522,v230_mouths,163,2.1.1
Касперівка,kasperivka,2023-06,max,645.0,?/,doubtful;dam_breach_distortion,,False,1.45,645?/,v230_mouths,163,2.1.1
Касперівка,kasperivka,2023-07,max,536.0,,,,False,0.36,536,v230_mouths,163,2.1.1
Касперівка,kasperivka,2023-01,min,450.0,,,,False,-0.5,450,v230_mouths,163,2.1.1
Касперівка,kasperivka,2023-02,min,454.0,,,,False,-0.46,454,v230_mouths,163,2.1.1
Касперівка,kasperivka,2023-03,min,474.0,,,,False,-0.26,474,v230_mouths,163,2.1.1
Касперівка,kasperivka,2023-04,min,475.0,?,doubtful,,False,-0.25,475?,v230_mouths,163,2.1.1
Касперівка,kasperivka,2023-05,min,494.0,,,,False,-0.06,494,v230_mouths,163,2.1.1
Касперівка,kasperivka,2023-06,min,494.0,?,doubtful,,False,-0.06,494?,v230_mouths,163,2.1.1
Касперівка,kasperivka,2023-07,min,490.0,,,,False,-0.1,490,v230_mouths,163,2.1.1
Олександрівка,oleksandrivka,2023-01,mean,366.0,,,,False,0.64,366,v230_mouths,164,2.1.1
Олександрівка,oleksandrivka,2023-02,mean,357.0,,,,False,0.55,357,v230_mouths,164,2.1.1
Олександрівка,oleksandrivka,2023-03,mean,371.0,,,,False,0.69,371,v230_mouths,164,2.1.1
Олександрівка,oleksandrivka,2023-04,mean,404.0,,,,False,1.02,404,v230_mouths,164,2.1.1
Олександрівка,oleksandrivka,2023-05,mean,388.0,,,,False,0.86,388,v230_mouths,164,2.1.1
Олександрівка,oleksandrivka,2023-06,mean,418.0,,,,False,1.16,418,v230_mouths,164,2.1.1
Олександрівка,oleksandrivka,2023-07,mean,381.0,,,,False,0.79,381,v230_mouths,164,2.1.1
Олександрівка,oleksandrivka,2023-08,mean,363.0,,,,False,0.61,363,v230_mouths,164,2.1.1
Олександрівка,oleksandrivka,2023-09,mean,348.0,,,,False,0.46,348,v230_mouths,164,2.1.1
Олександрівка,oleksandrivka,2023-10,mean,343.0,,,,False,0.41,343,v230_mouths,164,2.1.1
Олександрівка,oleksandrivka,2023-11,mean,348.0,,,,False,0.46,348,v230_mouths,164,2.1.1
Олександрівка,oleksandrivka,2023-12,mean,363.0,,,,False,0.61,363,v230_mouths,164,2.1.1
Олександрівка,oleksandrivka,2023-01,max,400.0,,,,False,0.98,400,v230_mouths,164,2.1.1
Олександрівка,oleksandrivka,2023-02,max,377.0,,,,False,0.75,377,v230_mouths,164,2.1.1
Олександрівка,oleksandrivka,2023-03,max,440.0,,,,False,1.38,440,v230_mouths,164,2.1.1
Олександрівка,oleksandrivka,2023-04,max,447.0,,,,False,1.45,447,v230_mouths,164,2.1.1
Олександрівка,oleksandrivka,2023-05,max,450.0,,,,False,1.48,450,v230_mouths,164,2.1.1
Олександрівка,oleksandrivka,2023-06,max,515.0,/,dam_breach_distortion,,False,2.13,515/,v230_mouths,164,2.1.1
Олександрівка,oleksandrivka,2023-07,max,440.0,,,,False,1.38,440,v230_mouths,164,2.1.1
Олександрівка,oleksandrivka,2023-08,max,440.0,,,,False,1.38,440,v230_mouths,164,2.1.1
Олександрівка,oleksandrivka,2023-09,max,359.0,,,,False,0.57,359,v230_mouths,164,2.1.1
Олександрівка,oleksandrivka,2023-10,max,416.0,,,,False,1.14,416,v230_mouths,164,2.1.1
Олександрівка,oleksandrivka,2023-11,max,380.0,,,,False,0.78,380,v230_mouths,164,2.1.1
Олександрівка,oleksandrivka,2023-12,max,405.0,,,,False,1.03,405,v230_mouths,164,2.1.1
Олександрівка,oleksandrivka,2023-01,min,350.0,,,,False,0.48,350,v230_mouths,164,2.1.1
Олександрівка,oleksandrivka,2023-02,min,345.0,,,,False,0.43,345,v230_mouths,164,2.1.1
Олександрівка,oleksandrivka,2023-03,min,350.0,,,,False,0.48,350,v230_mouths,164,2.1.1
Олександрівка,oleksandrivka,2023-04,min,340.0,,,,False,0.38,340,v230_mouths,164,2.1.1
Олександрівка,oleksandrivka,2023-05,min,360.0,,,,False,0.58,360,v230_mouths,164,2.1.1
Олександрівка,oleksandrivka,2023-06,min,360.0,,,,False,0.58,360,v230_mouths,164,2.1.1
Олександрівка,oleksandrivka,2023-07,min,345.0,,,,False,0.43,345,v230_mouths,164,2.1.1
Олександрівка,oleksandrivka,2023-08,min,347.0,,,,False,0.45,347,v230_mouths,164,2.1.1
Олександрівка,oleksandrivka,2023-09,min,335.0,,,,False,0.33,335,v230_mouths,164,2.1.1
Олександрівка,oleksandrivka,2023-10,min,324.0,,,,False,0.22,324,v230_mouths,164,2.1.1
Олександрівка,oleksandrivka,2023-11,min,320.0,,,,False,0.18,320,v230_mouths,164,2.1.1
Олександрівка,oleksandrivka,2023-12,min,329.0,,,,False,0.27,329,v230_mouths,164,2.1.1
Миколаїв,mykolaiv,2023-01,mean,489.0,,,,False,-0.11,489,v230_mouths,165,2.1.1
Миколаїв,mykolaiv,2023-02,mean,485.0,,,,False,-0.15,485,v230_mouths,165,2.1.1
Миколаїв,mykolaiv,2023-03,mean,495.0,?,doubtful,,False,-0.05,495?,v230_mouths,165,2.1.1
Миколаїв,mykolaiv,2023-04,mean,498.0,,,,False,-0.02,498,v230_mouths,165,2.1.1
Миколаїв,mykolaiv,2023-05,mean,501.0,,,,False,0.01,501,v230_mouths,165,2.1.1
Миколаїв,mykolaiv,2023-07,mean,508.0,,,,False,0.08,508,v230_mouths,165,2.1.1
Миколаїв,mykolaiv,2023-08,mean,496.0,,,,False,-0.04,496,v230_mouths,165,2.1.1
Миколаїв,mykolaiv,2023-09,mean,485.0,?,doubtful,,False,-0.15,485?,v230_mouths,165,2.1.1
Миколаїв,mykolaiv,2023-10,mean,484.0,,,,False,-0.16,484,v230_mouths,165,2.1.1
Миколаїв,mykolaiv,2023-11,mean,490.0,?,doubtful,,False,-0.1,490?,v230_mouths,165,2.1.1
Миколаїв,mykolaiv,2023-12,mean,507.0,,,,False,0.07,507,v230_mouths,165,2.1.1
Миколаїв,mykolaiv,2023-01,max,527.0,,,,False,0.27,527,v230_mouths,165,2.1.1
Миколаїв,mykolaiv,2023-02,max,521.0,,,,False,0.21,521,v230_mouths,165,2.1.1
Миколаїв,mykolaiv,2023-03,max,529.0,?,doubtful,,False,0.29,529?,v230_mouths,165,2.1.1
Миколаїв,mykolaiv,2023-04,max,532.0,,,,False,0.32,532,v230_mouths,165,2.1.1
Миколаїв,mykolaiv,2023-05,max,516.0,,,,False,0.16,516,v230_mouths,165,2.1.1
Миколаїв,mykolaiv,2023-06,max,602.0,/,dam_breach_distortion,,False,1.02,602/,v230_mouths,165,2.1.1
Миколаїв,mykolaiv,2023-07,max,547.0,,,,False,0.47,547,v230_mouths,165,2.1.1
Миколаїв,mykolaiv,2023-08,max,527.0,,,,False,0.27,527,v230_mouths,165,2.1.1
Миколаїв,mykolaiv,2023-09,max,513.0,,,,False,0.13,513,v230_mouths,165,2.1.1
Миколаїв,mykolaiv,2023-10,max,525.0,,,,False,0.25,525,v230_mouths,165,2.1.1
Миколаїв,mykolaiv,2023-11,max,580.0,,,,False,0.8,580,v230_mouths,165,2.1.1
Миколаїв,mykolaiv,2023-12,max,552.0,,,,False,0.52,552,v230_mouths,165,2.1.1
Миколаїв,mykolaiv,2023-01,min,459.0,,,,False,-0.41,459,v230_mouths,165,2.1.1
Миколаїв,mykolaiv,2023-02,min,435.0,,,,False,-0.65,435,v230_mouths,165,2.1.1
Миколаїв,mykolaiv,2023-03,min,467.0,,,,False,-0.33,467,v230_mouths,165,2.1.1
Миколаїв,mykolaiv,2023-04,min,462.0,,,,False,-0.38,462,v230_mouths,165,2.1.1
Миколаїв,mykolaiv,2023-05,min,476.0,,,,False,-0.24,476,v230_mouths,165,2.1.1
Миколаїв,mykolaiv,2023-06,min,474.0,,,,False,-0.26,474,v230_mouths,165,2.1.1
Миколаїв,mykolaiv,2023-07,min,467.0,,,,False,-0.33,467,v230_mouths,165,2.1.1
Миколаїв,mykolaiv,2023-08,min,472.0,,,,False,-0.28,472,v230_mouths,165,2.1.1
Миколаїв,mykolaiv,2023-09,min,458.0,,,,False,-0.42,458,v230_mouths,165,2.1.1
Миколаїв,mykolaiv,2023-10,min,444.0,,,,False,-0.56,444,v230_mouths,165,2.1.1
Миколаїв,mykolaiv,2023-11,min,378.0,?,doubtful,,False,-1.22,378?,v230_mouths,165,2.1.1
Миколаїв,mykolaiv,2023-12,min,471.0,,,,False,-0.29,471,v230_mouths,165,2.1.1
Очаків,ochakiv,2023-01,mean,482.0,,,,False,-0.18,482,v230_mouths,166,2.1.1
Очаків,ochakiv,2023-02,mean,474.0,,,,False,-0.26,474,v230_mouths,166,2.1.1
Очаків,ochakiv,2023-03,mean,483.0,,,,False,-0.17,483,v230_mouths,166,2.1.1
Очаків,ochakiv,2023-04,mean,485.0,,,,False,-0.15,485,v230_mouths,166,2.1.1
Очаків,ochakiv,2023-05,mean,495.0,,,,False,-0.05,495,v230_mouths,166,2.1.1
Очаків,ochakiv,2023-07,mean,495.0,,,,False,-0.05,495,v230_mouths,166,2.1.1
Очаків,ochakiv,2023-08,mean,487.0,,,,False,-0.13,487,v230_mouths,166,2.1.1
Очаків,ochakiv,2023-09,mean,479.0,,,,False,-0.21,479,v230_mouths,166,2.1.1
Очаків,ochakiv,2023-10,mean,481.0,,,,False,-0.19,481,v230_mouths,166,2.1.1
Очаків,ochakiv,2023-11,mean,480.0,,,,False,-0.2,480,v230_mouths,166,2.1.1
Очаків,ochakiv,2023-12,mean,491.0,,,,False,-0.09,491,v230_mouths,166,2.1.1
Очаків,ochakiv,2023-01,max,508.0,,,,False,0.08,508,v230_mouths,166,2.1.1
Очаків,ochakiv,2023-02,max,504.0,,,,False,0.04,504,v230_mouths,166,2.1.1
Очаків,ochakiv,2023-03,max,507.0,,,,False,0.07,507,v230_mouths,166,2.1.1
Очаків,ochakiv,2023-04,max,506.0,,,,False,0.06,506,v230_mouths,166,2.1.1
Очаків,ochakiv,2023-05,max,508.0,,,,False,0.08,508,v230_mouths,166,2.1.1
Очаків,ochakiv,2023-06,max,573.0,/,dam_breach_distortion,,False,0.73,573/,v230_mouths,166,2.1.1
Очаків,ochakiv,2023-07,max,516.0,,,,False,0.16,516,v230_mouths,166,2.1.1
Очаків,ochakiv,2023-08,max,512.0,,,,False,0.12,512,v230_mouths,166,2.1.1
Очаків,ochakiv,2023-09,max,498.0,,,,False,-0.02,498,v230_mouths,166,2.1.1
Очаків,ochakiv,2023-10,max,513.0,,,,False,0.13,513,v230_mouths,166,2.1.1
Очаків,ochakiv,2023-11,max,519.0,,,,False,0.19,519,v230_mouths,166,2.1.1
Очаків,ochakiv,2023-12,max,525.0,,,,False,0.25,525,v230_mouths,166,2.1.1
Очаків,ochakiv,2023-01,min,451.0,,,,False,-0.49,451,v230_mouths,166,2.1.1
Очаків,ochakiv,2023-02,min,451.0,,,,False,-0.49,451,v230_mouths,166,2.1.1
Очаків,ochakiv,2023-03,min,463.0,,,,False,-0.37,463,v230_mouths,166,2.1.1
Очаків,ochakiv,2023-04,min,455.0,,,,False,-0.45,455,v230_mouths,166,2.1.1
Очаків,ochakiv,2023-05,min,469.0,,,,False,-0.31,469,v230_mouths,166,2.1.1
Очаків,ochakiv,2023-06,min,473.0,,,,False,-0.27,473,v230_mouths,166,2.1.1
Очаків,ochakiv,2023-07,min,461.0,,,,False,-0.39,461,v230_mouths,166,2.1.1
Очаків,ochakiv,2023-08,min,448.0,,,,False,-0.52,448,v230_mouths,166,2.1.1
Очаків,ochakiv,2023-09,min,455.0,,,,False,-0.45,455,v230_mouths,166,2.1.1
Очаків,ochakiv,2023-10,min,447.0,,,,False,-0.53,447,v230_mouths,166,2.1.1
Очаків,ochakiv,2023-11,min,444.0,,,,False,-0.56,444,v230_mouths,166,2.1.1
Очаків,ochakiv,2023-12,min,474.0,,,,False,-0.26,474,v230_mouths,166,2.1.1
Станіслав,stanislav,2023-01,mean,487.0,,,,False,-0.13,487,v230_mouths,167,2.1.1
Станіслав,stanislav,2023-02,mean,,,,,True,,-,v230_mouths,167,2.1.1
Станіслав,stanislav,2023-03,mean,493.0,,,,False,-0.07,493,v230_mouths,167,2.1.1
Станіслав,stanislav,2023-04,mean,499.0,,,,False,-0.01,499,v230_mouths,167,2.1.1
Станіслав,stanislav,2023-05,mean,,,,,True,,-,v230_mouths,167,2.1.1
Станіслав,stanislav,2023-01,max,511.0,,,,False,0.11,511,v230_mouths,167,2.1.1
Станіслав,stanislav,2023-02,max,494.0,?,doubtful,,False,-0.06,494?,v230_mouths,167,2.1.1
Станіслав,stanislav,2023-03,max,518.0,,,,False,0.18,518,v230_mouths,167,2.1.1
Станіслав,stanislav,2023-04,max,516.0,,,,False,0.16,516,v230_mouths,167,2.1.1
Станіслав,stanislav,2023-05,max,,,,,True,,-,v230_mouths,167,2.1.1
Станіслав,stanislav,2023-01,min,461.0,,,,False,-0.39,461,v230_mouths,167,2.1.1
Станіслав,stanislav,2023-02,min,456.0,?,doubtful,,False,-0.44,456?,v230_mouths,167,2.1.1
Станіслав,stanislav,2023-03,min,476.0,,,,False,-0.24,476,v230_mouths,167,2.1.1
Станіслав,stanislav,2023-04,min,474.0,,,,False,-0.26,474,v230_mouths,167,2.1.1
Станіслав,stanislav,2023-05,min,,,,,True,,-,v230_mouths,167,2.1.1
Парутине,parutyne,2023-01,mean,490.0,,,,False,-0.1,490,v230_mouths,168,2.1.1
Парутине,parutyne,2023-02,mean,486.0,,,,False,-0.14,486,v230_mouths,168,2.1.1
Парутине,parutyne,2023-03,mean,494.0,,,,False,-0.06,494,v230_mouths,168,2.1.1
Парутине,parutyne,2023-04,mean,499.0,,,,False,-0.01,499,v230_mouths,168,2.1.1
Парутине,parutyne,2023-05,mean,502.0,,,,False,0.02,502,v230_mouths,168,2.1.1
Парутине,parutyne,2023-07,mean,504.0,,,,False,0.04,504,v230_mouths,168,2.1.1
Парутине,parutyne,2023-08,mean,494.0,,,,False,-0.06,494,v230_mouths,168,2.1.1
Парутине,parutyne,2023-09,mean,485.0,,,,False,-0.15,485,v230_mouths,168,2.1.1
Парутине,parutyne,2023-10,mean,481.0,,,,False,-0.19,481,v230_mouths,168,2.1.1
Парутине,parutyne,2023-11,mean,489.0,,,,False,-0.11,489,v230_mouths,168,2.1.1
Парутине,parutyne,2023-12,mean,505.0,,,,False,0.05,505,v230_mouths,168,2.1.1
Парутине,parutyne,2023-01,max,516.0,,,,False,0.16,516,v230_mouths,168,2.1.1
Парутине,parutyne,2023-02,max,516.0,,,,False,0.16,516,v230_mouths,168,2.1.1
Парутине,parutyne,2023-03,max,523.0,,,,False,0.23,523,v230_mouths,168,2.1.1
Парутине,parutyne,2023-04,max,518.0,,,,False,0.18,518,v230_mouths,168,2.1.1
Парутине,parutyne,2023-05,max,511.0,,,,False,0.11,511,v230_mouths,168,2.1.1
Парутине,parutyne,2023-06,max,599.0,!/,from_frequent_observations;dam_breach_distortion,,False,0.99,599!/,v230_mouths,168,2.1.1
Парутине,parutyne,2023-07,max,525.0,!,from_frequent_observations,,False,0.25,525!,v230_mouths,168,2.1.1
Парутине,parutyne,2023-08,max,515.0,,,,False,0.15,515,v230_mouths,168,2.1.1
Парутине,parutyne,2023-09,max,499.0,,,,False,-0.01,499,v230_mouths,168,2.1.1
Парутине,parutyne,2023-10,max,509.0,,,,False,0.09,509,v230_mouths,168,2.1.1
Парутине,parutyne,2023-11,max,546.0,,,,False,0.46,546,v230_mouths,168,2.1.1
Парутине,parutyne,2023-12,max,541.0,!,from_frequent_observations,,False,0.41,541!,v230_mouths,168,2.1.1
Парутине,parutyne,2023-01,min,464.0,,,,False,-0.36,464,v230_mouths,168,2.1.1
Парутине,parutyne,2023-02,min,456.0,,,,False,-0.44,456,v230_mouths,168,2.1.1
Парутине,parutyne,2023-03,min,476.0,,,,False,-0.24,476,v230_mouths,168,2.1.1
Парутине,parutyne,2023-04,min,475.0,,,,False,-0.25,475,v230_mouths,168,2.1.1
Парутине,parutyne,2023-05,min,490.0,,,,False,-0.1,490,v230_mouths,168,2.1.1
Парутине,parutyne,2023-06,min,486.0,,,,False,-0.14,486,v230_mouths,168,2.1.1
Парутине,parutyne,2023-07,min,472.0,,,,False,-0.28,472,v230_mouths,168,2.1.1
Парутине,parutyne,2023-08,min,475.0,,,,False,-0.25,475,v230_mouths,168,2.1.1
Парутине,parutyne,2023-09,min,471.0,,,,False,-0.29,471,v230_mouths,168,2.1.1
Парутине,parutyne,2023-10,min,456.0,,,,False,-0.44,456,v230_mouths,168,2.1.1
Парутине,parutyne,2023-11,min,414.0,!,from_frequent_observations,,False,-0.86,414!,v230_mouths,168,2.1.1
Парутине,parutyne,2023-12,min,480.0,,,,False,-0.2,480,v230_mouths,168,2.1.1
