post_names,date,time,sentence,subsection,source_volume,page,kind,value,unit,height_bs_m
,2023-06-05,20:00,"Рівень води в Каховському водосховищі перед підривом станом на 20:00 5 червня 2023 року дорівнював 16,79 м БС (об’єм 19,9 км3), що на 0,79 м вище нормального підпірного рівня водосховища (НПР)",dam_breach,v230_mouths,193,height,16.79,m BS,16.79
,2023-06-05,20:00,"Рівень води в Каховському водосховищі перед підривом станом на 20:00 5 червня 2023 року дорівнював 16,79 м БС (об’єм 19,9 км3), що на 0,79 м вище нормального підпірного рівня водосховища (НПР)",dam_breach,v230_mouths,193,volume,19.9,km3,
,2023-06-05,20:00,"Рівень води в Каховському водосховищі перед підривом станом на 20:00 5 червня 2023 року дорівнював 16,79 м БС (об’єм 19,9 км3), що на 0,79 м вище нормального підпірного рівня водосховища (НПР)",dam_breach,v230_mouths,193,level_change,0.79,m,
,2023-06-11,20:00,"НА 20:00 11 червня, загальний спад рівнів води становив 7,73 м, об’єм водосховища зменшився на 73 % і становив 5,4 км3.",dam_breach,v230_mouths,193,volume,5.4,km3,
,2023-06-11,20:00,"НА 20:00 11 червня, загальний спад рівнів води становив 7,73 м, об’єм водосховища зменшився на 73 % і становив 5,4 км3.",dam_breach,v230_mouths,193,percent,73.0,%,
Херсон,,04:20,"Стрімке підвищення рівня води на МГП-І Херсон, що обладнаний самописцем рівня моря, почалося о 04:20 з позначки 535 см над «0» поста",dam_breach,v230_mouths,193,level,535.0,cm,
Херсон,,08:00,На 08:00 рівень досяг 660 см і перевищив на 10 см небезпечну відмітку,dam_breach,v230_mouths,193,level,660.0,cm,
Херсон,2023-06-06,,"У Херсоні найінтенсивніший підйом рівня води спостерігався у першу добу (рівень 6 червня підвищився на 4,23 м)",dam_breach,v230_mouths,193,level_change,4.23,m,
Херсон,2023-06-08,,"Максимального значення рівень води досяг 8 червня 1068 см (5,68 м БС), що на 411 см перевищував максимум за період введення в експлуатацію Каховської ГЕС (657 см, 1956 - 2022 р.р.) та на 267 см максимум за період незарегульованого стоку 1916–1955 р.р. (800 см 18.05.1931р.)",dam_breach,v230_mouths,193,level_with_height,1068.0,cm,5.68
Херсон,2023-06-08,,"Максимального значення рівень води досяг 8 червня 1068 см (5,68 м БС), що на 411 см перевищував максимум за період введення в експлуатацію Каховської ГЕС (657 см, 1956 - 2022 р.р.) та на 267 см максимум за період незарегульованого стоку 1916–1955 р.р. (800 см 18.05.1931р.)",dam_breach,v230_mouths,193,level,411.0,cm,
Херсон,2023-06-08,,"Максимального значення рівень води досяг 8 червня 1068 см (5,68 м БС), що на 411 см перевищував максимум за період введення в експлуатацію Каховської ГЕС (657 см, 1956 - 2022 р.р.) та на 267 см максимум за період незарегульованого стоку 1916–1955 р.р. (800 см 18.05.1931р.)",dam_breach,v230_mouths,193,level,657.0,cm,
Херсон,2023-06-08,,"Максимального значення рівень води досяг 8 червня 1068 см (5,68 м БС), що на 411 см перевищував максимум за період введення в експлуатацію Каховської ГЕС (657 см, 1956 - 2022 р.р.) та на 267 см максимум за період незарегульованого стоку 1916–1955 р.р. (800 см 18.05.1931р.)",dam_breach,v230_mouths,193,level,267.0,cm,
Херсон,2023-06-08,,"Максимального значення рівень води досяг 8 червня 1068 см (5,68 м БС), що на 411 см перевищував максимум за період введення в експлуатацію Каховської ГЕС (657 см, 1956 - 2022 р.р.) та на 267 см максимум за період незарегульованого стоку 1916–1955 р.р. (800 см 18.05.1931р.)",dam_breach,v230_mouths,193,level,800.0,cm,
Херсон,2023-06-16,20:00,"16 червня о 20:00 рівень води знизився нижче небезпечної відмітки і досяг 649 см (1,49 м БС)",dam_breach,v230_mouths,193,level_with_height,649.0,cm,1.49
Касперівка,2023-06-07,,"При цьому 7 червня зафіксовано максимальний рівень - 645см, значення сумнівне",dam_breach,v230_mouths,193,level,645.0,cm,
Миколаїв,2023-06-09,09:00,"Опівночі 9 червня сформувався максимальний рівень води 1,07 м над рівнем на 09:00 6 червня, досягнувши відмітки 602 см (1,02 м БС), що призвело до затоплення причалів №1-6 ДП «Адміністрація морських портів України», берегової смуги в 6 мікрорайонах міста",dam_breach,v230_mouths,193,level_with_height,602.0,cm,1.02
Парутине;Очаків,,,Максимальні рівні води перевищили значення небезпечних відміток на 59 см в Парутиному (599 см) та 53 см в Очакові (573 см).,dam_breach,v230_mouths,193,level,599.0,cm,
Парутине;Очаків,,,Максимальні рівні води перевищили значення небезпечних відміток на 59 см в Парутиному (599 см) та 53 см в Очакові (573 см).,dam_breach,v230_mouths,193,level,573.0,cm,
