page,paragraph_no,subsection,post_names,n_chars,text,source_volume
184,1,overview,Очаків;Херсон;Миколаїв,2354,"ОГЛЯД ГІДРОМЕТЕОРОЛОГІЧНИХ УМОВ У ГИРЛОВІЙ ОБЛАСТІ РІЧОК ДНІПРА ТА ПІВДЕННОГО БУГУ Коротка характеристика метеорологічних умов. З часу повномасштабного вторгнення рф на територію України порядок метеорологічних спостережень вимушено змінено. В Очакові спостереження за температурою повітря та вітром проводяться нерегулярно -- лише в денну частину доби та за відсутності обстрілів, що суттєво впливає на аналіз середньорічних та середньобагаторічних метеорологічних даних. У Херсоні та Миколаєві спостереження на авіаційних метеорологічних станціях припинені. В Миколаєві метеоспостереження перенесені на метеомайданчик, який розташований на території Миколаївського ЦГМ. В Херсоні метеоспостереження проводяться на агрометеорологічній станції Херсон. За наявними даними в Дніпро-Бузькій гирловій області середньорічна температура повітря у 2023 році 12,6-14,0ºС, що вище норми на 1,6-3,0ºС (табл. 2). Найбільші позитивні відхилення середньомісячних температур від норми спостерігались у січні (3,3-3,9ºС). Вищими від норми були також березень (2,3-2,7ºС), вересень (2,9-3,9ºС), жовтень (3,3-4,0ºС) та грудень (3,3-3,6ºС). Найближчими до норми були квітень (-0,1-0,2ºС) та травень (- 0,7÷+0,3ºС відхилення від норми). Максимальна і мінімальна температури повітря в гирловій області зафіксовані в Миколаєві 6 серпня та 10 лютого - 31,8ºС і -8,9ºС відповідно. Розподіл опадів у Дніпро-Бузькій гирловій області в 2023 році взагалом був наближеним до середньобагаторічної норми - за рік випало 317,7 - 463,8 мм (76,7 – 110,7% від норми). Надмірна кількість опадів випала у квітні (77,8 - 273% від місячної норми) та в грудні (156,6 – 518,5% від норми). Дефіцит опадів спостерігався по всім станціям та постам, окрім березня, квітня, липня та грудня. В Херсоні близькими до норми були березень та липень, в Очакові - червень і липень, у Миколаєві найближчим до норми був грудень (табл. 2). Впродовж року в Дніпро-Бузькій гирловій області переважали вітри північної чверті з середньою швидкістю 2-4 м/с (табл. 3). Найбільша швидкість вітру спостерігалась 27 листопада під час проходження активного циклону, що відповідає критерію стихійного метеорологічного явища ІI рівня небезпеки (колір помаранчевий). Найбільша кількість днів зі штормовим вітром ( ≥15 м/с) спостерігалась у Миколаєві - 74 випадки за рік, найменша - в Херсоні - лише 3 випадки за цілий рік.",v230_mouths
184,2,overview,,142,"Таблиця 2 Температура повітря, сума опадів та їх відхилення від середніх багаторічних величин (1993 - 2022) в Дніпро-Бузькій гирловій області.",v230_mouths
184,3,overview,Миколаїв,482,"Період Температура повітря, град. С Сума опадів, мм середньо- місячна середня за 1993 - 2022 відхилення від середньо- багаторічної кількість за місяць в середня за 1993 - 2022 відхилення від середньо- багаторічної м. Миколаїв I 1,9 -2,0 3,9 7,9 31,7 -23,8 II 1,6 -0,6 2,2 9,5 26,0 -16,5 III 6,5 3,8 2,7 36,4 24,8 11,6 IV 10,8 10,6 0,2 77,8 28,5 49,3 V 17,1 16,8 0,3 21,5 47,8 -26,3 VI 22,0 21,2 0,8 32,3 52,9 -20,6 VII 24,4 23,8 0,6 66,7 41,7 25,0 VIII 26,1 23,3 2,8 17,1 33,8 -16,7",v230_mouths
185,4,overview,,287,"Примітка: * - внаслідок постійних обстрілів вимірювання температури повітря проводились за скороченою програмою в денну частину доби, через що вирахувати середньомісячні та середньобагаторічні температури неможливо. Таблиця 3 Напрямок та швидкість вітру в Дніпро-Бузькій гирловій області",v230_mouths
185,5,overview,Миколаїв,195,"Період Характеристика число днів зі швидкіс- тю вітру ≥15 м/с Середня максимальна швидкість вітру, м/с переважаючий напрям вітру, румби швидкість вітру, м/с напрям вітру, румби дата м. Миколаїв I",v230_mouths
185,6,overview,,1,С,v230_mouths
185,7,overview,,13,Пн; Пд 11; 19,v230_mouths
185,8,overview,,2,II,v230_mouths
185,9,overview,,2,Пн,v230_mouths
185,10,overview,,3,ПнЗ,v230_mouths
185,11,overview,,3,III,v230_mouths
185,12,overview,,2,Пд,v230_mouths
185,13,overview,,20,Пд; ЗПнЗ; ПнЗ 11; 28,v230_mouths
185,14,overview,,2,IV,v230_mouths
185,15,overview,,2,Пн,v230_mouths
185,16,overview,,2,Пн,v230_mouths
185,17,overview,,23,Таблиця 2 (продовження),v230_mouths
185,18,overview,Херсон;Очаків,1027,"IX 21,3 17,4 3,9 0,3 35,9 -35,6 X 14,8 10,8 4,0 13,4 32,5 -19,1 XI 7,3 4,7 2,6 156,6 30,2 126,4 XII 4,0 0,4 3,6 24,3 33,0 -8,7 Рік 13,2 10,8 2,4 463,8 418,9 44,9 м. Херсон I 1,7 -1,6 3,3 5,2 33,7 -28,5 II 1,1 -0,3 1,4 16,5 29,0 -12,5 III 6,3 4,0 2,3 32,6 30,2 2,4 IV 10,5 10,6 -0,1 72,3 33,2 39,1 V 16,1 16,8 -0,7 11,8 46,6 -34,8 VI 21,0 21,3 -0,3 34,4 51,4 -17,0 VII 24,0 23,9 0,1 48,6 45,3 3,3 VIII 25,2 23,3 1,9 52,0 33,7 18,3 IX 20,3 17,4 2,9 0,1 36,8 -36,7 X 14,1 10,8 3,3 27,3 32,1 -4,8 XI 6,9 4,8 2,1 113,4 33,7 79,7 XII 4,0 0,7 3,3 27,8 35,1 -7,3 Рік 12,6 11,0 1,6 442,0 440,9 1,1 м. Очаків I* 2,2 -1,2 3,4 7,1 34,8 -27,7 II* 1,8 -0,1 1,9 6,9 30,9 -24,0 III* 6,5 3,9 2,6 22,5 29,1 -6,6 IV* 11,1 10,0 1,1 51,2 26,8 24,4 V* 18,4 16,4 2,0 12,7 35,0 -22,3 VI* 23,1 21,1 2,0 48,2 49,3 -1,1 VII* 25,5 23,6 1,9 38,3 36,8 1,5 VIII* 27,4 23,2 4,2 5,5 30,5 -25,0 IX* 22,9 17,6 5,3 0,4 42,1 -41,7 X* 16,1 11,3 4,8 5,6 31,5 -25,9 XI* 8,5 5,4 3,1 102,3 32,2 70,1 XII* 4,6 1,1 3,5 17,0 35,1 -18,1 Рік* 14,0 11,0 3,0 317,7 414,0 -96,3",v230_mouths
186,19,overview,,23,Таблиця 3 (продовження),v230_mouths
186,20,overview,,1,V,v230_mouths
186,21,overview,,2,Пн,v230_mouths
186,22,overview,,2,Пн,v230_mouths
186,23,overview,,2,VI,v230_mouths
186,24,overview,,2,Пн,v230_mouths
186,25,overview,,17,"СПнС, ПнПнС 4, 11",v230_mouths
186,26,overview,,3,VII,v230_mouths
186,27,overview,,2,Пн,v230_mouths
186,28,overview,,22,"Пн, ПнПнС, Пд 7, 8, 26",v230_mouths
186,29,overview,,4,VIII,v230_mouths
186,30,overview,,2,Пн,v230_mouths
186,31,overview,,9,"ПнПнЗ, Пн",v230_mouths
186,32,overview,,2,IX,v230_mouths
186,33,overview,,2,Пн,v230_mouths
186,34,overview,,1,С,v230_mouths
186,35,overview,,1,X,v230_mouths
186,36,overview,,2,Пд,v230_mouths
186,37,overview,,15,"Пн, ПнПнЗ 1, 16",v230_mouths
186,38,overview,,2,XI,v230_mouths
186,39,overview,,2,Пд,v230_mouths
186,40,overview,,3,ПнЗ,v230_mouths
186,41,overview,,3,XII,v230_mouths
186,42,overview,,2,Пд,v230_mouths
186,43,overview,,17,ПдПдЗ; ЗПнЗ 1; 24,v230_mouths
186,44,overview,,3,Рік,v230_mouths
186,45,overview,,2,Пн,v230_mouths
186,46,overview,Херсон,21,ПнЗ 27.11 м. Херсон I,v230_mouths
186,47,overview,,1,С,v230_mouths
186,48,overview,,1,С,v230_mouths
186,49,overview,,2,II,v230_mouths
186,50,overview,,2,Пн,v230_mouths
186,51,overview,,4,ЗПдЗ,v230_mouths
186,52,overview,,3,III,v230_mouths
186,53,overview,,2,Пд,v230_mouths
186,54,overview,,3,ПнЗ,v230_mouths
186,55,overview,,2,IV,v230_mouths
186,56,overview,,1,С,v230_mouths
186,57,overview,,2,Пн,v230_mouths
186,58,overview,,1,V,v230_mouths
186,59,overview,,2,Пн,v230_mouths
186,60,overview,,16,ПнПнС 06; 30; 31,v230_mouths
186,61,overview,,2,VI,v230_mouths
186,62,overview,,2,Пн,v230_mouths
186,63,overview,,5,ПнПнС,v230_mouths
186,64,overview,,3,VII,v230_mouths
186,65,overview,,2,Пн,v230_mouths
186,66,overview,,2,Пн,v230_mouths
186,67,overview,,4,VIII,v230_mouths
186,68,overview,,2,Пн,v230_mouths
186,69,overview,,2,Пн,v230_mouths
186,70,overview,,2,IX,v230_mouths
186,71,overview,,3,ПнС,v230_mouths
186,72,overview,,4,СПнС,v230_mouths
186,73,overview,,1,X,v230_mouths
186,74,overview,,2,Пд,v230_mouths
186,75,overview,,4,ЗПдЗ,v230_mouths
186,76,overview,,2,XI,v230_mouths
186,77,overview,,3,ПнС,v230_mouths
186,78,overview,,3,ПнЗ,v230_mouths
186,79,overview,,3,XII,v230_mouths
186,80,overview,,1,С,v230_mouths
186,81,overview,,4,ЗПнЗ,v230_mouths
186,82,overview,,3,Рік,v230_mouths
186,83,overview,,2,Пн,v230_mouths
186,84,overview,,9,ПнЗ 27.11,v230_mouths
186,85,overview,Очаків,182,Примітка: на МГ-ІІ Очаків внаслідок постійних обстрілів спостереження за вітром проводились за скороченою програмою в денну частину доби. З наявних данних осереднення не проводиться.,v230_mouths
186,86,overview,Олександрівка,866,"Стік води. Визначити водність р. Дніпро не має можливості через відсутність даних про середньодобові витрати води у зв'язку з окупацією та знищенням Каховської ГЕС. Стік р. Південний Буг регулювався попусками через греблю Олександрівської ГЕС. Водність р. Південний Буг у 2023 році була дуже низькою - 29% від норми. З липня по жовтень було зафіксовано маловоддя (гідрологічну посуху) – 12 ÷ 19% середньомісячної норми водності. Весняне водопілля було слабовираженим, оскільки був відсутній основний чинник водопілля – сніговий покрив. Коливання рівнів води відбувались за рахунок випадання опадів та зарегульованості Південного Бугу та Синюхи. 11 та 30 квітня спостерігалась найвища витрата води за рік - 87,9 м3/с. Найменша витрата води (4,16 м3/с) відмічалась 03 та 04 вересня під час літньо-осінньої межені, яка тривала з червня по другу декаду жовтня 2023 року.",v230_mouths
186,87,overview,Очаків;Миколаїв;Херсон,1289,"Рівень води. Рівневий режим гирлових ділянок р. Дніпро та р. Південний Буг визначався в основному попусками з водосховищ, а лиману – додатковим впливом відгінно- нагінних вітрів над гирловою областю і прилеглим до лиману північно-західним районом Чорного моря. У 2023 році на р. Південний Буг та у лимані на працюючих постах значення середніх річних рівнів перевищили багаторічні (середній рівень розраховувався за 11 місяців, у червні значення рівнів води були спотворені внаслідок підриву греблі Каховської ГЕС). Амплітуда коливань рівнів від 81 см у Очакові (Дніпро-Бузький лиман) до 202 см у Миколаєві (р. Південний Буг) і була нижча за багаторічну. Треба виділити листопад 2023 року, в якому з 12 по 29 пройшла низка циклонів з різким посиленням вітру, внаслідок чого у цей період по всіх водних об'єктах спостерігались максимальні та мінімальні рівні за 2023 рік, мінімум на працюючих постах зафіксовано 19 листопада, максимум - 29 листопада, за винятком Очакова, де мінімум спостерігався 27 листопада, а максимум - 1 грудня. У 2023 році відхилення значень максимального та мінімального рівнів від багаторічних значно зменшились по всіх постах. Середньорічний рівень у Херсоні (р. Дніпро) перевищив багаторічний на 14 см. Амплітуда коливань була значно нижча за багаторічну - 134 см.",v230_mouths
187,88,overview,,70,Таблиця 4 Характерні рівні води (см) за 2023 рік і багаторічний період,v230_mouths
187,89,overview,Херсон,119,Водотік (водойма) – пункт Період Середній рівень Максимальний Мінімальний рівень дата рівень дата р. Дніпро – м. Херсон,v230_mouths
187,90,overview,,36,511? 566? 29.11 432? 19.11 1993-2022,v230_mouths
187,91,overview,,10,14.02.2010,v230_mouths
187,92,overview,,21,26.01.2012 відхилення,v230_mouths
187,93,overview,Касперівка,43,-8 рук. Рвач – с. Кізомис МГП-Ⅰ Касперівка*,v230_mouths
187,94,overview,,9,1993-2022,v230_mouths
187,95,overview,,10,24.02.2020,v230_mouths
187,96,overview,Станіслав,55,23.03.2007 відхилення лим. Дніпровський - с. Станіслав*,v230_mouths
187,97,overview,,9,1993-2022,v230_mouths
187,98,overview,,10,07.06.1994,v230_mouths
187,99,overview,Миколаїв,52,16.12.1997 відхилення р. Південний Буг - м. Миколаїв,v230_mouths
187,100,overview,,36,494? 580? 29.11 378? 19.11 1993-2022,v230_mouths
187,101,overview,,10,06.06.1994,v230_mouths
187,102,overview,Парутине,48,23.01.2004 відхилення лим. Бузький - с. Парутине,v230_mouths
187,103,overview,,4,494?,v230_mouths
187,104,overview,,5,29.11,v230_mouths
187,105,overview,,15,19.11 1993-2022,v230_mouths
187,106,overview,,10,09.02.1999,v230_mouths
187,107,overview,Очаків,53,23.01.2004 відхилення лим. Дніпро-Бузький - м. Очаків,v230_mouths
187,108,overview,,4,485?,v230_mouths
187,109,overview,,5,01.12,v230_mouths
187,110,overview,,15,27.11 1993-2022,v230_mouths
187,111,overview,,10,09.02.1999,v230_mouths
187,112,overview,,21,09.10.2003 відхилення,v230_mouths
187,113,overview,,3,-18,v230_mouths
187,114,overview,,70,"Примітка:* - визначити середній, максимальний та мінімальний рівень за",v230_mouths
187,115,overview,Геройське,166,2023 рік неможливо через недостатній обсяг інформації; на МГП-I Геройське з 18.09.2022 року спостереження за рівнем води призупинено; з 31.12.2023 року пост закритий.,v230_mouths
188,116,overview,Олександрівка,63,Рис.3. Гідрограф стоку р. Південний Буг біля пгт. Олександрівка,v230_mouths
188,117,overview,,41,1 - за період 1914 - 2023 2 - за 2023 рік,v230_mouths
189,118,overview,,70,Рис.4. Річний хід рівня води на постах Дніпро-Бузької гирлової області,v230_mouths
190,119,overview,Парутине;Херсон;Станіслав;Касперівка;Миколаїв;Очаків,1351,"Температура води. За наявних даних, які надійшли з постів Дніпро-Бузької гирлової області у 2023 році перехід температури води через 0,2°С навесні не відбувався. Найвища температура води за рік у ДБГО спостерігалась у Парутиному 5 серпня – 30,3°С, що на 0,9°С нижче абсолютного максимума за багаторічний період. На інших постах максимальні температури спостерігались також у серпні та були нижчі за абсолютні на 0,8 - 3,6°С (табл. 5). Середньорічна температура води за 2023 рік була вище середньобагаторічної величини на 1,4 – 2,1°С на всіх постах, окрім тих, що не виконували план спостережень за температурним режимом води у повному обсязі (Херсон, Станіслав) (табл. 6). По МГП-І Касперівка та Миколаїв середньомісячні температури води перевищували норму впродовж усього року. Середньомісячна температура води в Очакові не перевищувала норму лише у квітні - травні, в Парутиному - у травні. Найбільші позитивні відхилення середньомісячних температур від норми спостерігались в Очакові у листопаді (на 4,4°С) та вересні (на 4,0°С), у Миколаєві найбільше перевищення спостерігалось у березні (на 4,2°С). Найбільше негативне відхилення середньомісячної температури води від норми спостерігалось у травні в Очакові (-2,0°С). У 2023 році в гирлах річок Дніпро та Південний Буг до кінця року температура води нижче 0,2°С не знижувалась (табл. 2.4.1.Б, 6).",v230_mouths
190,120,overview,,134,"Таблиця 5 Відхилення дати переходу температури води через 0,2 ºС та її максимальних значень від середніх значень за період 1993 - 2022",v230_mouths
190,121,overview,,262,"Пункт Дата переходу температури води через 0,2 градуса навесні 2023 Середня дата переходу за період спостере- жень Відхилен ня, дні Максимальна температура води 2023, град.; дата Максимальна температура води за період спостережень, град.; дата Відхилен ня, град.",v230_mouths
190,122,overview,Херсон,9,Херсон* -,v230_mouths
190,123,overview,Касперівка,43,"26.02 - - 29,2 - - 12.08.2010 Касперівка нб",v230_mouths
190,124,overview,Станіслав,58,"28.02 - 28,8 29,6 -0,8 19,20.08 01.08.2021 Станіслав** нб?",v230_mouths
190,125,overview,Миколаїв,41,"26.02 - - 31,7 - - 01.08.2010 Миколаїв нб",v230_mouths
190,126,overview,Парутине,51,"03.03 - 29,0 32,6 -3,6 04.08 04.08.2010 Парутине нб",v230_mouths
190,127,overview,Очаків,49,"28.02 - 30,3 31,2 -0,9 05.08 01.08.2010 Очаків нб",v230_mouths
190,128,overview,,152,"28.02 - 28,1 31,4 -3,3 31.08 08,09.08.2010 Примітка:* - вимірювання температури води виконувались один раз на добу у ранковий строк через військові дії;",v230_mouths
190,129,overview,Геройське,171,** - з 11.05.2023 спостереження тимчасово призупинено; на МГП-І Геройське з 18.09.2022 року спостереження за температурою води призупинено; з 31.12.2023 року пост закрито.,v230_mouths
191,130,overview,,147,Таблиця 6 Відхилення температури поверхневого шару води за 2023 рік від середньої за період 1993 - 2022 за даними пунктів стаціонарних спостережень,v230_mouths
191,131,overview,,63,Характеристика Місяці Рік I II III IV V VI VII VIII IX X XI XII,v230_mouths
191,132,overview,Касперівка;Миколаїв;Парутине;Станіслав,730,"Касперівка Середня за 2023 2,6 1,4 5,5 9,9 16,6 22,4 25,2 26,8 20,3 15,9 9,6 4,1 13,4 Середньобагаторічна 1,2 1,2 3,6 9,1 16,1 21,7 24,6 24,7 20,5 14,7 8,6 3,5 12,5 Відхилення 1,4 0,2 1,9 0,8 0,5 0,7 0,6 2,1 -0,2 1,2 1,0 0,6 0,9 Миколаїв Середня за 2023 2,9 1,9 7,5 11,7 17,9 22,9 24,9 26,0 21,7 15,7 10,3 4,0 14,0 Середньобагаторічна 0,9 1,0 4,1 11,1 18,4 22,9 24,8 24,1 19,3 13,2 7,1 2,5 12,5 Відхилення 2,0 0,9 3,4 0,6 -0,5 0,0 0,1 1,9 2,4 2,5 3,2 1,5 1,5 Парутине Середня за 2023 2,5 1,7 6,8 11,3 17,3 22,6 24,4 25,7 21,2 15,8 10,3 4,2 13,7 Середньобагаторічна 0,9 1,2 4,3 10,8 17,9 22,4 24,3 23,8 19,1 13,1 7,1 2,7 12,3 Відхилення 1,6 0,5 2,5 0,5 -0,6 0,2 0,1 1,9 2,1 2,7 3,2 1,5 1,4 Станіслав* Середня за 2023 2,9 ! 7,3 11,3",v230_mouths
191,133,overview,,23,"Середньобагаторічна 1,2",v230_mouths
191,134,overview,,8,"4,7 11,2",v230_mouths
191,135,overview,,14,"Відхилення 1,7",v230_mouths
191,136,overview,,7,"2,6 0,1",v230_mouths
191,137,overview,Очаків;Станіслав,308,"Очаків Середня за 2023 3,3 1,7 5,9 9,9 15,3 22,4 24,7 26,2 23,0 15,8 11,5 4,5 13,7 Середньобагаторічна 1,0 1,1 4,2 10,5 17,8 22,3 24,4 23,8 19,4 13,5 7,4 2,9 12,4 Відхилення 2,3 0,6 1,7 -0,6 -2,5 0,1 0,3 2,4 3,6 2,3 4,1 1,6 1,3 Примітка: * - на МГП-І Станіслав з 11.05.2023 спостереження тимчасово припинені;",v230_mouths
191,138,overview,Геройське;Херсон,275,"! - наявні пропуски в спостереженнях; на МГП-І Геройське з 18.09.2022 року спостереження за температурою води призупинено; з 31.12.2023 року пост закрито; на МГП-І Херсон температура води вимірювалась один раз на добу у ранковий строк, за наявних даних осереднення неможливо.",v230_mouths
191,139,overview,Миколаїв;Парутине;Очаків;Херсон;Касперівка,933,"Солоність води. Впродовж 2023 року відбір проб води на солоність виконувався на всіх постах, на яких заплановано цей вид спостережень, проте дані по солоності води наявні з МГП-І Миколаїв, Парутине, Очаків. Доставка проб води з МГП-І Херсон та Касперівка наразі неможлива через військові дії. За даними наявних прибережних спостережень середньорічна солоність води змінювалась від 3,03‰ до 5,46‰. Одним з факторів, який вплинув на солоність води – підрив греблі Каховської ГЕС та витоку великої кількості прісної води з Каховського водосховища, за рахунок чого у червні 2023 року відбулось опріснення вод Дніпро-Бузького лиману (пости Очаків та Парутине) та підпір осолонених лиманських вод у гирло р. Південний Буг (пост Миколаїв). Найбільша солоність води спостерігалась в Очакові у листопаді і досягла 12,77‰. У Миколаєві та Парутиному найбільша солоність спостерігалась у вересні та жовтні 9,73‰ та 7,66‰ відповідно (табл.2.4.5).",v230_mouths
192,140,overview,,184,"У порівнянні з минулим роком, значення середньобагаторічної, максимальної та мінімальної солоності дещо зменшились як у водах Дніпро-Бузького лиману, так і в гирлі річки Південний Буг.",v230_mouths
192,141,overview,Миколаїв;Парутине;Олександрівка;Очаків,3517,"Особливо-небезпечні та виняткові гідрологічні явища. 6 лютого 2023 року в Миколаєві на р. Південний Буг внаслідок відгінної дії Пн вітру швидкістю до 16 м/с рівень води знизився до відмітки 435 см, що на 5 см нижче небезпечної. Тривалість стояння небезпечного рівня склала 5 годин. 25 липня внаслідок нагону від дії Пд вітру швидкістю до 18 м/с на р. Південний Буг у Миколаєві рівень води досяг небезпечної відмітки 540 см. Тривалість стояння небезпечного рівня склала 3 години. 26 липня внаслідок продовження нагонної дії Пд вітру до 20 м/с рівень води підвищився до 547 см, що на 7 см вище небезпечного. Тривалість стояння небезпечного рівня склала 6 годин. 12 листопада у Миколаєві на р. Південний Буг внаслідок нагону від ПдЗ та ЗПдЗ вітру швидкістю до 20 м/с рівень води підвищився до 550 см, що на 10 см вище небезпечного. Тривалість стояння небезпечного рівня склала 6 годин. 18-19 листопада спостерігались відгінні гідрологічні явища ІІІ рівня небезпеки. В Миколаєві на р.Південний Буг рівень води знизився до відмітки 378 см внаслідок відгону від ПнС вітру швидкістю до 19 м/с, що на 62 см нижче небезпечної та на 47 см нижче стихійної відміток. Тривалість стояння небезпечного рівня склала 30 годин, стихійного рівня - 23 години. Вода відійшла на 20-50 м від берега. 19 листопада в с. Парутине на Бузькому лимані під впливом Пн вітру швидкістю 8- 14 м/с рівень води знизився до відмітки 414 см, що на 26 см нижче небезпечного та на 11 см нижче стихійної відміток. Тривалість стояння небезпечного рівня склала 12 годин, стихійного - 2 години. 25-26 листопада під впливом відгінної дії ПнПнС вітру швидкістю до 20 м/с рівень води знизився до 430 см на р. Південний Буг у Миколаєві, що на 10 см нижче небезпечного. Тривалість стояння небезпечного рівня склала 11 годин. 26-27 листопада в Миколаєві на р. Південний Буг під впливом відгінної дії Пн вітру швидкістю 17-25 м/с рівень води знизився до 427 см, що на 13 см нижче небезпечного. Тривалість стояння небезпечного рівня склала 4 години. 28-29 листопада в Миколаєві на Південному Бузі відмічалось підвищення рівня води внаслідок нагінної дії Пд та ПдЗ вітру швидкістю 8-19 м/с та спрацювання Олександрівської ГЕС до 580 см, що на 40 см вище небезпечного. Тривалість стояння небезпечного рівня склала 17 годин. 29 листопада в с. Парутине в Бузькому лимані внаслідок проходження холодного фронту по області та різкого посилення Пд вітру до 19 м/с рівень води підвищився до 546 см, що на 6 см вище небезпечного. Тривалість стояння небезпечного рівня склала 1 годину. 1 грудня внаслідок нагінної дії південного вітру підвищення рівня води спостерігалось в Миколаєві, Парутиному та Очакові. На р. Південний Буг у Миколаєві внаслідок нагінної дії Пд вітру швидкістю до 20 м/с рівень досяг відмітки 552 см, що на 12 см вище небезпечного та тримався упродовж 8 годин. У Парутиному при ПдЗ вітрі швидкістю 4 -6 м/с рівень води досяг відмітки 540 см та тримався 3 години. В Очакові внаслідок нагінної дії вітру ПдЗ напрямку до 20 м/с рівень підвищився до 552 см, що на 12 см вище небезпечного. Тривалість стояння небезпечного рівня склала 8 годин. 14 грудня внаслідок нагону від ПдПдС вітру швидкістю 8 м/с в Парутиному та нагону від дії вітру Пд напрямку швидкістю до 15 м/с в Миколаєві, рівні води підвищились. В Бузькому лимані рівень досяг небезпечної відмітки 540 см. Тривалість стояння небезпечного рівня склала 3 години. На р. Південний Буг рівень води підвищився до 551 см, що на 11 см вище небезпечного. Тривалість стояння небезпечного рівня склала 7 годин.",v230_mouths
193,142,dam_breach,,76,ВПЛИВ ПІДРИВУ КАХОВСЬКОЇ ГЕС НА РІВНІ ВОДИ В ДНІПРО-БУЗЬКІЙ ГИРЛОВІЙ ОБЛАСТІ,v230_mouths
193,143,dam_breach,Херсон;Миколаїв,593,"06 червня 2023 року, о 02:50 російськими військовими було підірвано греблю Каховської ГЕС, що спровокувало катастрофу небачених наслідків. Руйнівна хвиля та різке підвищення рівнів води у нижньому б'єфі призвели до затоплення значної частини територій та людських втрат. Відбулось значне затоплення прируслових територій, житлових будинків, промислових та господарських об'єктів, були відключені артезіанські свердловини для забора питної води, енергопостачання, зруйновані та затоплені мости в Херсонській та Миколаївській областях. 23 червня рівень води знизився до передпаводкової відмітки.",v230_mouths
193,144,dam_breach,,833,"Рівень впливу внаслідок руйнування греблі Каховської ГЕС на водні ресурси і територію Причорномор'я оцінюється, як катастрофічний. Підняття рівня води на водних об’єктах викликало негативний вплив на акваторії, розмиви на прибережних територіях, руйнування поверхневого шару ґрунту, знищення рослинності, сільськогосподарських угідь і врожаю, об'єктів інфраструктури та інших споруд. Всі забруднюючі речовини, які були на затопленій території, серед яких є паливно-мастильні матеріали, сміття, агрохімікати, інші небезпечні матеріали, стічні води з очисних споруд, каналізації надійшли у воду і через поверхневі води потрапили до ґрунтових та підземних вод. Утворилася пряма загроза здоров’ю населення, що відповідає критеріям стихійного морського гідрометеорологічного явища ІІІ рівня небезпечності (СГЯ ІІІ) техногенного характеру.",v230_mouths
193,145,dam_breach,,313,"Рівень води в Каховському водосховищі перед підривом станом на 20:00 5 червня 2023 року дорівнював 16,79 м БС (об’єм 19,9 км3), що на 0,79 м вище нормального підпірного рівня водосховища (НПР). НА 20:00 11 червня, загальний спад рівнів води становив 7,73 м, об’єм водосховища зменшився на 73 % і становив 5,4 км3.",v230_mouths
193,146,dam_breach,Херсон,625,"У період з 6 по 12 червня здійснювався цілодобовий моніторинг рівнів води на річках Дніпро, Південний Буг та у Дніпро-Бузькому лимані. Стрімке підвищення рівня води на МГП-І Херсон, що обладнаний самописцем рівня моря, почалося о 04:20 з позначки 535 см над «0» поста. На 08:00 рівень досяг 660 см і перевищив на 10 см небезпечну відмітку. Спостереження за рівнем води було розпочато переносною рейкою кожні 30 хвилин. Були вибрані позначки на місцевості для визначення тенденції підняття рівнів відносно футштока, вимірювання проводились методом ватерпасовки. Через затоплення павільйону самописець рівня моря вийшов з ладу.",v230_mouths
193,147,dam_breach,Херсон,755,"У Херсоні найінтенсивніший підйом рівня води спостерігався у першу добу (рівень 6 червня підвищився на 4,23 м). У наступні дні відбулось поступове зменшення інтенсивності підйому води. Максимального значення рівень води досяг 8 червня 1068 см (5,68 м БС), що на 411 см перевищував максимум за період введення в експлуатацію Каховської ГЕС (657 см, 1956 - 2022 р.р.) та на 267 см максимум за період незарегульованого стоку 1916–1955 р.р. (800 см 18.05.1931р.). Потім почалось поступове зниження рівня на 1-8 см за годину. 16 червня о 20:00 рівень води знизився нижче небезпечної відмітки і досяг 649 см (1,49 м БС). Впродовж наступних 10 днів рівень води в Херсоні продовжував поступово знижуватись до природних значень. 9 липня було відновлено роботу СРМ.",v230_mouths
193,148,dam_breach,Касперівка;Миколаїв;Парутине;Очаків,1185,"У створі поста Касперівка 6 червня почався підйом рівня води, який привів до затоплення прибережних територій та павільону самописця. Припинилась щогодинна реєстрація рівнів води СРВ та спостереження по футштоку. При цьому 7 червня зафіксовано максимальний рівень - 645см, значення сумнівне. З 15 червня відновлено роботу СРВ «Валдай». Відбулось надходження дніпровської води в Дніпро-Бузький лиман та річки Південний Буг і Інгул в районі Миколаєва. Так за першу добу рівень підвищення на 60 см. Опівночі 9 червня сформувався максимальний рівень води 1,07 м над рівнем на 09:00 6 червня, досягнувши відмітки 602 см (1,02 м БС), що призвело до затоплення причалів №1-6 ДП «Адміністрація морських портів України», берегової смуги в 6 мікрорайонах міста. Впродовж 9-14 червня відбувалось зниження рівня з добовою інтенсивністю 9-18 см, надалі інтенсивність зниження зменшилась до 5-6 см за добу. 18 червня рівень води знизився до передпаводкової відмітки. Така ж тенденція ходу рівнів води спостерігалась на морських гідрометеорологічних постах Парутине та Очаків. Максимальні рівні води перевищили значення небезпечних відміток на 59 см в Парутиному (599 см) та 53 см в Очакові (573 см).",v230_mouths
194,149,dam_breach,,110,Рис. 5. Суміщений графік середньодобових рівнів води на постах Дніпро-Бузької гирлової області за червень 2023,v230_mouths
194,150,overview,Касперівка,842,"Льодові умови в гирловій області взимку 2022 - 2023 років. Зима 2022 - 2023 років виявилась доволі теплою. Переважали позитивні значення температури повітря з короткочасними або поодинокими зниженнями температури нижче «0». Найпрохолоднішими були кінець січня - перша декада лютого 2023р., що і посприяло появі перших льодових явищ. Починаючи з другої половини лютого встановився стійкий додатній температурний режим. Згідно прийнятої класифікації зима 2022 - 2023рр. відповідає мʹякому типу. Перша поява льодових явищ відбулась з 1 по 10 лютого 2023р. Це значно пізніше середньобагаторічних дат початку льодових явищ. Льодостав не встановився на жодному із постів. Найбільша товщина льоду - 4 см - відмічалась з 10 по 14 лютого у Касперівці (табл. 2.4.4). Очищення водних обʼєктів від льоду відбувалось 14 - 21 лютого (табл. 2.4.3А, табл.7).",v230_mouths
195,151,overview,Очаків,292,Кількість днів з усіма льодовими явищами склала від 4 до 14 (табл. 7). Це значно менше від середньобагаторічних даних. В Очакові льодові явища взагалі були відсутні. Утворення і руйнування льоду відбувалось без заторно-зажорних та інших небезпечних явищ шляхом замерзання та танення на місці.,v230_mouths
195,152,overview,,9,Таблиця 7,v230_mouths
195,153,overview,,82,Льодові явища на гирлових ділянках річок Дніпро і Південний Буг взимку 2022 - 2023,v230_mouths
195,154,overview,Херсон,167,Водний об'єкт-пункт Період Дата початку льодових явищ Дата очищення від льоду Число днів з усіма льодовими явищами Число днів з льодоставом р. Дніпро – м. Херсон 1956-,v230_mouths
195,155,overview,,11,12.01 24.02,v230_mouths
195,156,overview,,5,2022-,v230_mouths
195,157,overview,Касперівка,68,"10.02 14.02 р. Дніпро, рук. Рвач – с. Кізомис МГП-I Касперівка 1956-",v230_mouths
195,158,overview,,11,25.12 01.03,v230_mouths
195,159,overview,,5,2022-,v230_mouths
195,160,overview,Миколаїв,48,07.02 21.02 р. Південний Буг – м. Миколаїв 1956-,v230_mouths
195,161,overview,,10,15.12 8.03,v230_mouths
195,162,overview,,5,2022-,v230_mouths
195,163,overview,,11,01.02 19.02,v230_mouths
