post_name,post_id,kind,interval_lo_cm,interval_hi_cm,n,pct,exceedance_pct,n_cases_total,basis,raw_row,source_volume,page,table,mean_year_cm,mean_se,range_cm,sd_cm,sd_se,skewness,skew_se,kurtosis,kurt_se
Очаків,ochakiv,gradation,510.0,519.0,31.0,0.4,0.4,8760,hourly,519-510 | 31 | 0.4 | 0.4,v229_seas,39,1.1.2,,,,,,,,,
Очаків,ochakiv,gradation,500.0,509.0,531.0,6.1,6.4,8760,hourly,509-500 | 531 | 6.1 | 6.4,v229_seas,39,1.1.2,,,,,,,,,
Очаків,ochakiv,gradation,490.0,499.0,3050.0,34.8,41.2,8760,hourly,499-490 | 3050 | 34.8 | 41.2,v229_seas,39,1.1.2,,,,,,,,,
Очаків,ochakiv,gradation,480.0,489.0,3103.0,35.4,76.7,8760,hourly,489-480 | 3103 | 35.4 | 76.7,v229_seas,39,1.1.2,,,,,,,,,
Очаків,ochakiv,gradation,470.0,479.0,1532.0,17.5,94.1,8760,hourly,479-470 | 1532 | 17.5 | 94.1,v229_seas,39,1.1.2,,,,,,,,,
Очаків,ochakiv,gradation,460.0,469.0,414.0,4.7,98.9,8760,hourly,469-460 | 414 | 4.7 | 98.9,v229_seas,39,1.1.2,,,,,,,,,
Очаків,ochakiv,gradation,450.0,459.0,99.0,1.1,100.0,8760,hourly,459-450 | 99 | 1.1 | 100,v229_seas,39,1.1.2,,,,,,,,,
Очаків,ochakiv,statistics,,,,,,8760,hourly,486 | 0.11 | 70 | 9.8 | 0.07 | -0.5 | 0.03 | 0.3 | 0.05,v229_seas,39,1.1.2,486.0,0.11,70.0,9.8,0.07,-0.5,0.03,0.3,0.05
Парутине,parutyne,gradation,570.0,,7.0,1.0,1.0,730,term,більше 570 | 7 | 1 | 1,v229_seas,39,1.1.2,,,,,,,,,
Парутине,parutyne,gradation,560.0,569.0,1.0,0.1,1.1,730,term,560-569 | 1 | 0.1 | 1.1,v229_seas,39,1.1.2,,,,,,,,,
Парутине,parutyne,gradation,550.0,559.0,2.0,0.3,1.4,730,term,550-559 | 2 | 0.3 | 1.4,v229_seas,39,1.1.2,,,,,,,,,
Парутине,parutyne,gradation,540.0,549.0,2.0,0.3,1.6,730,term,540-549 | 2 | 0.3 | 1.6,v229_seas,39,1.1.2,,,,,,,,,
Парутине,parutyne,gradation,530.0,539.0,5.0,0.7,2.3,730,term,530-539 | 5 | 0.7 | 2.3,v229_seas,39,1.1.2,,,,,,,,,
Парутине,parutyne,gradation,520.0,529.0,17.0,2.3,4.7,730,term,520-529 | 17 | 2.3 | 4.7,v229_seas,39,1.1.2,,,,,,,,,
Парутине,parutyne,gradation,510.0,519.0,73.0,10.0,14.7,730,term,510-519 | 73 | 10.0 | 14.7,v229_seas,39,1.1.2,,,,,,,,,
Парутине,parutyne,gradation,500.0,509.0,186.0,25.5,40.1,730,term,500-509 | 186 | 25.5 | 40.1,v229_seas,39,1.1.2,,,,,,,,,
Парутине,parutyne,gradation,490.0,499.0,177.0,24.2,64.4,730,term,490-499 | 177 | 24.2 | 64.4,v229_seas,39,1.1.2,,,,,,,,,
Парутине,parutyne,gradation,480.0,489.0,161.0,22.1,86.4,730,term,480-489 | 161 | 22.1 | 86.4,v229_seas,39,1.1.2,,,,,,,,,
Парутине,parutyne,gradation,470.0,479.0,70.0,9.6,96.0,730,term,470-479 | 70 | 9.6 | 96,v229_seas,39,1.1.2,,,,,,,,,
Парутине,parutyne,gradation,460.0,469.0,23.0,3.2,99.2,730,term,460-469 | 23 | 3.2 | 99.2,v229_seas,39,1.1.2,,,,,,,,,
Парутине,parutyne,gradation,450.0,459.0,4.0,0.5,99.7,730,term,450-459 | 4 | 0.5 | 99.7,v229_seas,39,1.1.2,,,,,,,,,
Парутине,parutyne,gradation,440.0,449.0,2.0,0.3,100.0,730,term,440-449 | 2 | 0.3 | 100,v229_seas,39,1.1.2,,,,,,,,,
Парутине,parutyne,statistics,,,,,,730,term,496 | 0.64 | 184 | 17.4 | 0.46 | 1.5 | 0.09 | 7.4 | 0.18,v229_seas,39,1.1.2,496.0,0.64,184.0,17.4,0.46,1.5,0.09,7.4,0.18
