post_name,post_id,period,kind,level_cm,flags,raw,source_volume,page,table,date
Очаків,ochakiv,2023-01,mean,482.0,,482,v229_seas,34,1.1.1,
Очаків,ochakiv,2023-02,mean,474.0,,474,v229_seas,34,1.1.1,
Очаків,ochakiv,2023-03,mean,483.0,,483,v229_seas,34,1.1.1,
Очаків,ochakiv,2023-04,mean,485.0,,485,v229_seas,34,1.1.1,
Очаків,ochakiv,2023-05,mean,495.0,,495,v229_seas,34,1.1.1,
Очаків,ochakiv,2023-06,mean,516.0,,516,v229_seas,34,1.1.1,
Очаків,ochakiv,2023-07,mean,495.0,,495,v229_seas,34,1.1.1,
Очаків,ochakiv,2023-08,mean,487.0,,487,v229_seas,34,1.1.1,
Очаків,ochakiv,2023-09,mean,479.0,,479,v229_seas,34,1.1.1,
Очаків,ochakiv,2023-10,mean,481.0,,481,v229_seas,34,1.1.1,
Очаків,ochakiv,2023-11,mean,480.0,,480,v229_seas,34,1.1.1,
Очаків,ochakiv,2023-12,mean,491.0,,491,v229_seas,34,1.1.1,
Очаків,ochakiv,2023-01,max,508.0,,508,v229_seas,34,1.1.1,
Очаків,ochakiv,2023-02,max,504.0,,504,v229_seas,34,1.1.1,
Очаків,ochakiv,2023-03,max,507.0,,507,v229_seas,34,1.1.1,
Очаків,ochakiv,2023-04,max,506.0,,506,v229_seas,34,1.1.1,
Очаків,ochakiv,2023-05,max,508.0,,508,v229_seas,34,1.1.1,
Очаків,ochakiv,2023-06,max,573.0,,573,v229_seas,34,1.1.1,
Очаків,ochakiv,2023-07,max,516.0,,516,v229_seas,34,1.1.1,
Очаків,ochakiv,2023-08,max,512.0,,512,v229_seas,34,1.1.1,
Очаків,ochakiv,2023-09,max,498.0,,498,v229_seas,34,1.1.1,
Очаків,ochakiv,2023-10,max,513.0,,513,v229_seas,34,1.1.1,
Очаків,ochakiv,2023-11,max,519.0,,519,v229_seas,34,1.1.1,
Очаків,ochakiv,2023-12,max,525.0,,525,v229_seas,34,1.1.1,
Очаків,ochakiv,2023-01,min,451.0,,451,v229_seas,34,1.1.1,
Очаків,ochakiv,2023-02,min,451.0,,451,v229_seas,34,1.1.1,
Очаків,ochakiv,2023-03,min,463.0,,463,v229_seas,34,1.1.1,
Очаків,ochakiv,2023-04,min,455.0,,455,v229_seas,34,1.1.1,
Очаків,ochakiv,2023-05,min,469.0,,469,v229_seas,34,1.1.1,
Очаків,ochakiv,2023-06,min,473.0,,473,v229_seas,34,1.1.1,
Очаків,ochakiv,2023-07,min,461.0,,461,v229_seas,34,1.1.1,
Очаків,ochakiv,2023-08,min,448.0,,448,v229_seas,34,1.1.1,
Очаків,ochakiv,2023-09,min,455.0,,455,v229_seas,34,1.1.1,
Очаків,ochakiv,2023-10,min,447.0,,447,v229_seas,34,1.1.1,
Очаків,ochakiv,2023-11,min,444.0,,444,v229_seas,34,1.1.1,
Очаків,ochakiv,2023-12,min,474.0,,474,v229_seas,34,1.1.1,
Очаків,ochakiv,2023,mean,487.0,,487,v229_seas,34,1.1.1,
Очаків,ochakiv,2023,max,573.0,,573,v229_seas,34,1.1.1,8.06
Очаків,ochakiv,2023,min,444.0,,444,v229_seas,34,1.1.1,27.11
Парутине,parutyne,2023-01,mean,490.0,,490,v229_seas,35,1.1.1,
Парутине,parutyne,2023-02,mean,486.0,,486,v229_seas,35,1.1.1,
Парутине,parutyne,2023-03,mean,494.0,,494,v229_seas,35,1.1.1,
Парутине,parutyne,2023-04,mean,499.0,,499,v229_seas,35,1.1.1,
Парутине,parutyne,2023-05,mean,502.0,,502,v229_seas,35,1.1.1,
Парутине,parutyne,2023-06,mean,525.0,,525,v229_seas,35,1.1.1,
Парутине,parutyne,2023-07,mean,504.0,,504,v229_seas,35,1.1.1,
Парутине,parutyne,2023-08,mean,494.0,,494,v229_seas,35,1.1.1,
Парутине,parutyne,2023-09,mean,485.0,,485,v229_seas,35,1.1.1,
Парутине,parutyne,2023-10,mean,481.0,,481,v229_seas,35,1.1.1,
Парутине,parutyne,2023-11,mean,489.0,,489,v229_seas,35,1.1.1,
Парутине,parutyne,2023-12,mean,505.0,,505,v229_seas,35,1.1.1,
Парутине,parutyne,2023-01,max,516.0,,516,v229_seas,35,1.1.1,
Парутине,parutyne,2023-02,max,516.0,,516,v229_seas,35,1.1.1,
Парутине,parutyne,2023-03,max,523.0,,523,v229_seas,35,1.1.1,
Парутине,parutyne,2023-04,max,518.0,,518,v229_seas,35,1.1.1,
Парутине,parutyne,2023-05,max,511.0,,511,v229_seas,35,1.1.1,
Парутине,parutyne,2023-06,max,598.0,,598,v229_seas,35,1.1.1,
Парутине,parutyne,2023-07,max,525.0,!,525!,v229_seas,35,1.1.1,
Парутине,parutyne,2023-08,max,515.0,,515,v229_seas,35,1.1.1,
Парутине,parutyne,2023-09,max,499.0,,499,v229_seas,35,1.1.1,
Парутине,parutyne,2023-10,max,509.0,,509,v229_seas,35,1.1.1,
Парутине,parutyne,2023-11,max,546.0,,546,v229_seas,35,1.1.1,
Парутине,parutyne,2023-12,max,538.0,!,538!,v229_seas,35,1.1.1,
Парутине,parutyne,2023-01,min,464.0,,464,v229_seas,35,1.1.1,
Парутине,parutyne,2023-02,min,456.0,,456,v229_seas,35,1.1.1,
Парутине,parutyne,2023-03,min,476.0,,476,v229_seas,35,1.1.1,
Парутине,parutyne,2023-04,min,475.0,,475,v229_seas,35,1.1.1,
Парутине,parutyne,2023-05,min,490.0,,490,v229_seas,35,1.1.1,
Парутине,parutyne,2023-06,min,486.0,,486,v229_seas,35,1.1.1,
Парутине,parutyne,2023-07,min,472.0,,472,v229_seas,35,1.1.1,
Парутине,parutyne,2023-08,min,475.0,,475,v229_seas,35,1.1.1,
Парутине,parutyne,2023-09,min,471.0,,471,v229_seas,35,1.1.1,
Парутине,parutyne,2023-10,min,456.0,,456,v229_seas,35,1.1.1,
Парутине,parutyne,2023-11,min,414.0,*,414*,v229_seas,35,1.1.1,
Парутине,parutyne,2023-12,min,480.0,,480,v229_seas,35,1.1.1,
Парутине,parutyne,2023,mean,496.0,,496,v229_seas,35,1.1.1,
Парутине,parutyne,2023,max,598.0,,598,v229_seas,35,1.1.1,8.06
Парутине,parutyne,2023,min,414.0,,414,v229_seas,35,1.1.1,19.11
