post_name,post_id,date,level_cm,flags,flag_meanings,undocumented_flags,not_observed,height_m,zero_of_post_m,height_system,basis,recorder,raw,source_volume,page,table
Очаків,ochakiv,2023-01-01,474.0,,,,False,-0.26,-5.0,БС,hourly,yes,474,v229_seas,34,1.1.1
Очаків,ochakiv,2023-02-01,472.0,,,,False,-0.28,-5.0,БС,hourly,yes,472,v229_seas,34,1.1.1
Очаків,ochakiv,2023-03-01,474.0,,,,False,-0.26,-5.0,БС,hourly,yes,474,v229_seas,34,1.1.1
Очаків,ochakiv,2023-04-01,495.0,,,,False,-0.05,-5.0,БС,hourly,yes,495,v229_seas,34,1.1.1
Очаків,ochakiv,2023-05-01,487.0,,,,False,-0.13,-5.0,БС,hourly,yes,487,v229_seas,34,1.1.1
Очаків,ochakiv,2023-06-01,488.0,,,,False,-0.12,-5.0,БС,hourly,yes,488,v229_seas,34,1.1.1
Очаків,ochakiv,2023-07-01,500.0,,,,False,0.0,-5.0,БС,hourly,yes,500,v229_seas,34,1.1.1
Очаків,ochakiv,2023-08-01,492.0,,,,False,-0.08,-5.0,БС,hourly,yes,492,v229_seas,34,1.1.1
Очаків,ochakiv,2023-09-01,488.0,,,,False,-0.12,-5.0,БС,hourly,yes,488,v229_seas,34,1.1.1
Очаків,ochakiv,2023-10-01,477.0,,,,False,-0.23,-5.0,БС,hourly,yes,477,v229_seas,34,1.1.1
Очаків,ochakiv,2023-11-01,497.0,,,,False,-0.03,-5.0,БС,hourly,yes,497,v229_seas,34,1.1.1
Очаків,ochakiv,2023-12-01,510.0,,,,False,0.1,-5.0,БС,hourly,yes,510,v229_seas,34,1.1.1
Очаків,ochakiv,2023-01-02,479.0,,,,False,-0.21,-5.0,БС,hourly,yes,479,v229_seas,34,1.1.1
Очаків,ochakiv,2023-02-02,478.0,,,,False,-0.22,-5.0,БС,hourly,yes,478,v229_seas,34,1.1.1
Очаків,ochakiv,2023-03-02,468.0,,,,False,-0.32,-5.0,БС,hourly,yes,468,v229_seas,34,1.1.1
Очаків,ochakiv,2023-04-02,501.0,,,,False,0.01,-5.0,БС,hourly,yes,501,v229_seas,34,1.1.1
Очаків,ochakiv,2023-05-02,493.0,,,,False,-0.07,-5.0,БС,hourly,yes,493,v229_seas,34,1.1.1
Очаків,ochakiv,2023-06-02,501.0,,,,False,0.01,-5.0,БС,hourly,yes,501,v229_seas,34,1.1.1
Очаків,ochakiv,2023-07-02,509.0,,,,False,0.09,-5.0,БС,hourly,yes,509,v229_seas,34,1.1.1
Очаків,ochakiv,2023-08-02,493.0,,,,False,-0.07,-5.0,БС,hourly,yes,493,v229_seas,34,1.1.1
Очаків,ochakiv,2023-09-02,478.0,,,,False,-0.22,-5.0,БС,hourly,yes,478,v229_seas,34,1.1.1
Очаків,ochakiv,2023-10-02,471.0,,,,False,-0.29,-5.0,БС,hourly,yes,471,v229_seas,34,1.1.1
Очаків,ochakiv,2023-11-02,480.0,,,,False,-0.2,-5.0,БС,hourly,yes,480,v229_seas,34,1.1.1
Очаків,ochakiv,2023-12-02,511.0,,,,False,0.11,-5.0,БС,hourly,yes,511,v229_seas,34,1.1.1
Очаків,ochakiv,2023-01-03,482.0,,,,False,-0.18,-5.0,БС,hourly,yes,482,v229_seas,34,1.1.1
Очаків,ochakiv,2023-02-03,480.0,,,,False,-0.2,-5.0,БС,hourly,yes,480,v229_seas,34,1.1.1
Очаків,ochakiv,2023-03-03,476.0,,,,False,-0.24,-5.0,БС,hourly,yes,476,v229_seas,34,1.1.1
Очаків,ochakiv,2023-04-03,492.0,,,,False,-0.08,-5.0,БС,hourly,yes,492,v229_seas,34,1.1.1
Очаків,ochakiv,2023-05-03,497.0,,,,False,-0.03,-5.0,БС,hourly,yes,497,v229_seas,34,1.1.1
Очаків,ochakiv,2023-06-03,504.0,,,,False,0.04,-5.0,БС,hourly,yes,504,v229_seas,34,1.1.1
Очаків,ochakiv,2023-07-03,504.0,,,,False,0.04,-5.0,БС,hourly,yes,504,v229_seas,34,1.1.1
Очаків,ochakiv,2023-08-03,494.0,,,,False,-0.06,-5.0,БС,hourly,yes,494,v229_seas,34,1.1.1
Очаків,ochakiv,2023-09-03,478.0,,,,False,-0.22,-5.0,БС,hourly,yes,478,v229_seas,34,1.1.1
Очаків,ochakiv,2023-10-03,476.0,,,,False,-0.24,-5.0,БС,hourly,yes,476,v229_seas,34,1.1.1
Очаків,ochakiv,2023-11-03,478.0,,,,False,-0.22,-5.0,БС,hourly,yes,478,v229_seas,34,1.1.1
Очаків,ochakiv,2023-12-03,502.0,,,,False,0.02,-5.0,БС,hourly,yes,502,v229_seas,34,1.1.1
Очаків,ochakiv,2023-01-04,481.0,,,,False,-0.19,-5.0,БС,hourly,yes,481,v229_seas,34,1.1.1
Очаків,ochakiv,2023-02-04,480.0,,,,False,-0.2,-5.0,БС,hourly,yes,480,v229_seas,34,1.1.1
Очаків,ochakiv,2023-03-04,483.0,,,,False,-0.17,-5.0,БС,hourly,yes,483,v229_seas,34,1.1.1
Очаків,ochakiv,2023-04-04,482.0,,,,False,-0.18,-5.0,БС,hourly,yes,482,v229_seas,34,1.1.1
Очаків,ochakiv,2023-05-04,502.0,,,,False,0.02,-5.0,БС,hourly,yes,502,v229_seas,34,1.1.1
Очаків,ochakiv,2023-06-04,498.0,,,,False,-0.02,-5.0,БС,hourly,yes,498,v229_seas,34,1.1.1
Очаків,ochakiv,2023-07-04,502.0,,,,False,0.02,-5.0,БС,hourly,yes,502,v229_seas,34,1.1.1
Очаків,ochakiv,2023-08-04,497.0,,,,False,-0.03,-5.0,БС,hourly,yes,497,v229_seas,34,1.1.1
Очаків,ochakiv,2023-09-04,480.0,,,,False,-0.2,-5.0,БС,hourly,yes,480,v229_seas,34,1.1.1
Очаків,ochakiv,2023-10-04,486.0,,,,False,-0.14,-5.0,БС,hourly,yes,486,v229_seas,34,1.1.1
Очаків,ochakiv,2023-11-04,475.0,,,,False,-0.25,-5.0,БС,hourly,yes,475,v229_seas,34,1.1.1
Очаків,ochakiv,2023-12-04,494.0,,,,False,-0.06,-5.0,БС,hourly,yes,494,v229_seas,34,1.1.1
Очаків,ochakiv,2023-01-05,485.0,,,,False,-0.15,-5.0,БС,hourly,yes,485,v229_seas,34,1.1.1
Очаків,ochakiv,2023-02-05,474.0,,,,False,-0.26,-5.0,БС,hourly,yes,474,v229_seas,34,1.1.1
Очаків,ochakiv,2023-03-05,477.0,,,,False,-0.23,-5.0,БС,hourly,yes,477,v229_seas,34,1.1.1
Очаків,ochakiv,2023-04-05,471.0,,,,False,-0.29,-5.0,БС,hourly,yes,471,v229_seas,34,1.1.1
Очаків,ochakiv,2023-05-05,500.0,,,,False,0.0,-5.0,БС,hourly,yes,500,v229_seas,34,1.1.1
Очаків,ochakiv,2023-06-05,496.0,,,,False,-0.04,-5.0,БС,hourly,yes,496,v229_seas,34,1.1.1
Очаків,ochakiv,2023-07-05,502.0,,,,False,0.02,-5.0,БС,hourly,yes,502,v229_seas,34,1.1.1
Очаків,ochakiv,2023-08-05,500.0,,,,False,0.0,-5.0,БС,hourly,yes,500,v229_seas,34,1.1.1
Очаків,ochakiv,2023-09-05,477.0,,,,False,-0.23,-5.0,БС,hourly,yes,477,v229_seas,34,1.1.1
Очаків,ochakiv,2023-10-05,483.0,,,,False,-0.17,-5.0,БС,hourly,yes,483,v229_seas,34,1.1.1
Очаків,ochakiv,2023-11-05,485.0,,,,False,-0.15,-5.0,БС,hourly,yes,485,v229_seas,34,1.1.1
Очаків,ochakiv,2023-12-05,482.0,,,,False,-0.18,-5.0,БС,hourly,yes,482,v229_seas,34,1.1.1
Очаків,ochakiv,2023-01-06,486.0,,,,False,-0.14,-5.0,БС,hourly,yes,486,v229_seas,34,1.1.1
Очаків,ochakiv,2023-02-06,461.0,,,,False,-0.39,-5.0,БС,hourly,yes,461,v229_seas,34,1.1.1
Очаків,ochakiv,2023-03-06,475.0,,,,False,-0.25,-5.0,БС,hourly,yes,475,v229_seas,34,1.1.1
Очаків,ochakiv,2023-04-06,485.0,,,,False,-0.15,-5.0,БС,hourly,yes,485,v229_seas,34,1.1.1
Очаків,ochakiv,2023-05-06,491.0,,,,False,-0.09,-5.0,БС,hourly,yes,491,v229_seas,34,1.1.1
Очаків,ochakiv,2023-06-06,509.0,,,,False,0.09,-5.0,БС,hourly,yes,509,v229_seas,34,1.1.1
Очаків,ochakiv,2023-07-06,496.0,,,,False,-0.04,-5.0,БС,hourly,yes,496,v229_seas,34,1.1.1
Очаків,ochakiv,2023-08-06,490.0,,,,False,-0.1,-5.0,БС,hourly,yes,490,v229_seas,34,1.1.1
Очаків,ochakiv,2023-09-06,471.0,,,,False,-0.29,-5.0,БС,hourly,yes,471,v229_seas,34,1.1.1
Очаків,ochakiv,2023-10-06,482.0,,,,False,-0.18,-5.0,БС,hourly,yes,482,v229_seas,34,1.1.1
Очаків,ochakiv,2023-11-06,482.0,,,,False,-0.18,-5.0,БС,hourly,yes,482,v229_seas,34,1.1.1
Очаків,ochakiv,2023-12-06,483.0,,,,False,-0.17,-5.0,БС,hourly,yes,483,v229_seas,34,1.1.1
Очаків,ochakiv,2023-01-07,483.0,,,,False,-0.17,-5.0,БС,hourly,yes,483,v229_seas,34,1.1.1
Очаків,ochakiv,2023-02-07,458.0,,,,False,-0.42,-5.0,БС,hourly,yes,458,v229_seas,34,1.1.1
Очаків,ochakiv,2023-03-07,478.0,,,,False,-0.22,-5.0,БС,hourly,yes,478,v229_seas,34,1.1.1
Очаків,ochakiv,2023-04-07,489.0,,,,False,-0.11,-5.0,БС,hourly,yes,489,v229_seas,34,1.1.1
Очаків,ochakiv,2023-05-07,484.0,,,,False,-0.16,-5.0,БС,hourly,yes,484,v229_seas,34,1.1.1
Очаків,ochakiv,2023-06-07,545.0,,,,False,0.45,-5.0,БС,hourly,yes,545,v229_seas,34,1.1.1
Очаків,ochakiv,2023-07-07,493.0,,,,False,-0.07,-5.0,БС,hourly,yes,493,v229_seas,34,1.1.1
Очаків,ochakiv,2023-08-07,495.0,,,,False,-0.05,-5.0,БС,hourly,yes,495,v229_seas,34,1.1.1
Очаків,ochakiv,2023-09-07,481.0,,,,False,-0.19,-5.0,БС,hourly,yes,481,v229_seas,34,1.1.1
Очаків,ochakiv,2023-10-07,477.0,,,,False,-0.23,-5.0,БС,hourly,yes,477,v229_seas,34,1.1.1
Очаків,ochakiv,2023-11-07,486.0,,,,False,-0.14,-5.0,БС,hourly,yes,486,v229_seas,34,1.1.1
Очаків,ochakiv,2023-12-07,489.0,,,,False,-0.11,-5.0,БС,hourly,yes,489,v229_seas,34,1.1.1
Очаків,ochakiv,2023-01-08,484.0,,,,False,-0.16,-5.0,БС,hourly,yes,484,v229_seas,34,1.1.1
Очаків,ochakiv,2023-02-08,458.0,,,,False,-0.42,-5.0,БС,hourly,yes,458,v229_seas,34,1.1.1
Очаків,ochakiv,2023-03-08,480.0,,,,False,-0.2,-5.0,БС,hourly,yes,480,v229_seas,34,1.1.1
Очаків,ochakiv,2023-04-08,484.0,,,,False,-0.16,-5.0,БС,hourly,yes,484,v229_seas,34,1.1.1
Очаків,ochakiv,2023-05-08,481.0,,,,False,-0.19,-5.0,БС,hourly,yes,481,v229_seas,34,1.1.1
Очаків,ochakiv,2023-06-08,568.0,,,,False,0.68,-5.0,БС,hourly,yes,568,v229_seas,34,1.1.1
Очаків,ochakiv,2023-07-08,478.0,,,,False,-0.22,-5.0,БС,hourly,yes,478,v229_seas,34,1.1.1
Очаків,ochakiv,2023-08-08,494.0,,,,False,-0.06,-5.0,БС,hourly,yes,494,v229_seas,34,1.1.1
Очаків,ochakiv,2023-09-08,471.0,,,,False,-0.29,-5.0,БС,hourly,yes,471,v229_seas,34,1.1.1
Очаків,ochakiv,2023-10-08,475.0,,,,False,-0.25,-5.0,БС,hourly,yes,475,v229_seas,34,1.1.1
Очаків,ochakiv,2023-11-08,488.0,,,,False,-0.12,-5.0,БС,hourly,yes,488,v229_seas,34,1.1.1
Очаків,ochakiv,2023-12-08,481.0,,,,False,-0.19,-5.0,БС,hourly,yes,481,v229_seas,34,1.1.1
Очаків,ochakiv,2023-01-09,494.0,,,,False,-0.06,-5.0,БС,hourly,yes,494,v229_seas,34,1.1.1
Очаків,ochakiv,2023-02-09,456.0,,,,False,-0.44,-5.0,БС,hourly,yes,456,v229_seas,34,1.1.1
Очаків,ochakiv,2023-03-09,490.0,,,,False,-0.1,-5.0,БС,hourly,yes,490,v229_seas,34,1.1.1
Очаків,ochakiv,2023-04-09,479.0,,,,False,-0.21,-5.0,БС,hourly,yes,479,v229_seas,34,1.1.1
Очаків,ochakiv,2023-05-09,481.0,,,,False,-0.19,-5.0,БС,hourly,yes,481,v229_seas,34,1.1.1
Очаків,ochakiv,2023-06-09,569.0,,,,False,0.69,-5.0,БС,hourly,yes,569,v229_seas,34,1.1.1
Очаків,ochakiv,2023-07-09,469.0,,,,False,-0.31,-5.0,БС,hourly,yes,469,v229_seas,34,1.1.1
Очаків,ochakiv,2023-08-09,481.0,,,,False,-0.19,-5.0,БС,hourly,yes,481,v229_seas,34,1.1.1
Очаків,ochakiv,2023-09-09,471.0,,,,False,-0.29,-5.0,БС,hourly,yes,471,v229_seas,34,1.1.1
Очаків,ochakiv,2023-10-09,467.0,,,,False,-0.33,-5.0,БС,hourly,yes,467,v229_seas,34,1.1.1
Очаків,ochakiv,2023-11-09,473.0,,,,False,-0.27,-5.0,БС,hourly,yes,473,v229_seas,34,1.1.1
Очаків,ochakiv,2023-12-09,489.0,,,,False,-0.11,-5.0,БС,hourly,yes,489,v229_seas,34,1.1.1
Очаків,ochakiv,2023-01-10,495.0,,,,False,-0.05,-5.0,БС,hourly,yes,495,v229_seas,34,1.1.1
Очаків,ochakiv,2023-02-10,461.0,,,,False,-0.39,-5.0,БС,hourly,yes,461,v229_seas,34,1.1.1
Очаків,ochakiv,2023-03-10,491.0,,,,False,-0.09,-5.0,БС,hourly,yes,491,v229_seas,34,1.1.1
Очаків,ochakiv,2023-04-10,473.0,,,,False,-0.27,-5.0,БС,hourly,yes,473,v229_seas,34,1.1.1
Очаків,ochakiv,2023-05-10,492.0,,,,False,-0.08,-5.0,БС,hourly,yes,492,v229_seas,34,1.1.1
Очаків,ochakiv,2023-06-10,559.0,,,,False,0.59,-5.0,БС,hourly,yes,559,v229_seas,34,1.1.1
Очаків,ochakiv,2023-07-10,480.0,,,,False,-0.2,-5.0,БС,hourly,yes,480,v229_seas,34,1.1.1
Очаків,ochakiv,2023-08-10,468.0,,,,False,-0.32,-5.0,БС,hourly,yes,468,v229_seas,34,1.1.1
Очаків,ochakiv,2023-09-10,485.0,,,,False,-0.15,-5.0,БС,hourly,yes,485,v229_seas,34,1.1.1
Очаків,ochakiv,2023-10-10,466.0,,,,False,-0.34,-5.0,БС,hourly,yes,466,v229_seas,34,1.1.1
Очаків,ochakiv,2023-11-10,472.0,,,,False,-0.28,-5.0,БС,hourly,yes,472,v229_seas,34,1.1.1
Очаків,ochakiv,2023-12-10,488.0,,,,False,-0.12,-5.0,БС,hourly,yes,488,v229_seas,34,1.1.1
Очаків,ochakiv,2023-01-11,492.0,,,,False,-0.08,-5.0,БС,hourly,yes,492,v229_seas,34,1.1.1
Очаків,ochakiv,2023-02-11,458.0,,,,False,-0.42,-5.0,БС,hourly,yes,458,v229_seas,34,1.1.1
Очаків,ochakiv,2023-03-11,491.0,,,,False,-0.09,-5.0,БС,hourly,yes,491,v229_seas,34,1.1.1
Очаків,ochakiv,2023-04-11,466.0,,,,False,-0.34,-5.0,БС,hourly,yes,466,v229_seas,34,1.1.1
Очаків,ochakiv,2023-05-11,502.0,,,,False,0.02,-5.0,БС,hourly,yes,502,v229_seas,34,1.1.1
Очаків,ochakiv,2023-06-11,544.0,,,,False,0.44,-5.0,БС,hourly,yes,544,v229_seas,34,1.1.1
Очаків,ochakiv,2023-07-11,491.0,,,,False,-0.09,-5.0,БС,hourly,yes,491,v229_seas,34,1.1.1
Очаків,ochakiv,2023-08-11,474.0,,,,False,-0.26,-5.0,БС,hourly,yes,474,v229_seas,34,1.1.1
Очаків,ochakiv,2023-09-11,485.0,,,,False,-0.15,-5.0,БС,hourly,yes,485,v229_seas,34,1.1.1
Очаків,ochakiv,2023-10-11,474.0,,,,False,-0.26,-5.0,БС,hourly,yes,474,v229_seas,34,1.1.1
Очаків,ochakiv,2023-11-11,487.0,,,,False,-0.13,-5.0,БС,hourly,yes,487,v229_seas,34,1.1.1
Очаків,ochakiv,2023-12-11,487.0,,,,False,-0.13,-5.0,БС,hourly,yes,487,v229_seas,34,1.1.1
Очаків,ochakiv,2023-01-12,484.0,,,,False,-0.16,-5.0,БС,hourly,yes,484,v229_seas,34,1.1.1
Очаків,ochakiv,2023-02-12,468.0,,,,False,-0.32,-5.0,БС,hourly,yes,468,v229_seas,34,1.1.1
Очаків,ochakiv,2023-03-12,487.0,,,,False,-0.13,-5.0,БС,hourly,yes,487,v229_seas,34,1.1.1
Очаків,ochakiv,2023-04-12,480.0,,,,False,-0.2,-5.0,БС,hourly,yes,480,v229_seas,34,1.1.1
Очаків,ochakiv,2023-05-12,503.0,,,,False,0.03,-5.0,БС,hourly,yes,503,v229_seas,34,1.1.1
Очаків,ochakiv,2023-06-12,529.0,,,,False,0.29,-5.0,БС,hourly,yes,529,v229_seas,34,1.1.1
Очаків,ochakiv,2023-07-12,492.0,,,,False,-0.08,-5.0,БС,hourly,yes,492,v229_seas,34,1.1.1
Очаків,ochakiv,2023-08-12,472.0,,,,False,-0.28,-5.0,БС,hourly,yes,472,v229_seas,34,1.1.1
Очаків,ochakiv,2023-09-12,484.0,,,,False,-0.16,-5.0,БС,hourly,yes,484,v229_seas,34,1.1.1
Очаків,ochakiv,2023-10-12,482.0,,,,False,-0.18,-5.0,БС,hourly,yes,482,v229_seas,34,1.1.1
Очаків,ochakiv,2023-11-12,492.0,,,,False,-0.08,-5.0,БС,hourly,yes,492,v229_seas,34,1.1.1
Очаків,ochakiv,2023-12-12,493.0,,,,False,-0.07,-5.0,БС,hourly,yes,493,v229_seas,34,1.1.1
Очаків,ochakiv,2023-01-13,481.0,,,,False,-0.19,-5.0,БС,hourly,yes,481,v229_seas,34,1.1.1
Очаків,ochakiv,2023-02-13,478.0,,,,False,-0.22,-5.0,БС,hourly,yes,478,v229_seas,34,1.1.1
Очаків,ochakiv,2023-03-13,479.0,,,,False,-0.21,-5.0,БС,hourly,yes,479,v229_seas,34,1.1.1
Очаків,ochakiv,2023-04-13,485.0,,,,False,-0.15,-5.0,БС,hourly,yes,485,v229_seas,34,1.1.1
Очаків,ochakiv,2023-05-13,497.0,,,,False,-0.03,-5.0,БС,hourly,yes,497,v229_seas,34,1.1.1
Очаків,ochakiv,2023-06-13,526.0,,,,False,0.26,-5.0,БС,hourly,yes,526,v229_seas,34,1.1.1
Очаків,ochakiv,2023-07-13,494.0,,,,False,-0.06,-5.0,БС,hourly,yes,494,v229_seas,34,1.1.1
Очаків,ochakiv,2023-08-13,479.0,,,,False,-0.21,-5.0,БС,hourly,yes,479,v229_seas,34,1.1.1
Очаків,ochakiv,2023-09-13,490.0,,,,False,-0.1,-5.0,БС,hourly,yes,490,v229_seas,34,1.1.1
Очаків,ochakiv,2023-10-13,487.0,,,,False,-0.13,-5.0,БС,hourly,yes,487,v229_seas,34,1.1.1
Очаків,ochakiv,2023-11-13,482.0,,,,False,-0.18,-5.0,БС,hourly,yes,482,v229_seas,34,1.1.1
Очаків,ochakiv,2023-12-13,493.0,,,,False,-0.07,-5.0,БС,hourly,yes,493,v229_seas,34,1.1.1
Очаків,ochakiv,2023-01-14,478.0,,,,False,-0.22,-5.0,БС,hourly,yes,478,v229_seas,34,1.1.1
Очаків,ochakiv,2023-02-14,480.0,,,,False,-0.2,-5.0,БС,hourly,yes,480,v229_seas,34,1.1.1
Очаків,ochakiv,2023-03-14,490.0,,,,False,-0.1,-5.0,БС,hourly,yes,490,v229_seas,34,1.1.1
Очаків,ochakiv,2023-04-14,492.0,,,,False,-0.08,-5.0,БС,hourly,yes,492,v229_seas,34,1.1.1
Очаків,ochakiv,2023-05-14,500.0,,,,False,0.0,-5.0,БС,hourly,yes,500,v229_seas,34,1.1.1
Очаків,ochakiv,2023-06-14,522.0,,,,False,0.22,-5.0,БС,hourly,yes,522,v229_seas,34,1.1.1
Очаків,ochakiv,2023-07-14,496.0,,,,False,-0.04,-5.0,БС,hourly,yes,496,v229_seas,34,1.1.1
Очаків,ochakiv,2023-08-14,483.0,,,,False,-0.17,-5.0,БС,hourly,yes,483,v229_seas,34,1.1.1
Очаків,ochakiv,2023-09-14,491.0,,,,False,-0.09,-5.0,БС,hourly,yes,491,v229_seas,34,1.1.1
Очаків,ochakiv,2023-10-14,481.0,,,,False,-0.19,-5.0,БС,hourly,yes,481,v229_seas,34,1.1.1
Очаків,ochakiv,2023-11-14,488.0,,,,False,-0.12,-5.0,БС,hourly,yes,488,v229_seas,34,1.1.1
Очаків,ochakiv,2023-12-14,499.0,,,,False,-0.01,-5.0,БС,hourly,yes,499,v229_seas,34,1.1.1
Очаків,ochakiv,2023-01-15,473.0,,,,False,-0.27,-5.0,БС,hourly,yes,473,v229_seas,34,1.1.1
Очаків,ochakiv,2023-02-15,477.0,,,,False,-0.23,-5.0,БС,hourly,yes,477,v229_seas,34,1.1.1
Очаків,ochakiv,2023-03-15,490.0,,,,False,-0.1,-5.0,БС,hourly,yes,490,v229_seas,34,1.1.1
Очаків,ochakiv,2023-04-15,493.0,,,,False,-0.07,-5.0,БС,hourly,yes,493,v229_seas,34,1.1.1
Очаків,ochakiv,2023-05-15,503.0,,,,False,0.03,-5.0,БС,hourly,yes,503,v229_seas,34,1.1.1
Очаків,ochakiv,2023-06-15,518.0,,,,False,0.18,-5.0,БС,hourly,yes,518,v229_seas,34,1.1.1
Очаків,ochakiv,2023-07-15,492.0,,,,False,-0.08,-5.0,БС,hourly,yes,492,v229_seas,34,1.1.1
Очаків,ochakiv,2023-08-15,482.0,,,,False,-0.18,-5.0,БС,hourly,yes,482,v229_seas,34,1.1.1
Очаків,ochakiv,2023-09-15,495.0,,,,False,-0.05,-5.0,БС,hourly,yes,495,v229_seas,34,1.1.1
Очаків,ochakiv,2023-10-15,482.0,,,,False,-0.18,-5.0,БС,hourly,yes,482,v229_seas,34,1.1.1
Очаків,ochakiv,2023-11-15,480.0,,,,False,-0.2,-5.0,БС,hourly,yes,480,v229_seas,34,1.1.1
Очаків,ochakiv,2023-12-15,498.0,,,,False,-0.02,-5.0,БС,hourly,yes,498,v229_seas,34,1.1.1
Очаків,ochakiv,2023-01-16,476.0,,,,False,-0.24,-5.0,БС,hourly,yes,476,v229_seas,34,1.1.1
Очаків,ochakiv,2023-02-16,472.0,,,,False,-0.28,-5.0,БС,hourly,yes,472,v229_seas,34,1.1.1
Очаків,ochakiv,2023-03-16,491.0,,,,False,-0.09,-5.0,БС,hourly,yes,491,v229_seas,34,1.1.1
Очаків,ochakiv,2023-04-16,478.0,,,,False,-0.22,-5.0,БС,hourly,yes,478,v229_seas,34,1.1.1
Очаків,ochakiv,2023-05-16,503.0,,,,False,0.03,-5.0,БС,hourly,yes,503,v229_seas,34,1.1.1
Очаків,ochakiv,2023-06-16,514.0,,,,False,0.14,-5.0,БС,hourly,yes,514,v229_seas,34,1.1.1
Очаків,ochakiv,2023-07-16,490.0,,,,False,-0.1,-5.0,БС,hourly,yes,490,v229_seas,34,1.1.1
Очаків,ochakiv,2023-08-16,488.0,,,,False,-0.12,-5.0,БС,hourly,yes,488,v229_seas,34,1.1.1
Очаків,ochakiv,2023-09-16,479.0,,,,False,-0.21,-5.0,БС,hourly,yes,479,v229_seas,34,1.1.1
Очаків,ochakiv,2023-10-16,473.0,,,,False,-0.27,-5.0,БС,hourly,yes,473,v229_seas,34,1.1.1
Очаків,ochakiv,2023-11-16,482.0,,,,False,-0.18,-5.0,БС,hourly,yes,482,v229_seas,34,1.1.1
Очаків,ochakiv,2023-12-16,491.0,,,,False,-0.09,-5.0,БС,hourly,yes,491,v229_seas,34,1.1.1
Очаків,ochakiv,2023-01-17,488.0,,,,False,-0.12,-5.0,БС,hourly,yes,488,v229_seas,34,1.1.1
Очаків,ochakiv,2023-02-17,477.0,,,,False,-0.23,-5.0,БС,hourly,yes,477,v229_seas,34,1.1.1
Очаків,ochakiv,2023-03-17,483.0,,,,False,-0.17,-5.0,БС,hourly,yes,483,v229_seas,34,1.1.1
Очаків,ochakiv,2023-04-17,476.0,,,,False,-0.24,-5.0,БС,hourly,yes,476,v229_seas,34,1.1.1
Очаків,ochakiv,2023-05-17,497.0,,,,False,-0.03,-5.0,БС,hourly,yes,497,v229_seas,34,1.1.1
Очаків,ochakiv,2023-06-17,511.0,,,,False,0.11,-5.0,БС,hourly,yes,511,v229_seas,34,1.1.1
Очаків,ochakiv,2023-07-17,489.0,,,,False,-0.11,-5.0,БС,hourly,yes,489,v229_seas,34,1.1.1
Очаків,ochakiv,2023-08-17,482.0,,,,False,-0.18,-5.0,БС,hourly,yes,482,v229_seas,34,1.1.1
Очаків,ochakiv,2023-09-17,474.0,,,,False,-0.26,-5.0,БС,hourly,yes,474,v229_seas,34,1.1.1
Очаків,ochakiv,2023-10-17,459.0,,,,False,-0.41,-5.0,БС,hourly,yes,459,v229_seas,34,1.1.1
Очаків,ochakiv,2023-11-17,478.0,,,,False,-0.22,-5.0,БС,hourly,yes,478,v229_seas,34,1.1.1
Очаків,ochakiv,2023-12-17,491.0,,,,False,-0.09,-5.0,БС,hourly,yes,491,v229_seas,34,1.1.1
Очаків,ochakiv,2023-01-18,501.0,,,,False,0.01,-5.0,БС,hourly,yes,501,v229_seas,34,1.1.1
Очаків,ochakiv,2023-02-18,485.0,,,,False,-0.15,-5.0,БС,hourly,yes,485,v229_seas,34,1.1.1
Очаків,ochakiv,2023-03-18,475.0,,,,False,-0.25,-5.0,БС,hourly,yes,475,v229_seas,34,1.1.1
Очаків,ochakiv,2023-04-18,492.0,,,,False,-0.08,-5.0,БС,hourly,yes,492,v229_seas,34,1.1.1
Очаків,ochakiv,2023-05-18,495.0,,,,False,-0.05,-5.0,БС,hourly,yes,495,v229_seas,34,1.1.1
Очаків,ochakiv,2023-06-18,510.0,,,,False,0.1,-5.0,БС,hourly,yes,510,v229_seas,34,1.1.1
Очаків,ochakiv,2023-07-18,495.0,,,,False,-0.05,-5.0,БС,hourly,yes,495,v229_seas,34,1.1.1
Очаків,ochakiv,2023-08-18,484.0,,,,False,-0.16,-5.0,БС,hourly,yes,484,v229_seas,34,1.1.1
Очаків,ochakiv,2023-09-18,479.0,,,,False,-0.21,-5.0,БС,hourly,yes,479,v229_seas,34,1.1.1
Очаків,ochakiv,2023-10-18,471.0,,,,False,-0.29,-5.0,БС,hourly,yes,471,v229_seas,34,1.1.1
Очаків,ochakiv,2023-11-18,477.0,,,,False,-0.23,-5.0,БС,hourly,yes,477,v229_seas,34,1.1.1
Очаків,ochakiv,2023-12-18,492.0,,,,False,-0.08,-5.0,БС,hourly,yes,492,v229_seas,34,1.1.1
Очаків,ochakiv,2023-01-19,500.0,,,,False,0.0,-5.0,БС,hourly,yes,500,v229_seas,34,1.1.1
Очаків,ochakiv,2023-02-19,484.0,,,,False,-0.16,-5.0,БС,hourly,yes,484,v229_seas,34,1.1.1
Очаків,ochakiv,2023-03-19,471.0,,,,False,-0.29,-5.0,БС,hourly,yes,471,v229_seas,34,1.1.1
Очаків,ochakiv,2023-04-19,491.0,,,,False,-0.09,-5.0,БС,hourly,yes,491,v229_seas,34,1.1.1
Очаків,ochakiv,2023-05-19,491.0,,,,False,-0.09,-5.0,БС,hourly,yes,491,v229_seas,34,1.1.1
Очаків,ochakiv,2023-06-19,509.0,,,,False,0.09,-5.0,БС,hourly,yes,509,v229_seas,34,1.1.1
Очаків,ochakiv,2023-07-19,501.0,,,,False,0.01,-5.0,БС,hourly,yes,501,v229_seas,34,1.1.1
Очаків,ochakiv,2023-08-19,485.0,,,,False,-0.15,-5.0,БС,hourly,yes,485,v229_seas,34,1.1.1
Очаків,ochakiv,2023-09-19,481.0,,,,False,-0.19,-5.0,БС,hourly,yes,481,v229_seas,34,1.1.1
Очаків,ochakiv,2023-10-19,471.0,,,,False,-0.29,-5.0,БС,hourly,yes,471,v229_seas,34,1.1.1
Очаків,ochakiv,2023-11-19,456.0,,,,False,-0.44,-5.0,БС,hourly,yes,456,v229_seas,34,1.1.1
Очаків,ochakiv,2023-12-19,483.0,,,,False,-0.17,-5.0,БС,hourly,yes,483,v229_seas,34,1.1.1
Очаків,ochakiv,2023-01-20,496.0,,,,False,-0.04,-5.0,БС,hourly,yes,496,v229_seas,34,1.1.1
Очаків,ochakiv,2023-02-20,480.0,,,,False,-0.2,-5.0,БС,hourly,yes,480,v229_seas,34,1.1.1
Очаків,ochakiv,2023-03-20,471.0,,,,False,-0.29,-5.0,БС,hourly,yes,471,v229_seas,34,1.1.1
Очаків,ochakiv,2023-04-20,490.0,,,,False,-0.1,-5.0,БС,hourly,yes,490,v229_seas,34,1.1.1
Очаків,ochakiv,2023-05-20,493.0,,,,False,-0.07,-5.0,БС,hourly,yes,493,v229_seas,34,1.1.1
Очаків,ochakiv,2023-06-20,509.0,,,,False,0.09,-5.0,БС,hourly,yes,509,v229_seas,34,1.1.1
Очаків,ochakiv,2023-07-20,503.0,,,,False,0.03,-5.0,БС,hourly,yes,503,v229_seas,34,1.1.1
Очаків,ochakiv,2023-08-20,483.0,,,,False,-0.17,-5.0,БС,hourly,yes,483,v229_seas,34,1.1.1
Очаків,ochakiv,2023-09-20,485.0,,,,False,-0.15,-5.0,БС,hourly,yes,485,v229_seas,34,1.1.1
Очаків,ochakiv,2023-10-20,496.0,,,,False,-0.04,-5.0,БС,hourly,yes,496,v229_seas,34,1.1.1
Очаків,ochakiv,2023-11-20,465.0,,,,False,-0.35,-5.0,БС,hourly,yes,465,v229_seas,34,1.1.1
Очаків,ochakiv,2023-12-20,491.0,,,,False,-0.09,-5.0,БС,hourly,yes,491,v229_seas,34,1.1.1
Очаків,ochakiv,2023-01-21,493.0,,,,False,-0.07,-5.0,БС,hourly,yes,493,v229_seas,34,1.1.1
Очаків,ochakiv,2023-02-21,478.0,,,,False,-0.22,-5.0,БС,hourly,yes,478,v229_seas,34,1.1.1
Очаків,ochakiv,2023-03-21,479.0,,,,False,-0.21,-5.0,БС,hourly,yes,479,v229_seas,34,1.1.1
Очаків,ochakiv,2023-04-21,484.0,,,,False,-0.16,-5.0,БС,hourly,yes,484,v229_seas,34,1.1.1
Очаків,ochakiv,2023-05-21,495.0,,,,False,-0.05,-5.0,БС,hourly,yes,495,v229_seas,34,1.1.1
Очаків,ochakiv,2023-06-21,509.0,,,,False,0.09,-5.0,БС,hourly,yes,509,v229_seas,34,1.1.1
Очаків,ochakiv,2023-07-21,501.0,,,,False,0.01,-5.0,БС,hourly,yes,501,v229_seas,34,1.1.1
Очаків,ochakiv,2023-08-21,481.0,,,,False,-0.19,-5.0,БС,hourly,yes,481,v229_seas,34,1.1.1
Очаків,ochakiv,2023-09-21,490.0,,,,False,-0.1,-5.0,БС,hourly,yes,490,v229_seas,34,1.1.1
Очаків,ochakiv,2023-10-21,499.0,,,,False,-0.01,-5.0,БС,hourly,yes,499,v229_seas,34,1.1.1
Очаків,ochakiv,2023-11-21,474.0,,,,False,-0.26,-5.0,БС,hourly,yes,474,v229_seas,34,1.1.1
Очаків,ochakiv,2023-12-21,496.0,,,,False,-0.04,-5.0,БС,hourly,yes,496,v229_seas,34,1.1.1
Очаків,ochakiv,2023-01-22,487.0,,,,False,-0.13,-5.0,БС,hourly,yes,487,v229_seas,34,1.1.1
Очаків,ochakiv,2023-02-22,468.0,,,,False,-0.32,-5.0,БС,hourly,yes,468,v229_seas,34,1.1.1
Очаків,ochakiv,2023-03-22,488.0,,,,False,-0.12,-5.0,БС,hourly,yes,488,v229_seas,34,1.1.1
Очаків,ochakiv,2023-04-22,484.0,,,,False,-0.16,-5.0,БС,hourly,yes,484,v229_seas,34,1.1.1
Очаків,ochakiv,2023-05-22,493.0,,,,False,-0.07,-5.0,БС,hourly,yes,493,v229_seas,34,1.1.1
Очаків,ochakiv,2023-06-22,507.0,,,,False,0.07,-5.0,БС,hourly,yes,507,v229_seas,34,1.1.1
Очаків,ochakiv,2023-07-22,505.0,,,,False,0.05,-5.0,БС,hourly,yes,505,v229_seas,34,1.1.1
Очаків,ochakiv,2023-08-22,489.0,,,,False,-0.11,-5.0,БС,hourly,yes,489,v229_seas,34,1.1.1
Очаків,ochakiv,2023-09-22,483.0,,,,False,-0.17,-5.0,БС,hourly,yes,483,v229_seas,34,1.1.1
Очаків,ochakiv,2023-10-22,489.0,,,,False,-0.11,-5.0,БС,hourly,yes,489,v229_seas,34,1.1.1
Очаків,ochakiv,2023-11-22,473.0,,,,False,-0.27,-5.0,БС,hourly,yes,473,v229_seas,34,1.1.1
Очаків,ochakiv,2023-12-22,495.0,,,,False,-0.05,-5.0,БС,hourly,yes,495,v229_seas,34,1.1.1
Очаків,ochakiv,2023-01-23,482.0,,,,False,-0.18,-5.0,БС,hourly,yes,482,v229_seas,34,1.1.1
Очаків,ochakiv,2023-02-23,458.0,,,,False,-0.42,-5.0,БС,hourly,yes,458,v229_seas,34,1.1.1
Очаків,ochakiv,2023-03-23,482.0,,,,False,-0.18,-5.0,БС,hourly,yes,482,v229_seas,34,1.1.1
Очаків,ochakiv,2023-04-23,493.0,,,,False,-0.07,-5.0,БС,hourly,yes,493,v229_seas,34,1.1.1
Очаків,ochakiv,2023-05-23,491.0,,,,False,-0.09,-5.0,БС,hourly,yes,491,v229_seas,34,1.1.1
Очаків,ochakiv,2023-06-23,509.0,,,,False,0.09,-5.0,БС,hourly,yes,509,v229_seas,34,1.1.1
Очаків,ochakiv,2023-07-23,502.0,,,,False,0.02,-5.0,БС,hourly,yes,502,v229_seas,34,1.1.1
Очаків,ochakiv,2023-08-23,492.0,,,,False,-0.08,-5.0,БС,hourly,yes,492,v229_seas,34,1.1.1
Очаків,ochakiv,2023-09-23,479.0,,,,False,-0.21,-5.0,БС,hourly,yes,479,v229_seas,34,1.1.1
Очаків,ochakiv,2023-10-23,488.0,,,,False,-0.12,-5.0,БС,hourly,yes,488,v229_seas,34,1.1.1
Очаків,ochakiv,2023-11-23,466.0,,,,False,-0.34,-5.0,БС,hourly,yes,466,v229_seas,34,1.1.1
Очаків,ochakiv,2023-12-23,489.0,,,,False,-0.11,-5.0,БС,hourly,yes,489,v229_seas,34,1.1.1
Очаків,ochakiv,2023-01-24,479.0,,,,False,-0.21,-5.0,БС,hourly,yes,479,v229_seas,34,1.1.1
Очаків,ochakiv,2023-02-24,473.0,,,,False,-0.27,-5.0,БС,hourly,yes,473,v229_seas,34,1.1.1
Очаків,ochakiv,2023-03-24,482.0,,,,False,-0.18,-5.0,БС,hourly,yes,482,v229_seas,34,1.1.1
Очаків,ochakiv,2023-04-24,489.0,,,,False,-0.11,-5.0,БС,hourly,yes,489,v229_seas,34,1.1.1
Очаків,ochakiv,2023-05-24,496.0,,,,False,-0.04,-5.0,БС,hourly,yes,496,v229_seas,34,1.1.1
Очаків,ochakiv,2023-06-24,510.0,,,,False,0.1,-5.0,БС,hourly,yes,510,v229_seas,34,1.1.1
Очаків,ochakiv,2023-07-24,501.0,,,,False,0.01,-5.0,БС,hourly,yes,501,v229_seas,34,1.1.1
Очаків,ochakiv,2023-08-24,491.0,,,,False,-0.09,-5.0,БС,hourly,yes,491,v229_seas,34,1.1.1
Очаків,ochakiv,2023-09-24,482.0,,,,False,-0.18,-5.0,БС,hourly,yes,482,v229_seas,34,1.1.1
Очаків,ochakiv,2023-10-24,480.0,,,,False,-0.2,-5.0,БС,hourly,yes,480,v229_seas,34,1.1.1
Очаків,ochakiv,2023-11-24,485.0,,,,False,-0.15,-5.0,БС,hourly,yes,485,v229_seas,34,1.1.1
Очаків,ochakiv,2023-12-24,488.0,,,,False,-0.12,-5.0,БС,hourly,yes,488,v229_seas,34,1.1.1
Очаків,ochakiv,2023-01-25,476.0,,,,False,-0.24,-5.0,БС,hourly,yes,476,v229_seas,34,1.1.1
Очаків,ochakiv,2023-02-25,496.0,,,,False,-0.04,-5.0,БС,hourly,yes,496,v229_seas,34,1.1.1
Очаків,ochakiv,2023-03-25,490.0,,,,False,-0.1,-5.0,БС,hourly,yes,490,v229_seas,34,1.1.1
Очаків,ochakiv,2023-04-25,485.0,,,,False,-0.15,-5.0,БС,hourly,yes,485,v229_seas,34,1.1.1
Очаків,ochakiv,2023-05-25,497.0,,,,False,-0.03,-5.0,БС,hourly,yes,497,v229_seas,34,1.1.1
Очаків,ochakiv,2023-06-25,506.0,,,,False,0.06,-5.0,БС,hourly,yes,506,v229_seas,34,1.1.1
Очаків,ochakiv,2023-07-25,504.0,,,,False,0.04,-5.0,БС,hourly,yes,504,v229_seas,34,1.1.1
Очаків,ochakiv,2023-08-25,491.0,,,,False,-0.09,-5.0,БС,hourly,yes,491,v229_seas,34,1.1.1
Очаків,ochakiv,2023-09-25,479.0,,,,False,-0.21,-5.0,БС,hourly,yes,479,v229_seas,34,1.1.1
Очаків,ochakiv,2023-10-25,486.0,,,,False,-0.14,-5.0,БС,hourly,yes,486,v229_seas,34,1.1.1
Очаків,ochakiv,2023-11-25,491.0,,,,False,-0.09,-5.0,БС,hourly,yes,491,v229_seas,34,1.1.1
Очаків,ochakiv,2023-12-25,481.0,,,,False,-0.19,-5.0,БС,hourly,yes,481,v229_seas,34,1.1.1
Очаків,ochakiv,2023-01-26,475.0,,,,False,-0.25,-5.0,БС,hourly,yes,475,v229_seas,34,1.1.1
Очаків,ochakiv,2023-02-26,494.0,,,,False,-0.06,-5.0,БС,hourly,yes,494,v229_seas,34,1.1.1
Очаків,ochakiv,2023-03-26,494.0,,,,False,-0.06,-5.0,БС,hourly,yes,494,v229_seas,34,1.1.1
Очаків,ochakiv,2023-04-26,492.0,,,,False,-0.08,-5.0,БС,hourly,yes,492,v229_seas,34,1.1.1
Очаків,ochakiv,2023-05-26,502.0,,,,False,0.02,-5.0,БС,hourly,yes,502,v229_seas,34,1.1.1
Очаків,ochakiv,2023-06-26,505.0,,,,False,0.05,-5.0,БС,hourly,yes,505,v229_seas,34,1.1.1
Очаків,ochakiv,2023-07-26,510.0,,,,False,0.1,-5.0,БС,hourly,yes,510,v229_seas,34,1.1.1
Очаків,ochakiv,2023-08-26,493.0,,,,False,-0.07,-5.0,БС,hourly,yes,493,v229_seas,34,1.1.1
Очаків,ochakiv,2023-09-26,466.0,,,,False,-0.34,-5.0,БС,hourly,yes,466,v229_seas,34,1.1.1
Очаків,ochakiv,2023-10-26,487.0,,,,False,-0.13,-5.0,БС,hourly,yes,487,v229_seas,34,1.1.1
Очаків,ochakiv,2023-11-26,468.0,,,,False,-0.32,-5.0,БС,hourly,yes,468,v229_seas,34,1.1.1
Очаків,ochakiv,2023-12-26,483.0,,,,False,-0.17,-5.0,БС,hourly,yes,483,v229_seas,34,1.1.1
Очаків,ochakiv,2023-01-27,477.0,,,,False,-0.23,-5.0,БС,hourly,yes,477,v229_seas,34,1.1.1
Очаків,ochakiv,2023-02-27,488.0,,,,False,-0.12,-5.0,БС,hourly,yes,488,v229_seas,34,1.1.1
Очаків,ochakiv,2023-03-27,496.0,,,,False,-0.04,-5.0,БС,hourly,yes,496,v229_seas,34,1.1.1
Очаків,ochakiv,2023-04-27,485.0,,,,False,-0.15,-5.0,БС,hourly,yes,485,v229_seas,34,1.1.1
Очаків,ochakiv,2023-05-27,503.0,,,,False,0.03,-5.0,БС,hourly,yes,503,v229_seas,34,1.1.1
Очаків,ochakiv,2023-06-27,503.0,,,,False,0.03,-5.0,БС,hourly,yes,503,v229_seas,34,1.1.1
Очаків,ochakiv,2023-07-27,504.0,,,,False,0.04,-5.0,БС,hourly,yes,504,v229_seas,34,1.1.1
Очаків,ochakiv,2023-08-27,493.0,,,,False,-0.07,-5.0,БС,hourly,yes,493,v229_seas,34,1.1.1
Очаків,ochakiv,2023-09-27,466.0,,,,False,-0.34,-5.0,БС,hourly,yes,466,v229_seas,34,1.1.1
Очаків,ochakiv,2023-10-27,485.0,,,,False,-0.15,-5.0,БС,hourly,yes,485,v229_seas,34,1.1.1
Очаків,ochakiv,2023-11-27,452.0,,,,False,-0.48,-5.0,БС,hourly,yes,452,v229_seas,34,1.1.1
Очаків,ochakiv,2023-12-27,488.0,,,,False,-0.12,-5.0,БС,hourly,yes,488,v229_seas,34,1.1.1
Очаків,ochakiv,2023-01-28,468.0,,,,False,-0.32,-5.0,БС,hourly,yes,468,v229_seas,34,1.1.1
Очаків,ochakiv,2023-02-28,480.0,,,,False,-0.2,-5.0,БС,hourly,yes,480,v229_seas,34,1.1.1
Очаків,ochakiv,2023-03-28,496.0,,,,False,-0.04,-5.0,БС,hourly,yes,496,v229_seas,34,1.1.1
Очаків,ochakiv,2023-04-28,477.0,,,,False,-0.23,-5.0,БС,hourly,yes,477,v229_seas,34,1.1.1
Очаків,ochakiv,2023-05-28,501.0,,,,False,0.01,-5.0,БС,hourly,yes,501,v229_seas,34,1.1.1
Очаків,ochakiv,2023-06-28,504.0,,,,False,0.04,-5.0,БС,hourly,yes,504,v229_seas,34,1.1.1
Очаків,ochakiv,2023-07-28,488.0,,,,False,-0.12,-5.0,БС,hourly,yes,488,v229_seas,34,1.1.1
Очаків,ochakiv,2023-08-28,492.0,,,,False,-0.08,-5.0,БС,hourly,yes,492,v229_seas,34,1.1.1
Очаків,ochakiv,2023-09-28,470.0,,,,False,-0.3,-5.0,БС,hourly,yes,470,v229_seas,34,1.1.1
Очаків,ochakiv,2023-10-28,481.0,,,,False,-0.19,-5.0,БС,hourly,yes,481,v229_seas,34,1.1.1
Очаків,ochakiv,2023-11-28,478.0,,,,False,-0.22,-5.0,БС,hourly,yes,478,v229_seas,34,1.1.1
Очаків,ochakiv,2023-12-28,484.0,,,,False,-0.16,-5.0,БС,hourly,yes,484,v229_seas,34,1.1.1
Очаків,ochakiv,2023-01-29,456.0,,,,False,-0.44,-5.0,БС,hourly,yes,456,v229_seas,34,1.1.1
Очаків,ochakiv,2023-03-29,488.0,,,,False,-0.12,-5.0,БС,hourly,yes,488,v229_seas,34,1.1.1
Очаків,ochakiv,2023-04-29,478.0,,,,False,-0.22,-5.0,БС,hourly,yes,478,v229_seas,34,1.1.1
Очаків,ochakiv,2023-05-29,495.0,,,,False,-0.05,-5.0,БС,hourly,yes,495,v229_seas,34,1.1.1
Очаків,ochakiv,2023-06-29,503.0,,,,False,0.03,-5.0,БС,hourly,yes,503,v229_seas,34,1.1.1
Очаків,ochakiv,2023-07-29,484.0,,,,False,-0.16,-5.0,БС,hourly,yes,484,v229_seas,34,1.1.1
Очаків,ochakiv,2023-08-29,487.0,,,,False,-0.13,-5.0,БС,hourly,yes,487,v229_seas,34,1.1.1
Очаків,ochakiv,2023-09-29,468.0,,,,False,-0.32,-5.0,БС,hourly,yes,468,v229_seas,34,1.1.1
Очаків,ochakiv,2023-10-29,484.0,,,,False,-0.16,-5.0,БС,hourly,yes,484,v229_seas,34,1.1.1
Очаків,ochakiv,2023-11-29,513.0,,,,False,0.13,-5.0,БС,hourly,yes,513,v229_seas,34,1.1.1
Очаків,ochakiv,2023-12-29,487.0,,,,False,-0.13,-5.0,БС,hourly,yes,487,v229_seas,34,1.1.1
Очаків,ochakiv,2023-01-30,465.0,,,,False,-0.35,-5.0,БС,hourly,yes,465,v229_seas,34,1.1.1
Очаків,ochakiv,2023-03-30,476.0,,,,False,-0.24,-5.0,БС,hourly,yes,476,v229_seas,34,1.1.1
Очаків,ochakiv,2023-04-30,480.0,,,,False,-0.2,-5.0,БС,hourly,yes,480,v229_seas,34,1.1.1
Очаків,ochakiv,2023-05-30,489.0,,,,False,-0.11,-5.0,БС,hourly,yes,489,v229_seas,34,1.1.1
Очаків,ochakiv,2023-06-30,504.0,,,,False,0.04,-5.0,БС,hourly,yes,504,v229_seas,34,1.1.1
Очаків,ochakiv,2023-07-30,491.0,,,,False,-0.09,-5.0,БС,hourly,yes,491,v229_seas,34,1.1.1
Очаків,ochakiv,2023-08-30,486.0,,,,False,-0.14,-5.0,БС,hourly,yes,486,v229_seas,34,1.1.1
Очаків,ochakiv,2023-09-30,469.0,,,,False,-0.31,-5.0,БС,hourly,yes,469,v229_seas,34,1.1.1
Очаків,ochakiv,2023-10-30,490.0,,,,False,-0.1,-5.0,БС,hourly,yes,490,v229_seas,34,1.1.1
Очаків,ochakiv,2023-11-30,507.0,,,,False,0.07,-5.0,БС,hourly,yes,507,v229_seas,34,1.1.1
Очаків,ochakiv,2023-12-30,485.0,,,,False,-0.15,-5.0,БС,hourly,yes,485,v229_seas,34,1.1.1
Очаків,ochakiv,2023-01-31,475.0,,,,False,-0.25,-5.0,БС,hourly,yes,475,v229_seas,34,1.1.1
Очаків,ochakiv,2023-03-31,478.0,,,,False,-0.22,-5.0,БС,hourly,yes,478,v229_seas,34,1.1.1
Очаків,ochakiv,2023-05-31,481.0,,,,False,-0.19,-5.0,БС,hourly,yes,481,v229_seas,34,1.1.1
Очаків,ochakiv,2023-07-31,493.0,,,,False,-0.07,-5.0,БС,hourly,yes,493,v229_seas,34,1.1.1
Очаків,ochakiv,2023-08-31,490.0,,,,False,-0.1,-5.0,БС,hourly,yes,490,v229_seas,34,1.1.1
Очаків,ochakiv,2023-10-31,495.0,,,,False,-0.05,-5.0,БС,hourly,yes,495,v229_seas,34,1.1.1
Очаків,ochakiv,2023-12-31,489.0,,,,False,-0.11,-5.0,БС,hourly,yes,489,v229_seas,34,1.1.1
Парутине,parutyne,2023-01-01,499.0,,,,False,-0.01,-5.0,БС,term,no,499,v229_seas,35,1.1.1
Парутине,parutyne,2023-02-01,486.0,,,,False,-0.14,-5.0,БС,term,no,486,v229_seas,35,1.1.1
Парутине,parutyne,2023-03-01,486.0,,,,False,-0.14,-5.0,БС,term,no,486,v229_seas,35,1.1.1
Парутине,parutyne,2023-04-01,507.0,,,,False,0.07,-5.0,БС,term,no,507,v229_seas,35,1.1.1
Парутине,parutyne,2023-05-01,504.0,,,,False,0.04,-5.0,БС,term,no,504,v229_seas,35,1.1.1
Парутине,parutyne,2023-06-01,505.0,,,,False,0.05,-5.0,БС,term,no,505,v229_seas,35,1.1.1
Парутине,parutyne,2023-07-01,513.0,,,,False,0.13,-5.0,БС,term,no,513,v229_seas,35,1.1.1
Парутине,parutyne,2023-08-01,503.0,,,,False,0.03,-5.0,БС,term,no,503,v229_seas,35,1.1.1
Парутине,parutyne,2023-09-01,495.0,,,,False,-0.05,-5.0,БС,term,no,495,v229_seas,35,1.1.1
Парутине,parutyne,2023-10-01,479.0,,,,False,-0.21,-5.0,БС,term,no,479,v229_seas,35,1.1.1
Парутине,parutyne,2023-11-01,483.0,,,,False,-0.17,-5.0,БС,term,no,483,v229_seas,35,1.1.1
Парутине,parutyne,2023-12-01,530.0,,,,False,0.3,-5.0,БС,term,no,530,v229_seas,35,1.1.1
Парутине,parutyne,2023-01-02,498.0,,,,False,-0.02,-5.0,БС,term,no,498,v229_seas,35,1.1.1
Парутине,parutyne,2023-02-02,490.0,,,,False,-0.1,-5.0,БС,term,no,490,v229_seas,35,1.1.1
Парутине,parutyne,2023-03-02,483.0,,,,False,-0.17,-5.0,БС,term,no,483,v229_seas,35,1.1.1
Парутине,parutyne,2023-04-02,507.0,,,,False,0.07,-5.0,БС,term,no,507,v229_seas,35,1.1.1
Парутине,parutyne,2023-05-02,501.0,,,,False,0.01,-5.0,БС,term,no,501,v229_seas,35,1.1.1
Парутине,parutyne,2023-06-02,510.0,,,,False,0.1,-5.0,БС,term,no,510,v229_seas,35,1.1.1
Парутине,parutyne,2023-07-02,513.0,,,,False,0.13,-5.0,БС,term,no,513,v229_seas,35,1.1.1
Парутине,parutyne,2023-08-02,508.0,,,,False,0.08,-5.0,БС,term,no,508,v229_seas,35,1.1.1
Парутине,parutyne,2023-09-02,486.0,,,,False,-0.14,-5.0,БС,term,no,486,v229_seas,35,1.1.1
Парутине,parutyne,2023-10-02,466.0,,,,False,-0.34,-5.0,БС,term,no,466,v229_seas,35,1.1.1
Парутине,parutyne,2023-11-02,471.0,,,,False,-0.29,-5.0,БС,term,no,471,v229_seas,35,1.1.1
Парутине,parutyne,2023-12-02,511.0,,,,False,0.11,-5.0,БС,term,no,511,v229_seas,35,1.1.1
Парутине,parutyne,2023-01-03,502.0,,,,False,0.02,-5.0,БС,term,no,502,v229_seas,35,1.1.1
Парутине,parutyne,2023-02-03,491.0,,,,False,-0.09,-5.0,БС,term,no,491,v229_seas,35,1.1.1
Парутине,parutyne,2023-03-03,487.0,,,,False,-0.13,-5.0,БС,term,no,487,v229_seas,35,1.1.1
Парутине,parutyne,2023-04-03,503.0,,,,False,0.03,-5.0,БС,term,no,503,v229_seas,35,1.1.1
Парутине,parutyne,2023-05-03,504.0,,,,False,0.04,-5.0,БС,term,no,504,v229_seas,35,1.1.1
Парутине,parutyne,2023-06-03,501.0,,,,False,0.01,-5.0,БС,term,no,501,v229_seas,35,1.1.1
Парутине,parutyne,2023-07-03,511.0,,,,False,0.11,-5.0,БС,term,no,511,v229_seas,35,1.1.1
Парутине,parutyne,2023-08-03,503.0,,,,False,0.03,-5.0,БС,term,no,503,v229_seas,35,1.1.1
Парутине,parutyne,2023-09-03,487.0,,,,False,-0.13,-5.0,БС,term,no,487,v229_seas,35,1.1.1
Парутине,parutyne,2023-10-03,477.0,,,,False,-0.23,-5.0,БС,term,no,477,v229_seas,35,1.1.1
Парутине,parutyne,2023-11-03,478.0,,,,False,-0.22,-5.0,БС,term,no,478,v229_seas,35,1.1.1
Парутине,parutyne,2023-12-03,507.0,,,,False,0.07,-5.0,БС,term,no,507,v229_seas,35,1.1.1
Парутине,parutyne,2023-01-04,488.0,,,,False,-0.12,-5.0,БС,term,no,488,v229_seas,35,1.1.1
Парутине,parutyne,2023-02-04,489.0,,,,False,-0.11,-5.0,БС,term,no,489,v229_seas,35,1.1.1
Парутине,parutyne,2023-03-04,482.0,,,,False,-0.18,-5.0,БС,term,no,482,v229_seas,35,1.1.1
Парутине,parutyne,2023-04-04,491.0,,,,False,-0.09,-5.0,БС,term,no,491,v229_seas,35,1.1.1
Парутине,parutyne,2023-05-04,505.0,,,,False,0.05,-5.0,БС,term,no,505,v229_seas,35,1.1.1
Парутине,parutyne,2023-06-04,495.0,,,,False,-0.05,-5.0,БС,term,no,495,v229_seas,35,1.1.1
Парутине,parutyne,2023-07-04,506.0,,,,False,0.06,-5.0,БС,term,no,506,v229_seas,35,1.1.1
Парутине,parutyne,2023-08-04,498.0,,,,False,-0.02,-5.0,БС,term,no,498,v229_seas,35,1.1.1
Парутине,parutyne,2023-09-04,479.0,,,,False,-0.21,-5.0,БС,term,no,479,v229_seas,35,1.1.1
Парутине,parutyne,2023-10-04,485.0,,,,False,-0.15,-5.0,БС,term,no,485,v229_seas,35,1.1.1
Парутине,parutyne,2023-11-04,498.0,,,,False,-0.02,-5.0,БС,term,no,498,v229_seas,35,1.1.1
Парутине,parutyne,2023-12-04,494.0,,,,False,-0.06,-5.0,БС,term,no,494,v229_seas,35,1.1.1
Парутине,parutyne,2023-01-05,508.0,,,,False,0.08,-5.0,БС,term,no,508,v229_seas,35,1.1.1
Парутине,parutyne,2023-02-05,471.0,,,,False,-0.29,-5.0,БС,term,no,471,v229_seas,35,1.1.1
Парутине,parutyne,2023-03-05,487.0,,,,False,-0.13,-5.0,БС,term,no,487,v229_seas,35,1.1.1
Парутине,parutyne,2023-04-05,501.0,,,,False,0.01,-5.0,БС,term,no,501,v229_seas,35,1.1.1
Парутине,parutyne,2023-05-05,507.0,,,,False,0.07,-5.0,БС,term,no,507,v229_seas,35,1.1.1
Парутине,parutyne,2023-06-05,497.0,,,,False,-0.03,-5.0,БС,term,no,497,v229_seas,35,1.1.1
Парутине,parutyne,2023-07-05,497.0,,,,False,-0.03,-5.0,БС,term,no,497,v229_seas,35,1.1.1
Парутине,parutyne,2023-08-05,491.0,,,,False,-0.09,-5.0,БС,term,no,491,v229_seas,35,1.1.1
Парутине,parutyne,2023-09-05,479.0,,,,False,-0.21,-5.0,БС,term,no,479,v229_seas,35,1.1.1
Парутине,parutyne,2023-10-05,472.0,,,,False,-0.28,-5.0,БС,term,no,472,v229_seas,35,1.1.1
Парутине,parutyne,2023-11-05,502.0,,,,False,0.02,-5.0,БС,term,no,502,v229_seas,35,1.1.1
Парутине,parutyne,2023-12-05,503.0,,,,False,0.03,-5.0,БС,term,no,503,v229_seas,35,1.1.1
Парутине,parutyne,2023-01-06,483.0,,,,False,-0.17,-5.0,БС,term,no,483,v229_seas,35,1.1.1
Парутине,parutyne,2023-02-06,460.0,,,,False,-0.4,-5.0,БС,term,no,460,v229_seas,35,1.1.1
Парутине,parutyne,2023-03-06,487.0,,,,False,-0.13,-5.0,БС,term,no,487,v229_seas,35,1.1.1
Парутине,parutyne,2023-04-06,515.0,,,,False,0.15,-5.0,БС,term,no,515,v229_seas,35,1.1.1
Парутине,parutyne,2023-05-06,493.0,,,,False,-0.07,-5.0,БС,term,no,493,v229_seas,35,1.1.1
Парутине,parutyne,2023-06-06,515.0,,,,False,0.15,-5.0,БС,term,no,515,v229_seas,35,1.1.1
Парутине,parutyne,2023-07-06,500.0,,,,False,0.0,-5.0,БС,term,no,500,v229_seas,35,1.1.1
Парутине,parutyne,2023-08-06,488.0,,,,False,-0.12,-5.0,БС,term,no,488,v229_seas,35,1.1.1
Парутине,parutyne,2023-09-06,484.0,,,,False,-0.16,-5.0,БС,term,no,484,v229_seas,35,1.1.1
Парутине,parutyne,2023-10-06,475.0,,,,False,-0.25,-5.0,БС,term,no,475,v229_seas,35,1.1.1
Парутине,parutyne,2023-11-06,494.0,,,,False,-0.06,-5.0,БС,term,no,494,v229_seas,35,1.1.1
Парутине,parutyne,2023-12-06,495.0,,,,False,-0.05,-5.0,БС,term,no,495,v229_seas,35,1.1.1
Парутине,parutyne,2023-01-07,485.0,,,,False,-0.15,-5.0,БС,term,no,485,v229_seas,35,1.1.1
Парутине,parutyne,2023-02-07,467.0,,,,False,-0.33,-5.0,БС,term,no,467,v229_seas,35,1.1.1
Парутине,parutyne,2023-03-07,502.0,,,,False,0.02,-5.0,БС,term,no,502,v229_seas,35,1.1.1
Парутине,parutyne,2023-04-07,499.0,,,,False,-0.01,-5.0,БС,term,no,499,v229_seas,35,1.1.1
Парутине,parutyne,2023-05-07,496.0,,,,False,-0.04,-5.0,БС,term,no,496,v229_seas,35,1.1.1
Парутине,parutyne,2023-06-07,568.0,,,,False,0.68,-5.0,БС,term,no,568,v229_seas,35,1.1.1
Парутине,parutyne,2023-07-07,498.0,,,,False,-0.02,-5.0,БС,term,no,498,v229_seas,35,1.1.1
Парутине,parutyne,2023-08-07,512.0,,,,False,0.12,-5.0,БС,term,no,512,v229_seas,35,1.1.1
Парутине,parutyne,2023-09-07,483.0,,,,False,-0.17,-5.0,БС,term,no,483,v229_seas,35,1.1.1
Парутине,parutyne,2023-10-07,487.0,,,,False,-0.13,-5.0,БС,term,no,487,v229_seas,35,1.1.1
Парутине,parutyne,2023-11-07,486.0,,,,False,-0.14,-5.0,БС,term,no,486,v229_seas,35,1.1.1
Парутине,parutyne,2023-12-07,495.0,,,,False,-0.05,-5.0,БС,term,no,495,v229_seas,35,1.1.1
Парутине,parutyne,2023-01-08,487.0,,,,False,-0.13,-5.0,БС,term,no,487,v229_seas,35,1.1.1
Парутине,parutyne,2023-02-08,465.0,,,,False,-0.35,-5.0,БС,term,no,465,v229_seas,35,1.1.1
Парутине,parutyne,2023-03-08,501.0,,,,False,0.01,-5.0,БС,term,no,501,v229_seas,35,1.1.1
Парутине,parutyne,2023-04-08,501.0,,,,False,0.01,-5.0,БС,term,no,501,v229_seas,35,1.1.1
Парутине,parutyne,2023-05-08,502.0,,,,False,0.02,-5.0,БС,term,no,502,v229_seas,35,1.1.1
Парутине,parutyne,2023-06-08,595.0,,,,False,0.95,-5.0,БС,term,no,595,v229_seas,35,1.1.1
Парутине,parutyne,2023-07-08,486.0,,,,False,-0.14,-5.0,БС,term,no,486,v229_seas,35,1.1.1
Парутине,parutyne,2023-08-08,484.0,,,,False,-0.16,-5.0,БС,term,no,484,v229_seas,35,1.1.1
Парутине,parutyne,2023-09-08,480.0,,,,False,-0.2,-5.0,БС,term,no,480,v229_seas,35,1.1.1
Парутине,parutyne,2023-10-08,477.0,,,,False,-0.23,-5.0,БС,term,no,477,v229_seas,35,1.1.1
Парутине,parutyne,2023-11-08,501.0,,,,False,0.01,-5.0,БС,term,no,501,v229_seas,35,1.1.1
Парутине,parutyne,2023-12-08,491.0,,,,False,-0.09,-5.0,БС,term,no,491,v229_seas,35,1.1.1
Парутине,parutyne,2023-01-09,499.0,,,,False,-0.01,-5.0,БС,term,no,499,v229_seas,35,1.1.1
Парутине,parutyne,2023-02-09,487.0,,,,False,-0.13,-5.0,БС,term,no,487,v229_seas,35,1.1.1
Парутине,parutyne,2023-03-09,501.0,,,,False,0.01,-5.0,БС,term,no,501,v229_seas,35,1.1.1
Парутине,parutyne,2023-04-09,497.0,,,,False,-0.03,-5.0,БС,term,no,497,v229_seas,35,1.1.1
Парутине,parutyne,2023-05-09,499.0,,,,False,-0.01,-5.0,БС,term,no,499,v229_seas,35,1.1.1
Парутине,parutyne,2023-06-09,595.0,,,,False,0.95,-5.0,БС,term,no,595,v229_seas,35,1.1.1
Парутине,parutyne,2023-07-09,478.0,,,,False,-0.22,-5.0,БС,term,no,478,v229_seas,35,1.1.1
Парутине,parutyne,2023-08-09,485.0,,,,False,-0.15,-5.0,БС,term,no,485,v229_seas,35,1.1.1
Парутине,parutyne,2023-09-09,487.0,,,,False,-0.13,-5.0,БС,term,no,487,v229_seas,35,1.1.1
Парутине,parutyne,2023-10-09,468.0,,,,False,-0.32,-5.0,БС,term,no,468,v229_seas,35,1.1.1
Парутине,parutyne,2023-11-09,475.0,,,,False,-0.25,-5.0,БС,term,no,475,v229_seas,35,1.1.1
Парутине,parutyne,2023-12-09,485.0,,,,False,-0.15,-5.0,БС,term,no,485,v229_seas,35,1.1.1
Парутине,parutyne,2023-01-10,490.0,,,,False,-0.1,-5.0,БС,term,no,490,v229_seas,35,1.1.1
Парутине,parutyne,2023-02-10,489.0,,,,False,-0.11,-5.0,БС,term,no,489,v229_seas,35,1.1.1
Парутине,parutyne,2023-03-10,496.0,,,,False,-0.04,-5.0,БС,term,no,496,v229_seas,35,1.1.1
Парутине,parutyne,2023-04-10,487.0,,,,False,-0.13,-5.0,БС,term,no,487,v229_seas,35,1.1.1
Парутине,parutyne,2023-05-10,502.0,,,,False,0.02,-5.0,БС,term,no,502,v229_seas,35,1.1.1
Парутине,parutyne,2023-06-10,581.0,,,,False,0.81,-5.0,БС,term,no,581,v229_seas,35,1.1.1
Парутине,parutyne,2023-07-10,500.0,,,,False,0.0,-5.0,БС,term,no,500,v229_seas,35,1.1.1
Парутине,parutyne,2023-08-10,483.0,,,,False,-0.17,-5.0,БС,term,no,483,v229_seas,35,1.1.1
Парутине,parutyne,2023-09-10,492.0,,,,False,-0.08,-5.0,БС,term,no,492,v229_seas,35,1.1.1
Парутине,parutyne,2023-10-10,478.0,,,,False,-0.22,-5.0,БС,term,no,478,v229_seas,35,1.1.1
Парутине,parutyne,2023-11-10,489.0,,,,False,-0.11,-5.0,БС,term,no,489,v229_seas,35,1.1.1
Парутине,parutyne,2023-12-10,500.0,,,,False,0.0,-5.0,БС,term,no,500,v229_seas,35,1.1.1
Парутине,parutyne,2023-01-11,473.0,,,,False,-0.27,-5.0,БС,term,no,473,v229_seas,35,1.1.1
Парутине,parutyne,2023-02-11,485.0,,,,False,-0.15,-5.0,БС,term,no,485,v229_seas,35,1.1.1
Парутине,parutyne,2023-03-11,508.0,,,,False,0.08,-5.0,БС,term,no,508,v229_seas,35,1.1.1
Парутине,parutyne,2023-04-11,490.0,,,,False,-0.1,-5.0,БС,term,no,490,v229_seas,35,1.1.1
Парутине,parutyne,2023-05-11,498.0,,,,False,-0.02,-5.0,БС,term,no,498,v229_seas,35,1.1.1
Парутине,parutyne,2023-06-11,561.0,,,,False,0.61,-5.0,БС,term,no,561,v229_seas,35,1.1.1
Парутине,parutyne,2023-07-11,506.0,,,,False,0.06,-5.0,БС,term,no,506,v229_seas,35,1.1.1
Парутине,parutyne,2023-08-11,484.0,,,,False,-0.16,-5.0,БС,term,no,484,v229_seas,35,1.1.1
Парутине,parutyne,2023-09-11,489.0,,,,False,-0.11,-5.0,БС,term,no,489,v229_seas,35,1.1.1
Парутине,parutyne,2023-10-11,481.0,,,,False,-0.19,-5.0,БС,term,no,481,v229_seas,35,1.1.1
Парутине,parutyne,2023-11-11,504.0,,,,False,0.04,-5.0,БС,term,no,504,v229_seas,35,1.1.1
Парутине,parutyne,2023-12-11,501.0,,,,False,0.01,-5.0,БС,term,no,501,v229_seas,35,1.1.1
Парутине,parutyne,2023-01-12,484.0,,,,False,-0.16,-5.0,БС,term,no,484,v229_seas,35,1.1.1
Парутине,parutyne,2023-02-12,479.0,,,,False,-0.21,-5.0,БС,term,no,479,v229_seas,35,1.1.1
Парутине,parutyne,2023-03-12,492.0,,,,False,-0.08,-5.0,БС,term,no,492,v229_seas,35,1.1.1
Парутине,parutyne,2023-04-12,500.0,,,,False,0.0,-5.0,БС,term,no,500,v229_seas,35,1.1.1
Парутине,parutyne,2023-05-12,496.0,,,,False,-0.04,-5.0,БС,term,no,496,v229_seas,35,1.1.1
Парутине,parutyne,2023-06-12,543.0,,,,False,0.43,-5.0,БС,term,no,543,v229_seas,35,1.1.1
Парутине,parutyne,2023-07-12,504.0,,,,False,0.04,-5.0,БС,term,no,504,v229_seas,35,1.1.1
Парутине,parutyne,2023-08-12,493.0,,,,False,-0.07,-5.0,БС,term,no,493,v229_seas,35,1.1.1
Парутине,parutyne,2023-09-12,492.0,,,,False,-0.08,-5.0,БС,term,no,492,v229_seas,35,1.1.1
Парутине,parutyne,2023-10-12,486.0,,,,False,-0.14,-5.0,БС,term,no,486,v229_seas,35,1.1.1
Парутине,parutyne,2023-11-12,519.0,,,,False,0.19,-5.0,БС,term,no,519,v229_seas,35,1.1.1
Парутине,parutyne,2023-12-12,497.0,,,,False,-0.03,-5.0,БС,term,no,497,v229_seas,35,1.1.1
Парутине,parutyne,2023-01-13,482.0,,,,False,-0.18,-5.0,БС,term,no,482,v229_seas,35,1.1.1
Парутине,parutyne,2023-02-13,479.0,,,,False,-0.21,-5.0,БС,term,no,479,v229_seas,35,1.1.1
Парутине,parutyne,2023-03-13,490.0,,,,False,-0.1,-5.0,БС,term,no,490,v229_seas,35,1.1.1
Парутине,parutyne,2023-04-13,501.0,,,,False,0.01,-5.0,БС,term,no,501,v229_seas,35,1.1.1
Парутине,parutyne,2023-05-13,498.0,,,,False,-0.02,-5.0,БС,term,no,498,v229_seas,35,1.1.1
Парутине,parutyne,2023-06-13,536.0,,,,False,0.36,-5.0,БС,term,no,536,v229_seas,35,1.1.1
Парутине,parutyne,2023-07-13,512.0,,,,False,0.12,-5.0,БС,term,no,512,v229_seas,35,1.1.1
Парутине,parutyne,2023-08-13,497.0,,,,False,-0.03,-5.0,БС,term,no,497,v229_seas,35,1.1.1
Парутине,parutyne,2023-09-13,493.0,,,,False,-0.07,-5.0,БС,term,no,493,v229_seas,35,1.1.1
Парутине,parutyne,2023-10-13,483.0,,,,False,-0.17,-5.0,БС,term,no,483,v229_seas,35,1.1.1
Парутине,parutyne,2023-11-13,486.0,,,,False,-0.14,-5.0,БС,term,no,486,v229_seas,35,1.1.1
Парутине,parutyne,2023-12-13,506.0,,,,False,0.06,-5.0,БС,term,no,506,v229_seas,35,1.1.1
Парутине,parutyne,2023-01-14,488.0,,,,False,-0.12,-5.0,БС,term,no,488,v229_seas,35,1.1.1
Парутине,parutyne,2023-02-14,475.0,,,,False,-0.25,-5.0,БС,term,no,475,v229_seas,35,1.1.1
Парутине,parutyne,2023-03-14,496.0,,,,False,-0.04,-5.0,БС,term,no,496,v229_seas,35,1.1.1
Парутине,parutyne,2023-04-14,499.0,,,,False,-0.01,-5.0,БС,term,no,499,v229_seas,35,1.1.1
Парутине,parutyne,2023-05-14,505.0,,,,False,0.05,-5.0,БС,term,no,505,v229_seas,35,1.1.1
Парутине,parutyne,2023-06-14,527.0,,,,False,0.27,-5.0,БС,term,no,527,v229_seas,35,1.1.1
Парутине,parutyne,2023-07-14,514.0,,,,False,0.14,-5.0,БС,term,no,514,v229_seas,35,1.1.1
Парутине,parutyne,2023-08-14,488.0,,,,False,-0.12,-5.0,БС,term,no,488,v229_seas,35,1.1.1
Парутине,parutyne,2023-09-14,499.0,,,,False,-0.01,-5.0,БС,term,no,499,v229_seas,35,1.1.1
Парутине,parutyne,2023-10-14,481.0,,,,False,-0.19,-5.0,БС,term,no,481,v229_seas,35,1.1.1
Парутине,parutyne,2023-11-14,505.0,,,,False,0.05,-5.0,БС,term,no,505,v229_seas,35,1.1.1
Парутине,parutyne,2023-12-14,529.0,,,,False,0.29,-5.0,БС,term,no,529,v229_seas,35,1.1.1
Парутине,parutyne,2023-01-15,490.0,,,,False,-0.1,-5.0,БС,term,no,490,v229_seas,35,1.1.1
Парутине,parutyne,2023-02-15,473.0,,,,False,-0.27,-5.0,БС,term,no,473,v229_seas,35,1.1.1
Парутине,parutyne,2023-03-15,498.0,,,,False,-0.02,-5.0,БС,term,no,498,v229_seas,35,1.1.1
Парутине,parutyne,2023-04-15,500.0,,,,False,0.0,-5.0,БС,term,no,500,v229_seas,35,1.1.1
Парутине,parutyne,2023-05-15,507.0,,,,False,0.07,-5.0,БС,term,no,507,v229_seas,35,1.1.1
Парутине,parutyne,2023-06-15,525.0,,,,False,0.25,-5.0,БС,term,no,525,v229_seas,35,1.1.1
Парутине,parutyne,2023-07-15,507.0,,,,False,0.07,-5.0,БС,term,no,507,v229_seas,35,1.1.1
Парутине,parutyne,2023-08-15,488.0,,,,False,-0.12,-5.0,БС,term,no,488,v229_seas,35,1.1.1
Парутине,parutyne,2023-09-15,495.0,,,,False,-0.05,-5.0,БС,term,no,495,v229_seas,35,1.1.1
Парутине,parutyne,2023-10-15,486.0,,,,False,-0.14,-5.0,БС,term,no,486,v229_seas,35,1.1.1
Парутине,parutyne,2023-11-15,494.0,,,,False,-0.06,-5.0,БС,term,no,494,v229_seas,35,1.1.1
Парутине,parutyne,2023-12-15,486.0,,,,False,-0.14,-5.0,БС,term,no,486,v229_seas,35,1.1.1
Парутине,parutyne,2023-01-16,496.0,,,,False,-0.04,-5.0,БС,term,no,496,v229_seas,35,1.1.1
Парутине,parutyne,2023-02-16,487.0,,,,False,-0.13,-5.0,БС,term,no,487,v229_seas,35,1.1.1
Парутине,parutyne,2023-03-16,489.0,,,,False,-0.11,-5.0,БС,term,no,489,v229_seas,35,1.1.1
Парутине,parutyne,2023-04-16,501.0,,,,False,0.01,-5.0,БС,term,no,501,v229_seas,35,1.1.1
Парутине,parutyne,2023-05-16,505.0,,,,False,0.05,-5.0,БС,term,no,505,v229_seas,35,1.1.1
Парутине,parutyne,2023-06-16,521.0,,,,False,0.21,-5.0,БС,term,no,521,v229_seas,35,1.1.1
Парутине,parutyne,2023-07-16,507.0,,,,False,0.07,-5.0,БС,term,no,507,v229_seas,35,1.1.1
Парутине,parutyne,2023-08-16,491.0,,,,False,-0.09,-5.0,БС,term,no,491,v229_seas,35,1.1.1
Парутине,parutyne,2023-09-16,481.0,,,,False,-0.19,-5.0,БС,term,no,481,v229_seas,35,1.1.1
Парутине,parutyne,2023-10-16,460.0,,,,False,-0.4,-5.0,БС,term,no,460,v229_seas,35,1.1.1
Парутине,parutyne,2023-11-16,479.0,,,,False,-0.21,-5.0,БС,term,no,479,v229_seas,35,1.1.1
Парутине,parutyne,2023-12-16,498.0,,,,False,-0.02,-5.0,БС,term,no,498,v229_seas,35,1.1.1
Парутине,parutyne,2023-01-17,512.0,,,,False,0.12,-5.0,БС,term,no,512,v229_seas,35,1.1.1
Парутине,parutyne,2023-02-17,499.0,,,,False,-0.01,-5.0,БС,term,no,499,v229_seas,35,1.1.1
Парутине,parutyne,2023-03-17,479.0,,,,False,-0.21,-5.0,БС,term,no,479,v229_seas,35,1.1.1
Парутине,parutyne,2023-04-17,503.0,,,,False,0.03,-5.0,БС,term,no,503,v229_seas,35,1.1.1
Парутине,parutyne,2023-05-17,505.0,,,,False,0.05,-5.0,БС,term,no,505,v229_seas,35,1.1.1
Парутине,parutyne,2023-06-17,514.0,,,,False,0.14,-5.0,БС,term,no,514,v229_seas,35,1.1.1
Парутине,parutyne,2023-07-17,510.0,,,,False,0.1,-5.0,БС,term,no,510,v229_seas,35,1.1.1
Парутине,parutyne,2023-08-17,493.0,,,,False,-0.07,-5.0,БС,term,no,493,v229_seas,35,1.1.1
Парутине,parutyne,2023-09-17,483.0,,,,False,-0.17,-5.0,БС,term,no,483,v229_seas,35,1.1.1
Парутине,parutyne,2023-10-17,471.0,,,,False,-0.29,-5.0,БС,term,no,471,v229_seas,35,1.1.1
Парутине,parutyne,2023-11-17,482.0,,,,False,-0.18,-5.0,БС,term,no,482,v229_seas,35,1.1.1
Парутине,parutyne,2023-12-17,511.0,,,,False,0.11,-5.0,БС,term,no,511,v229_seas,35,1.1.1
Парутине,parutyne,2023-01-18,512.0,,,,False,0.12,-5.0,БС,term,no,512,v229_seas,35,1.1.1
Парутине,parutyne,2023-02-18,502.0,,,,False,0.02,-5.0,БС,term,no,502,v229_seas,35,1.1.1
Парутине,parutyne,2023-03-18,489.0,,,,False,-0.11,-5.0,БС,term,no,489,v229_seas,35,1.1.1
Парутине,parutyne,2023-04-18,496.0,,,,False,-0.04,-5.0,БС,term,no,496,v229_seas,35,1.1.1
Парутине,parutyne,2023-05-18,506.0,,,,False,0.06,-5.0,БС,term,no,506,v229_seas,35,1.1.1
Парутине,parutyne,2023-06-18,511.0,,,,False,0.11,-5.0,БС,term,no,511,v229_seas,35,1.1.1
Парутине,parutyne,2023-07-18,512.0,,,,False,0.12,-5.0,БС,term,no,512,v229_seas,35,1.1.1
Парутине,parutyne,2023-08-18,491.0,,,,False,-0.09,-5.0,БС,term,no,491,v229_seas,35,1.1.1
Парутине,parutyne,2023-09-18,484.0,,,,False,-0.16,-5.0,БС,term,no,484,v229_seas,35,1.1.1
Парутине,parutyne,2023-10-18,466.0,,,,False,-0.34,-5.0,БС,term,no,466,v229_seas,35,1.1.1
Парутине,parutyne,2023-11-18,471.0,,,,False,-0.29,-5.0,БС,term,no,471,v229_seas,35,1.1.1
Парутине,parutyne,2023-12-18,502.0,,,,False,0.02,-5.0,БС,term,no,502,v229_seas,35,1.1.1
Парутине,parutyne,2023-01-19,508.0,,,,False,0.08,-5.0,БС,term,no,508,v229_seas,35,1.1.1
Парутине,parutyne,2023-02-19,497.0,,,,False,-0.03,-5.0,БС,term,no,497,v229_seas,35,1.1.1
Парутине,parutyne,2023-03-19,486.0,,,,False,-0.14,-5.0,БС,term,no,486,v229_seas,35,1.1.1
Парутине,parutyne,2023-04-19,500.0,,,,False,0.0,-5.0,БС,term,no,500,v229_seas,35,1.1.1
Парутине,parutyne,2023-05-19,502.0,,,,False,0.02,-5.0,БС,term,no,502,v229_seas,35,1.1.1
Парутине,parutyne,2023-06-19,512.0,,,,False,0.12,-5.0,БС,term,no,512,v229_seas,35,1.1.1
Парутине,parutyne,2023-07-19,503.0,,,,False,0.03,-5.0,БС,term,no,503,v229_seas,35,1.1.1
Парутине,parutyne,2023-08-19,491.0,,,,False,-0.09,-5.0,БС,term,no,491,v229_seas,35,1.1.1
Парутине,parutyne,2023-09-19,488.0,,,,False,-0.12,-5.0,БС,term,no,488,v229_seas,35,1.1.1
Парутине,parutyne,2023-10-19,489.0,,,,False,-0.11,-5.0,БС,term,no,489,v229_seas,35,1.1.1
Парутине,parutyne,2023-11-19,441.0,,,,False,-0.59,-5.0,БС,term,no,441,v229_seas,35,1.1.1
Парутине,parutyne,2023-12-19,504.0,,,,False,0.04,-5.0,БС,term,no,504,v229_seas,35,1.1.1
Парутине,parutyne,2023-01-20,494.0,,,,False,-0.06,-5.0,БС,term,no,494,v229_seas,35,1.1.1
Парутине,parutyne,2023-02-20,488.0,,,,False,-0.12,-5.0,БС,term,no,488,v229_seas,35,1.1.1
Парутине,parutyne,2023-03-20,493.0,,,,False,-0.07,-5.0,БС,term,no,493,v229_seas,35,1.1.1
Парутине,parutyne,2023-04-20,503.0,,,,False,0.03,-5.0,БС,term,no,503,v229_seas,35,1.1.1
Парутине,parutyne,2023-05-20,501.0,,,,False,0.01,-5.0,БС,term,no,501,v229_seas,35,1.1.1
Парутине,parutyne,2023-06-20,513.0,,,,False,0.13,-5.0,БС,term,no,513,v229_seas,35,1.1.1
Парутине,parutyne,2023-07-20,506.0,,,,False,0.06,-5.0,БС,term,no,506,v229_seas,35,1.1.1
Парутине,parutyne,2023-08-20,489.0,,,,False,-0.11,-5.0,БС,term,no,489,v229_seas,35,1.1.1
Парутине,parutyne,2023-09-20,488.0,,,,False,-0.12,-5.0,БС,term,no,488,v229_seas,35,1.1.1
Парутине,parutyne,2023-10-20,503.0,,,,False,0.03,-5.0,БС,term,no,503,v229_seas,35,1.1.1
Парутине,parutyne,2023-11-20,480.0,,,,False,-0.2,-5.0,БС,term,no,480,v229_seas,35,1.1.1
Парутине,parutyne,2023-12-20,516.0,,,,False,0.16,-5.0,БС,term,no,516,v229_seas,35,1.1.1
Парутине,parutyne,2023-01-21,495.0,,,,False,-0.05,-5.0,БС,term,no,495,v229_seas,35,1.1.1
Парутине,parutyne,2023-02-21,508.0,,,,False,0.08,-5.0,БС,term,no,508,v229_seas,35,1.1.1
Парутине,parutyne,2023-03-21,499.0,,,,False,-0.01,-5.0,БС,term,no,499,v229_seas,35,1.1.1
Парутине,parutyne,2023-04-21,502.0,,,,False,0.02,-5.0,БС,term,no,502,v229_seas,35,1.1.1
Парутине,parutyne,2023-05-21,500.0,,,,False,0.0,-5.0,БС,term,no,500,v229_seas,35,1.1.1
Парутине,parutyne,2023-06-21,512.0,,,,False,0.12,-5.0,БС,term,no,512,v229_seas,35,1.1.1
Парутине,parutyne,2023-07-21,500.0,,,,False,0.0,-5.0,БС,term,no,500,v229_seas,35,1.1.1
Парутине,parutyne,2023-08-21,491.0,,,,False,-0.09,-5.0,БС,term,no,491,v229_seas,35,1.1.1
Парутине,parutyne,2023-09-21,482.0,,,,False,-0.18,-5.0,БС,term,no,482,v229_seas,35,1.1.1
Парутине,parutyne,2023-10-21,481.0,,,,False,-0.19,-5.0,БС,term,no,481,v229_seas,35,1.1.1
Парутине,parutyne,2023-11-21,479.0,,,,False,-0.21,-5.0,БС,term,no,479,v229_seas,35,1.1.1
Парутине,parutyne,2023-12-21,510.0,,,,False,0.1,-5.0,БС,term,no,510,v229_seas,35,1.1.1
Парутине,parutyne,2023-01-22,483.0,,,,False,-0.17,-5.0,БС,term,no,483,v229_seas,35,1.1.1
Парутине,parutyne,2023-02-22,485.0,,,,False,-0.15,-5.0,БС,term,no,485,v229_seas,35,1.1.1
Парутине,parutyne,2023-03-22,492.0,,,,False,-0.08,-5.0,БС,term,no,492,v229_seas,35,1.1.1
Парутине,parutyne,2023-04-22,500.0,,,,False,0.0,-5.0,БС,term,no,500,v229_seas,35,1.1.1
Парутине,parutyne,2023-05-22,500.0,,,,False,0.0,-5.0,БС,term,no,500,v229_seas,35,1.1.1
Парутине,parutyne,2023-06-22,508.0,,,,False,0.08,-5.0,БС,term,no,508,v229_seas,35,1.1.1
Парутине,parutyne,2023-07-22,503.0,,,,False,0.03,-5.0,БС,term,no,503,v229_seas,35,1.1.1
Парутине,parutyne,2023-08-22,493.0,,,,False,-0.07,-5.0,БС,term,no,493,v229_seas,35,1.1.1
Парутине,parutyne,2023-09-22,485.0,,,,False,-0.15,-5.0,БС,term,no,485,v229_seas,35,1.1.1
Парутине,parutyne,2023-10-22,481.0,,,,False,-0.19,-5.0,БС,term,no,481,v229_seas,35,1.1.1
Парутине,parutyne,2023-11-22,484.0,,,,False,-0.16,-5.0,БС,term,no,484,v229_seas,35,1.1.1
Парутине,parutyne,2023-12-22,523.0,,,,False,0.23,-5.0,БС,term,no,523,v229_seas,35,1.1.1
Парутине,parutyne,2023-01-23,479.0,,,,False,-0.21,-5.0,БС,term,no,479,v229_seas,35,1.1.1
Парутине,parutyne,2023-02-23,480.0,,,,False,-0.2,-5.0,БС,term,no,480,v229_seas,35,1.1.1
Парутине,parutyne,2023-03-23,491.0,,,,False,-0.09,-5.0,БС,term,no,491,v229_seas,35,1.1.1
Парутине,parutyne,2023-04-23,503.0,,,,False,0.03,-5.0,БС,term,no,503,v229_seas,35,1.1.1
Парутине,parutyne,2023-05-23,504.0,,,,False,0.04,-5.0,БС,term,no,504,v229_seas,35,1.1.1
Парутине,parutyne,2023-06-23,514.0,,,,False,0.14,-5.0,БС,term,no,514,v229_seas,35,1.1.1
Парутине,parutyne,2023-07-23,492.0,,,,False,-0.08,-5.0,БС,term,no,492,v229_seas,35,1.1.1
Парутине,parutyne,2023-08-23,493.0,,,,False,-0.07,-5.0,БС,term,no,493,v229_seas,35,1.1.1
Парутине,parutyne,2023-09-23,484.0,,,,False,-0.16,-5.0,БС,term,no,484,v229_seas,35,1.1.1
Парутине,parutyne,2023-10-23,481.0,,,,False,-0.19,-5.0,БС,term,no,481,v229_seas,35,1.1.1
Парутине,parutyne,2023-11-23,489.0,,,,False,-0.11,-5.0,БС,term,no,489,v229_seas,35,1.1.1
Парутине,parutyne,2023-12-23,506.0,,,,False,0.06,-5.0,БС,term,no,506,v229_seas,35,1.1.1
Парутине,parutyne,2023-01-24,484.0,,,,False,-0.16,-5.0,БС,term,no,484,v229_seas,35,1.1.1
Парутине,parutyne,2023-02-24,505.0,,,,False,0.05,-5.0,БС,term,no,505,v229_seas,35,1.1.1
Парутине,parutyne,2023-03-24,494.0,,,,False,-0.06,-5.0,БС,term,no,494,v229_seas,35,1.1.1
Парутине,parutyne,2023-04-24,502.0,,,,False,0.02,-5.0,БС,term,no,502,v229_seas,35,1.1.1
Парутине,parutyne,2023-05-24,504.0,,,,False,0.04,-5.0,БС,term,no,504,v229_seas,35,1.1.1
Парутине,parutyne,2023-06-24,518.0,,,,False,0.18,-5.0,БС,term,no,518,v229_seas,35,1.1.1
Парутине,parutyne,2023-07-24,493.0,,,,False,-0.07,-5.0,БС,term,no,493,v229_seas,35,1.1.1
Парутине,parutyne,2023-08-24,492.0,,,,False,-0.08,-5.0,БС,term,no,492,v229_seas,35,1.1.1
Парутине,parutyne,2023-09-24,483.0,,,,False,-0.17,-5.0,БС,term,no,483,v229_seas,35,1.1.1
Парутине,parutyne,2023-10-24,479.0,,,,False,-0.21,-5.0,БС,term,no,479,v229_seas,35,1.1.1
Парутине,parutyne,2023-11-24,502.0,,,,False,0.02,-5.0,БС,term,no,502,v229_seas,35,1.1.1
Парутине,parutyne,2023-12-24,502.0,,,,False,0.02,-5.0,БС,term,no,502,v229_seas,35,1.1.1
Парутине,parutyne,2023-01-25,483.0,,,,False,-0.17,-5.0,БС,term,no,483,v229_seas,35,1.1.1
Парутине,parutyne,2023-02-25,508.0,,,,False,0.08,-5.0,БС,term,no,508,v229_seas,35,1.1.1
Парутине,parutyne,2023-03-25,502.0,,,,False,0.02,-5.0,БС,term,no,502,v229_seas,35,1.1.1
Парутине,parutyne,2023-04-25,501.0,,,,False,0.01,-5.0,БС,term,no,501,v229_seas,35,1.1.1
Парутине,parutyne,2023-05-25,503.0,,,,False,0.03,-5.0,БС,term,no,503,v229_seas,35,1.1.1
Парутине,parutyne,2023-06-25,512.0,,,,False,0.12,-5.0,БС,term,no,512,v229_seas,35,1.1.1
Парутине,parutyne,2023-07-25,511.0,,,,False,0.11,-5.0,БС,term,no,511,v229_seas,35,1.1.1
Парутине,parutyne,2023-08-25,495.0,,,,False,-0.05,-5.0,БС,term,no,495,v229_seas,35,1.1.1
Парутине,parutyne,2023-09-25,476.0,,,,False,-0.24,-5.0,БС,term,no,476,v229_seas,35,1.1.1
Парутине,parutyne,2023-10-25,498.0,,,,False,-0.02,-5.0,БС,term,no,498,v229_seas,35,1.1.1
Парутине,parutyne,2023-11-25,479.0,,,,False,-0.21,-5.0,БС,term,no,479,v229_seas,35,1.1.1
Парутине,parutyne,2023-12-25,510.0,,,,False,0.1,-5.0,БС,term,no,510,v229_seas,35,1.1.1
Парутине,parutyne,2023-01-26,486.0,,,,False,-0.14,-5.0,БС,term,no,486,v229_seas,35,1.1.1
Парутине,parutyne,2023-02-26,492.0,,,,False,-0.08,-5.0,БС,term,no,492,v229_seas,35,1.1.1
Парутине,parutyne,2023-03-26,504.0,,,,False,0.04,-5.0,БС,term,no,504,v229_seas,35,1.1.1
Парутине,parutyne,2023-04-26,506.0,,,,False,0.06,-5.0,БС,term,no,506,v229_seas,35,1.1.1
Парутине,parutyne,2023-05-26,500.0,,,,False,0.0,-5.0,БС,term,no,500,v229_seas,35,1.1.1
Парутине,parutyne,2023-06-26,502.0,,,,False,0.02,-5.0,БС,term,no,502,v229_seas,35,1.1.1
Парутине,parutyne,2023-07-26,518.0,,,,False,0.18,-5.0,БС,term,no,518,v229_seas,35,1.1.1
Парутине,parutyne,2023-08-26,496.0,,,,False,-0.04,-5.0,БС,term,no,496,v229_seas,35,1.1.1
Парутине,parutyne,2023-09-26,478.0,,,,False,-0.22,-5.0,БС,term,no,478,v229_seas,35,1.1.1
Парутине,parutyne,2023-10-26,484.0,,,,False,-0.16,-5.0,БС,term,no,484,v229_seas,35,1.1.1
Парутине,parutyne,2023-11-26,462.0,,,,False,-0.38,-5.0,БС,term,no,462,v229_seas,35,1.1.1
Парутине,parutyne,2023-12-26,502.0,,,,False,0.02,-5.0,БС,term,no,502,v229_seas,35,1.1.1
Парутине,parutyne,2023-01-27,482.0,,,,False,-0.18,-5.0,БС,term,no,482,v229_seas,35,1.1.1
Парутине,parutyne,2023-02-27,494.0,,,,False,-0.06,-5.0,БС,term,no,494,v229_seas,35,1.1.1
Парутине,parutyne,2023-03-27,501.0,,,,False,0.01,-5.0,БС,term,no,501,v229_seas,35,1.1.1
Парутине,parutyne,2023-04-27,492.0,,,,False,-0.08,-5.0,БС,term,no,492,v229_seas,35,1.1.1
Парутине,parutyne,2023-05-27,502.0,,,,False,0.02,-5.0,БС,term,no,502,v229_seas,35,1.1.1
Парутине,parutyne,2023-06-27,511.0,,,,False,0.11,-5.0,БС,term,no,511,v229_seas,35,1.1.1
Парутине,parutyne,2023-07-27,503.0,,,,False,0.03,-5.0,БС,term,no,503,v229_seas,35,1.1.1
Парутине,parutyne,2023-08-27,500.0,,,,False,0.0,-5.0,БС,term,no,500,v229_seas,35,1.1.1
Парутине,parutyne,2023-09-27,477.0,,,,False,-0.23,-5.0,БС,term,no,477,v229_seas,35,1.1.1
Парутине,parutyne,2023-10-27,486.0,,,,False,-0.14,-5.0,БС,term,no,486,v229_seas,35,1.1.1
Парутине,parutyne,2023-11-27,504.0,,,,False,0.04,-5.0,БС,term,no,504,v229_seas,35,1.1.1
Парутине,parutyne,2023-12-27,503.0,,,,False,0.03,-5.0,БС,term,no,503,v229_seas,35,1.1.1
Парутине,parutyne,2023-01-28,471.0,,,,False,-0.29,-5.0,БС,term,no,471,v229_seas,35,1.1.1
Парутине,parutyne,2023-02-28,480.0,,,,False,-0.2,-5.0,БС,term,no,480,v229_seas,35,1.1.1
Парутине,parutyne,2023-03-28,514.0,,,,False,0.14,-5.0,БС,term,no,514,v229_seas,35,1.1.1
Парутине,parutyne,2023-04-28,477.0,,,,False,-0.23,-5.0,БС,term,no,477,v229_seas,35,1.1.1
Парутине,parutyne,2023-05-28,498.0,,,,False,-0.02,-5.0,БС,term,no,498,v229_seas,35,1.1.1
Парутине,parutyne,2023-06-28,516.0,,,,False,0.16,-5.0,БС,term,no,516,v229_seas,35,1.1.1
Парутине,parutyne,2023-07-28,490.0,,,,False,-0.1,-5.0,БС,term,no,490,v229_seas,35,1.1.1
Парутине,parutyne,2023-08-28,497.0,,,,False,-0.03,-5.0,БС,term,no,497,v229_seas,35,1.1.1
Парутине,parutyne,2023-09-28,476.0,,,,False,-0.24,-5.0,БС,term,no,476,v229_seas,35,1.1.1
Парутине,parutyne,2023-10-28,491.0,,,,False,-0.09,-5.0,БС,term,no,491,v229_seas,35,1.1.1
Парутине,parutyne,2023-11-28,507.0,,,,False,0.07,-5.0,БС,term,no,507,v229_seas,35,1.1.1
Парутине,parutyne,2023-12-28,508.0,,,,False,0.08,-5.0,БС,term,no,508,v229_seas,35,1.1.1
Парутине,parutyne,2023-01-29,468.0,,,,False,-0.32,-5.0,БС,term,no,468,v229_seas,35,1.1.1
Парутине,parutyne,2023-03-29,483.0,,,,False,-0.17,-5.0,БС,term,no,483,v229_seas,35,1.1.1
Парутине,parutyne,2023-04-29,485.0,,,,False,-0.15,-5.0,БС,term,no,485,v229_seas,35,1.1.1
Парутине,parutyne,2023-05-29,500.0,,,,False,0.0,-5.0,БС,term,no,500,v229_seas,35,1.1.1
Парутине,parutyne,2023-06-29,515.0,,,,False,0.15,-5.0,БС,term,no,515,v229_seas,35,1.1.1
Парутине,parutyne,2023-07-29,506.0,,,,False,0.06,-5.0,БС,term,no,506,v229_seas,35,1.1.1
Парутине,parutyne,2023-08-29,496.0,,,,False,-0.04,-5.0,БС,term,no,496,v229_seas,35,1.1.1
Парутине,parutyne,2023-09-29,476.0,,,,False,-0.24,-5.0,БС,term,no,476,v229_seas,35,1.1.1
Парутине,parutyne,2023-10-29,481.0,,,,False,-0.19,-5.0,БС,term,no,481,v229_seas,35,1.1.1
Парутине,parutyne,2023-11-29,529.0,,,,False,0.29,-5.0,БС,term,no,529,v229_seas,35,1.1.1
Парутине,parutyne,2023-12-29,512.0,,,,False,0.12,-5.0,БС,term,no,512,v229_seas,35,1.1.1
Парутине,parutyne,2023-01-30,483.0,,,,False,-0.17,-5.0,БС,term,no,483,v229_seas,35,1.1.1
Парутине,parutyne,2023-03-30,498.0,,,,False,-0.02,-5.0,БС,term,no,498,v229_seas,35,1.1.1
Парутине,parutyne,2023-04-30,501.0,,,,False,0.01,-5.0,БС,term,no,501,v229_seas,35,1.1.1
Парутине,parutyne,2023-05-30,503.0,,,,False,0.03,-5.0,БС,term,no,503,v229_seas,35,1.1.1
Парутине,parutyne,2023-06-30,514.0,,,,False,0.14,-5.0,БС,term,no,514,v229_seas,35,1.1.1
Парутине,parutyne,2023-07-30,506.0,,,,False,0.06,-5.0,БС,term,no,506,v229_seas,35,1.1.1
Парутине,parutyne,2023-08-30,507.0,,,,False,0.07,-5.0,БС,term,no,507,v229_seas,35,1.1.1
Парутине,parutyne,2023-09-30,481.0,,,,False,-0.19,-5.0,БС,term,no,481,v229_seas,35,1.1.1
Парутине,parutyne,2023-10-30,483.0,,,,False,-0.17,-5.0,БС,term,no,483,v229_seas,35,1.1.1
Парутине,parutyne,2023-11-30,499.0,,,,False,-0.01,-5.0,БС,term,no,499,v229_seas,35,1.1.1
Парутине,parutyne,2023-12-30,507.0,,,,False,0.07,-5.0,БС,term,no,507,v229_seas,35,1.1.1
Парутине,parutyne,2023-01-31,486.0,,,,False,-0.14,-5.0,БС,term,no,486,v229_seas,35,1.1.1
Парутине,parutyne,2023-03-31,509.0,,,,False,0.09,-5.0,БС,term,no,509,v229_seas,35,1.1.1
Парутине,parutyne,2023-05-31,500.0,,,,False,0.0,-5.0,БС,term,no,500,v229_seas,35,1.1.1
Парутине,parutyne,2023-07-31,504.0,,,,False,0.04,-5.0,БС,term,no,504,v229_seas,35,1.1.1
Парутине,parutyne,2023-08-31,507.0,,,,False,0.07,-5.0,БС,term,no,507,v229_seas,35,1.1.1
Парутине,parutyne,2023-10-31,485.0,,,,False,-0.15,-5.0,БС,term,no,485,v229_seas,35,1.1.1
Парутине,parutyne,2023-12-31,510.0,,,,False,0.1,-5.0,БС,term,no,510,v229_seas,35,1.1.1
