post_name,post_id,code,post_type,header_line,address,zero_of_post_line,zero_of_post_m,height_system,obs_times_utc,level_instruments,n_chars,text,source_volume,page
Нова Каховка,nova_kakhovka,80802,ГП-ІІ,"м. Нова Каховка, р. Дніпро, 80802, ГП-ІІ. Адреса: м. Нова Каховка,","м. Нова Каховка,","Відмітка нуля поста – 5,000 м БС.",-5.0,БС,"08,20",СРВ;рейка;палі,2769,"м. Нова Каховка, р. Дніпро, 80802, ГП-ІІ. Адреса: м. Нова Каховка,

Херсонська обл. Пост відкрито 1 грудня 1963 р.
Долина річки трапецієвидна, асиметрична, шириною по дну 2,5 - 4,0 км.
Правий схил має висоту 30 – 35 м, у верхній частині пологий, у нижній помірно
крутий, в деяких місцях уривчастий з виходом вапняних порід, зайнятий
будівлями селища Козацьке. Лівий схил помірно крутий висотою  10 – 12 м,
складений з пісків та суглинків, зайнятий під паркову зону міста Нова Каховка.
Русло річки слабо звивисте, в районі посту русло розділене островом
Козацький на основне русло (ліве) і рукав Козак. Острів довжиною 10 км і
шириною 1,75 – 2,0 км, низький, піщаний, вкритий чагарниками та лісом. У
центральній частині острова розташовані мілководні озера з низовинними
болотистими берегами. Ширина основного русла біля посту 800 м, глибина по
фарватеру 6 – 8 м, ширина рукава Козак 150 – 250 м. Вище посту берег
закріплений від розмивання кам'яною відмосткою. Дно річки піщане, біля
берегів піщано-гравійне.
З обох берегів спостерігається інтенсивний вихід ґрунтових вод,
обумовлений, головним чином, обхідною фільтрацією Каховського гідровузла.
Пост розташований на лівому березі р. Дніпро, біля пасажирської пристані,
у центральній частині міста, на відстані 2,5 км нижче греблі Каховського
гідровузла.
Пост оснащено стандартною гідрологічною рейкою, палями та установкою
СРВ берегового типу з передавальним приводом у колодязі. Глибина у місці
виміру коливається в залежності від рівня води від 0,5 до 4,0 метрів.
Температура води вимірюється на відстані 30 м нижче посту, зі стіни
причалу суден приміського сполучення. Глибина у місці виміру коливається від
0,5 до 4,0 метрів, в залежності від рівня води.
Спостереження за рівнем і температурою води ведуться о 08 і 20 годині за
київським часом.
В зимовий період проводяться спостереження за льодовими явищами.
Рівневий режим р. Дніпро залежить від графіку роботи Каховської ГЕС
та шлюзу. З цим пов’язані різкі добові коливання рівня води більшу частину року
(за винятком періоду нересту риби, коли підтримуються постійні витрати води
через ГЕС).
152
На рівневий режим впливають і відгінно-нагінні явища, затори і зажори
(останні відбуваються рідко).
На льодовий і термічний режими ріки впливають скид глибинних вод з
Каховського водосховища через споруду гідровузла, а також виходи грунтових
вод по берегах і дну річки. Нижче гідрологічного посту, на відстані 7 – 8 км на
перекаті і повороті річки, в зимовий період можливі утворення зажорів. У січні
– лютому в районі посту часто спостерігаються забереги, іноді шуга, сало, рідкий
льодохід. Льодостав відмічається дуже рідко, тривалість не більше 2 – 3 діб
(тільки у випадках сильних морозів при малих пропусках води через ГЕС).
Відмітка нуля поста – 5,000 м БС.",v230_mouths,149
Херсон,kherson,80805,МГП-І,"м. Херсон, р Дніпро, 80805, МГП-І.","Одеська площа, 81, м. Херсон. МГП Херсон було відкрито у 1896 році під управлінням Херсонського","Відмітка нуля поста – 5,000 м БС – 77.",-5.0,БС-77,"06,18",СРМ;футшток;рейка,1224,"м. Херсон, р Дніпро, 80805, МГП-І.
Адреса: Одеська площа, 81, м. Херсон.
МГП Херсон було відкрито у 1896 році під управлінням Херсонського
Річкового Пароплавства і працював до 1941 р. Спостереження були відновленні
Севастопольським Управлінням ГМС у 1943 р.
Морський гідрометеорологічний пост розташовано  на правому березі р.
Дніпро, на розвилці біля витоку р. Кошова. Пост оснащений стандартною
гідрологічною рейкою та приладом СРМ. На рівневий, термічний і льодовий
режим р. Дніпро, в районі м. Херсон, впливають робота Каховської ГЕС та
відгінно-нагінні явища.
Гідрологічна рейка встановлена на пристані річкового порту. Глибина у
місці виміру - 6,18м. Спостереження за температурою води проводяться біля
футштоку. Строки спостережень – 06 та 18 год. (UTC).
У 1951 р. розпочато регулярні спостереження за рівнем моря по СРМ.
З травня 1973 р. ведуться спостереження за солоністю морської води.
Відбір проб проводиться біля рейки о 06 годині (UTC). Метод визначення –
аргентометричний.
Спостереження за напрямком та швидкістю вітру, температурою повітря,
проводяться на АМСЦ Херсон. Метеомайданчик АМСЦ Херсон знаходиться на
північному заході, на відстані 8 км від м. Херсон.
Відмітка нуля поста – 5,000 м БС – 77.




153",v230_mouths,150
Касперівка,kasperivka,80807,МГП-І,"с. Касперівка, р.Дніпро, рук. Рвач, 80807, МГП-І.","вул. Касперівська, 206, с. Кізомис, Білозерського р-ну, Херсонської","Відмітка нуля поста – 5,000 м БС – 77.",-5.0,БС-77,"06,18",СРВ;футшток;рейка;палі,2771,"с. Касперівка, р.Дніпро, рук. Рвач, 80807, МГП-І.
Адреса: вул. Касперівська, 206, с. Кізомис, Білозерського р-ну,
Херсонської
обл.
Гідрологічний пост створено Центральним управлінням морського
транспорту у січні 1904 р., де проводилися спостереження за рівнем моря, а з
1926 р. – за температурою води та льодовим покривом. Спостереження на посту
проводилися до 1941 р. Знову пост було відкрито Севастопольським УГМС у
1948 р., спостереження проводяться по теперішній час.
Пост розташовано у гирловій частині р. Дніпро, на правому березі рук.
Рвач, на відстані 2 км на схід від Дніпровського лиману та у 0,5 км на південний
захід від с. Кізомис. У гирловій частині ріка Дніпро утворює  безліч рукавів,
островів та проточних озер. Усі острови низовинні, засаджені помірними і
рідкими деревами. Навколишня місцевість - рівнинна низовина, на півдні та
південному заході – плавні. На північ від посту знаходяться сільськогосподарські
поля. Грунт на посту – пісок, каміння і чорний мул, місцями вкрито трав’яним
покривом. Об’єктів, які впливають на гідрометеорологічний режим, у районі
посту немає. На рівневий, термічний і льодовий режим рук. Рвач, в районі
гідрологічного посту, впливають робота Каховської ГЕС та відгінно-нагінні
явища.
До 1971 р. гідрологічна рейка була встановлена на палях причалу
піонерського табору, на відстані 15-30 м від берегу. У 1971 р. спостереження за
рівнем моря перенесені в затон, на відстань 300 м на північний захід від
попереднього місця, глибина у місці спостереження 1,2 м.
У 1973 р. почалися регулярні спостереження за рівнем моря по СРВ.
06.12.2016 року рейка та установка СРВ «Валдай» перенесені на
протилежний берег затону на 150 м у західному напрямку на відстані 8,2 м від
берега, глибина в місці установки рейки - 2,05 м.
Спостереження за температурою води проводяться з підхідного містка, на
відстані 7,0 м від берегу, глибина у місці вимірювання 2,05 м.
Строки спостережень за рівнем і температурою води о 06 і 18 годині
(UTC).
З 1972 р. ведуться спостереження за солоністю води. Відбір проб
проводиться о 06 годині (UTC) біля футштоку, з поверхневого шару води, метод
визначення – аргентометричний.
14
154
Спостереження за льодовими явищами, у зимовий період, проводяться
о 06 годині (UTC), на висоті 17,4 м, з вишки будівлі Дніпро-Бузької дистанції
шляхів і каналів. Товщина льодового покриву визначається за допомогою
льодомірної рейки на відстані 15 м від причалу, глибина у місці визначення 2,2
– 2,5 м.
З 1988 року пункт метеорологічних спостережень був перенесений на
відстань 2 км у північно-східному напрямку.
Метеорологічні спостереження за напрямком та швидкістю вітру,
температурою повітря проводяться у ті ж самі строки, що і гідрологічні. Опади
визначаються два рази на добу.
Відмітка нуля поста – 5,000 м БС – 77.",v230_mouths,151
Олександрівка,oleksandrivka,81801,ГП-І,"смт. Олександрівка, р.Південний Буг, 81801, ГП-І","смт. Олександрівка, Білозерського р-ну, Миколаївської обл. Пост розташовано у західній частині села, на 0,5 км нижче впадіння  р.","Відмітка нуля поста – 3,02 м БС – 77. Відмітка отримана в результаті",-3.02,БС-77,"08,20",палі,1863,"смт. Олександрівка, р.Південний Буг, 81801, ГП-І
Адреса: смт. Олександрівка, Білозерського р-ну, Миколаївської обл.
Пост розташовано у західній частині села, на 0,5 км нижче впадіння  р.
Фонтанки і на 2,4 км нижче греблі Олександрівської ГЕС.
Прилегла місцевість – рівнина, пересічена балками та ярами.
Долина річки «V» – подібна. Її схили мають висоту до 50 м, розсічені
балками, ярами. Грунти суглинисті та супіщані, з виходом скельних порід, де
знаходяться сільськогосподарські угіддя.
Русло звивисте, на ділянці посту прямолінійне, шириною 80-100 м,
нестійке. На відстані 500 м нижче посту русло звужене. Дно піщане, місцями
кам’янисте. Правий берег пологий, задернований, лівий – скелястий, висотою 5-
10 м.
На ділянці ріки між с. Прибужани та смт. Олександрівка періодично
здійснюється розчистка русла.
У зимовий період, на відстані 800 м нижче поста спостерігаються затори
льоду.
На режим річки впливає робота ГЕС, яка розташована вище по руслу.  У
басейні ріки вище посту проводиться забір води на промислове та комунальне
водопостачання.
Гідроствор № 3, розташований у створі посту, обладнаний човновою
переправою. Гідроствор № 4 розташований на відстані 300 м вище поста.
Спостереження за рівнем води проводяться по палях, на лівому березі ріки.
14
155

Одиничні проби для визначення мутності відбираються на гідростворі № 3,
одноточковим способом батометром-пляшкою на штанзі.
Проби на механічний склад зважених наносів відбираються батометром-
пляшкою (ємкість 1 л), донних відкладень – донним щупом у тому ж створі.
Температура води вимірюється в створі поста біля лівого берега, товщина
льоду – в створі поста на середині річки.
Строки спостереження за рівнем та температурою води о 08 і 20 годині за
київським часом.
Відмітка нуля поста – 3,02 м БС – 77. Відмітка отримана в результаті
повторної прив'язки реперів посту до Державної мережі у 2009р.",v230_mouths,152
Миколаїв,mykolaiv,98027,МГП-І,"м. Миколаїв, р.Південний Буг, 98027, МГП-І.","вул. В. Морська, 2-а, м. Миколаїв. Пост було відкрито у 1916 р. і працював до 1941 р. Спостереження","Відмітка нуля поста – 5,000 м БС – 77.",-5.0,БС-77,"06,18",СРМ;футшток;рейка,1904,"м. Миколаїв, р.Південний Буг, 98027, МГП-І.

Адреса: вул. В. Морська, 2-а, м. Миколаїв.
Пост було відкрито у 1916 р. і працював до 1941 р. Спостереження
відновлені у 1945 р. і проводяться до теперішнього часу. До 1960 р. пост
знаходився на північній стороні старого Варварівського мосту (лівий берег р.
Південний Буг). У 1960 р. гідрологічний пост був перенесений на відстань 1 км
в район нового Варварівського мосту.
Лівий берег р. Південний Буг, в районі посту, кам’янистий та круто-
схильний. Правий берег річки пологий, складений з глинистих порід, місцями
пересічений неширокими балками. Рослинність у межах міста та прилеглих
районах: парки, фруктові сади. Грунт дна піщаний з ракушняком, місцями
глинистий. Глибини змінюються поступово від 1 м до 5 м по всій річці.
Спостереження за рівнем води проводяться по гідрологічній рейці (на
лівому березі р. Південний Буг, біля нового Варварівського мосту), на відстані
10 км на південно-південний-схід від метеомайданчика. Глибина в пункті
спостережень 1,45 м.
Безперервні спостереження по СРМ за рівнем води розпочато у 1960 р. та
продовжуються по теперішній час.
Спостереження за температурою та солоністю води проводяться біля
футштока. Глибина у пункті спостережень 1,45 м. Метод визначення солоності –
аргентометричний.
Спостереження за льодовими явищами проводяться з Варварівського
мосту, зі сторони лівого берега р. Південний Буг, висота льодового пункту 25,0
14
156
м. Товщина льодового покриву визначається льодомірною рейкою на відстані 50
м від берегу. Глибина у пункту вимірювання 2,5 м.
Строки спостереження за рівнем і температурою води о 06 та 18 годині
(UTC). За солоністю та льодовим покривом у строк 06 годин (UTC).
Спостереження за напрямком і швидкістю вітру, температурою  повітря,
опадами проводяться на АМСЦ Миколаїв. Метеомайданчик розташовано на
відстані 14 км на північ від центра міста.
Відмітка нуля поста – 5,000 м БС – 77.",v230_mouths,153
Очаків,ochakiv,98022,МГ-ІІ,"м. Очаків, Дніпро-Бузький лиман, 98022, МГ-ІІ.","вул. Суворова, 108, м. Очаків, Миколаївської обл., 57508. Пост було відкрито у 1874 р. і працює він з перервами до теперішнього","Відмітка нуля поста – 5,000 м БС – 77.",-5.0,БС-77,"06,18",СРМ;футшток;рейка,2015,"м. Очаків, Дніпро-Бузький лиман, 98022, МГ-ІІ.
Адреса: вул. Суворова, 108, м. Очаків, Миколаївської обл., 57508.
Пост було відкрито у 1874 р. і працює він з перервами до теперішнього
часу.
Місто та порт Очаків розташовані на північному березі гирла Дніпровського
лиману, що представляє собою найбільший на Чорному морі напівзамкнутий
басейн, витягнутий з заходу на схід. В середню частину лиману впадає ріка
Південний Буг, а у східну ріка Дніпро. Пост розташовано на мисі Очаків, у
західній частині лиману.
Спостереження за рівнем моря проводяться по гідрологічній рейці та по
СРМ. Пост розташований на південному сході, на відстані 2,7 км, від
метеомайданчика. Футшток, типу ГМ-3 закріплено на залізобетонній стіні
причалу військового порту. Глибина у місці установки 1,6 м. СРМ розта- шовано
на відстані 10 м від футштоку, спостереження розпочалися у 1983 р. Глибина у
місці установки 2,7 м.
Спостереження за температурою та солоністю води проводяться біля СРМ,
глибина - 2,5 м. Метод визначення солоності – ареометричний.
Спостереження за льодовими явищами проводяться у двох пунктах:
відкритому морі та Дніпровському лимані. Пункт спостережень у сторону
відкритого моря розташований на південно-західній околиці міста Очаків, біля
торгового порту. Висота пункту 21,5 м, дальність видимого горизонту 17,9 км.
Товщина льоду вимірюється льодомірною рейкою, на відстані 200 м на північний
захід від кореня причалу торгового порту. Пункт спостережень у Дніпровському
лимані розташовано на південний схід, від метеомайданчика, на відстані 2,2 км.
Висота пункту 27,0 м, дальність видимого горизонту 20,0 км. Товщина
15
157

льоду вимірюється на південно-південний схід від кореня причалу військового
порту, на відстані 100 м.
Строки спостереження за рівнем і температурою води - 06 та 18 год. (UTC).
За солоністю та льодовим покривом у строк 06 годин (UTC).
Метеорологічні спостереження (напрямок і швидкість вітру, температура
повітря, опади) проводяться на метеостанції Очаків.
Відмітка нуля поста – 5,000 м БС – 77.",v230_mouths,154
Станіслав,stanislav,98032,МГП-І,"с. Станіслав, Дніпровський лиман, 98032, МГП-І.","с. Станіслав, Білозерського р-ну, Херсонської обл., 75051. Пост Станіслав був відкритий у серпні 1924 р., де розпочалися","Відмітка нуля поста – 5,000 м БС – 77.",-5.0,БС-77,"06,18",футшток;рейка;палі,1996,"с. Станіслав, Дніпровський лиман, 98032, МГП-І.

Адреса: с. Станіслав, Білозерського р-ну, Херсонської обл., 75051.
Пост Станіслав був відкритий у серпні 1924 р., де розпочалися
спостереження за рівнем і температурою морської води. З 1925 року  ведуться
спостереження за льодовим покривом. У 1931, 1942-1946 р.р. пост не працював.
До жовтня 1988 р. спостереження за рівнем моря проводилися по палях. А
з 13 жовтня цього ж року, на відстані 300 м на південний захід від пальового
посту, була встановлена гідрологічна рейка на причалі рибоприймального
пункту «Славутич».
Село Станіслав знаходиться на правому березі Дніпровського лиману, біля
мису Станіслав, на відстані 11 км на захід від впадіння р. Дніпро в лиман.
Навколишня місцевість нерівна, порізана ярами та балками.
Грунт глинистий, покритий бідною трав’янистою рослинністю, нечисленні
дерева зустрічаються в основному біля будівель. Дніпровський лиман
витягнутий з заходу на схід і має найбільшу довжину до 60 км, ширину до 15 км.
Ширина лиману в районі посту 7 км. Глибини в лимані невеликі, рідко
перевищують 6 м.
Берег у районі посту відкритий від південного сходу до заходу через
південь і являє собою пляж шириною 15-20 м, обмежений уривчастим берегом
висотою 20-30м.
Дно в районі посту пологе, поступово знижується до судноплавного
каналу. Грунт складається з піску, ракушняку з переходом у мул. Прибережна
зона місцями покрита травою.
Спостереження за температурою води проводяться біля футштоку,
глибина у місці спостереження 0,6 м. Строки спостереження о 06 та 18 годині
(UTC).
15
158
Пункт спостережень за льодовим покривом знаходиться на  відстані 50 м
на схід від посту і на 150 м від берегу. Висота пункту 20 м. Товщина льоду
вимірюється на двох ділянках: основній та додатковій, розташованих у створі
посту на відстані відповідно 700 м та 15 м від берегу. Глибина у пункті
вимірювання товщини льоду на основній ділянці 3 м, на додатковій – 1,2 м.
Строк спостереження – 06 годин (UTC).
Відмітка нуля поста – 5,000 м БС – 77.",v230_mouths,155
Геройське,heroiske,98033,МГП-І,"с. Геройське, Дніпро-Бузький лиман, 98033, МГП-І.","с. Геройське, Голопристанського р-ну, Херсонської обл., 75620. Пост відкрито у 1951 р. До 1955 р. пост знаходився у підпорядкуванні","Відмітка нуля поста – 5,000 м БС – 77.",-5.0,БС-77,"06,18",СРМ;футшток;палі,1736,"с. Геройське, Дніпро-Бузький лиман, 98033, МГП-І.
Адреса: с. Геройське, Голопристанського р-ну, Херсонської обл., 75620.
Пост відкрито у 1951 р. До 1955 р. пост знаходився у підпорядкуванні
Севастопольського УГМС. З 1956 р. він переданий Дніпро-Бузькій гирловій
станції УкрУГМС .
Дніпровський лиман витягнутий зі сходу на захід і має довжину до 60 км,
ширина до 15 км, в районі посту 13 км. Берегова смуга тягнеться зі сходу на захід
і майже на всьому протязі заросла очеретом. Береги низькі, піщані, навколишня
місцевість знаходиться на висоті не більше 2-3 м над рівнем моря і являє собою
рівнину з бідною трав’янистою рослинністю. Глибина в лимані від 2 до 6 м. Дно
піщане, місцями мулисте.
Прилегла місцевість суцільно вкрита солоними озерами, на яких
розгорнуті численні соляні промисли.
Рівневий, хвильовий, термічний і льодовий режими відповідає вимогам
ділянки поста. Об’єктів, що впливають на гідрометеорологічний режим
прилеглого району немає.
Гідрологічний пост знаходиться біля причалу солепромислу, на відстані 3
м від берегу. Футшток встановлено на палі причалу. Спостереження за
температурою води проводяться біля футштоку. Глибина у місті виміру 0,75 м.
Строки спостереження о 06 та 18 годині (UTC).
Безперервні спостереження по СРМ розпочато у 1984 р. та продовжуються
по теперішній час.
Спостереження за льодовим покривом проводяться з приміщення будівлі
солепромислу, висота пункту спостережень 6,6 м.
Товщина льоду вимірюється на двох ділянках: основній та додатковій,
розташованих у створі на відстані відповідно 50 м і 15 м від берегу. Глибина у
15
159

місці вимірювання товщини льоду на основній ділянці – 2,0 м, на додатковій –
1,5 м. Строк спостереження – 06 годин (UTC).
Відмітка нуля поста – 5,000 м БС – 77.",v230_mouths,156
Парутине,parutyne,98025,МГП-І,"с. Парутине, Бузький лиман, 98025, МГП-І.","с. Парутине, Очаківського р-ну, Миколаївської обл., 57540. Пост Парутине був відкритий у жовтні 1962 р. на західному березі Бузького","Відмітка нуля поста – 5,000 м БС – 77.",-5.0,БС-77,"06,18",футшток;рейка;палі,2195,"с. Парутине, Бузький лиман, 98025, МГП-І.

Адреса: с. Парутине, Очаківського р-ну, Миколаївської обл., 57540.
Пост Парутине був відкритий у жовтні 1962 р. на західному березі Бузького
лиману на відстані 40 км від Очакова. На посту проводилися спостереження за
рівнем моря та льодовим покривом.
Спостереження за рівнем моря розпочалися у 1963 р. по палях, а в 1973 р.
була встановлена гідрологічна рейка на опорах пасажирської пристані на
відстані 20 м від берегу. Глибина у пункті виміру 1,1 м.
Пост Парутине працює безперервно до нинішнього часу.
У 1989 р. метеомайданчик було перенесено на відстань 800 м у північно-
західному напрямку від посту. У вересні 2020 року  метеомайданчик було
перенесено на відстань 290 м у західному напрямку від посту. На
метеомайданчику знаходяться опадомір, флюгер з легкою дошкою, ділянка для
вимірювання висоти снігового покриву.
Місцевість навколо поста горбиста, з ярами. Берег лиману високий (10 - 30
м), уривчастий, руйнується ярами, але в районі посту пологий, ширина пляжу
сягає 5 м. Глибини змінюються поступово від 1 до 5 м. Грунт, з якого складається
дно, пісок з домішками ракушняку.
Рівневий режим у районі посту залежить від відгінно – нагінних явищ.
Гідротехнічних споруд, які впливають на термічний та льодовий режим у
районі посту немає.
З 1980 р. відбувалося поступове обміління прибережної смуги в районі
поста.
Спостереження за температурою води проводяться на відстані 3 м на схід
від футштоку. Глибина у місці виміру 1,29 м. Строки спостереження за
температурою та рівнем морської води о 06 та 18 годині (UTC).
Спостереження за солоністю морської води почалися у 1978 р. Відбір проб
проводиться біля гідрологічної рейки.
Метод визначення солоності – аргентометричний.
Пункт спостереження за льодовим покривом розташований на відстані
15
160
100 м на захід від посту, на висоті 9,7 м. Товщина льодового покриву
визначається по створу на відстані 20 м від берегу. Глибина у місці вимірювання
0,8 м. Додаткова ділянка знаходиться на відстані 200 м від берегу у створі поста.
Глибина у місці вимірювання 2,5 м.
Спостереження за солоністю морської води та льодовим покривом
проводяться  о 06 годині (UTC).
Відмітка нуля поста – 5,000 м БС – 77.",v230_mouths,157
Очаків,ochakiv,98022,МГ-ІІ,"МГ-ІІ. Очаків, Дніпро-Бузький лиман, 98022,","вул. Суворова, 108, м. Очаків, Миколаївський район, Миколаївської обл., 57508.","Відмітка нуля поста – 5,000 м БС – 77.",-5.0,БС-77,"06,18",СРМ;футшток;рейка,1936,"МГ-ІІ. Очаків, Дніпро-Бузький лиман, 98022,
Адреса: вул. Суворова, 108, м. Очаків, Миколаївський район,
Миколаївської обл., 57508.
Пост було відкрито у 1874 р. і працює з перервами до теперішнього часу.
Місто та порт Очаків розташовані на північному березі гирла
Дніпровського лиману, що представляє собою найбільший на Чорному морі
напівзамкнений басейн, витягнутий з заходу на схід. В середню частину лиману
впадає річка Південний Буг, а у східну - річка Дніпро. Пост розташовано на мисі
Очаків, у західній частині лиману.
Спостереження за рівнем моря проводяться по гідрологічній рейці та по
СРМ. Пост розташований на південному сході, на відстані 2,7 км, від
метеомайданчика. Футшток, типу ГРМ-3 закріплений на залізобетонній стіні
причалу військового порту. Глибина у місці установки 1,6 м. СРМ розташовано
на відстані 10 м від футштока. Спостереження по СРМ розпочато у 1983 року.
Глибина у місці установки 2,5 м. Спостереження за температурою води та відбір
проб на солоність проводяться біля павільйону СРМ, глибина - 2,5 м. Спосіб
визначення солоності – ареометричний.
Спостереження за льодовими явищами проводяться на відкритому морі.
Пункт спостережень у сторону відкритого моря розташований на південно-
західній околиці міста Очаків, біля торговельного порту. Висота цього пункту
21,5 м, дальність видимого горизонту 17,9 км. Товщина льоду вимірюється
льодомірною рейкою, на відстані 200 м на північний  захід  від  кореня  причалу
торговельного  порту.
22
Висота пункту 27,0 м, дальність видимого горизонту  20,0 км. Товщина
льоду вимірюється на південно-південному сході від кореня причалу військового
порту, на відстані 100 м.
Строки спостереження за рівнем і температурою води - 06 та 18 годин
(UTC), за солоністю та льодовим покривом у строк 06 годин (UTC).
Метеорологічні спостереження (напрямок і швидкість вітру, температура
повітря, опади) проводяться на метеостанції Очаків.
Відмітка нуля поста – 5,000 м БС – 77.",v229_seas,21
Парутине,parutyne,98025,МГП-І,"МГП-І  Парутине, Бузький лиман, 98025,","с. Парутине, Миколаївський р-н,  Миколаївської обл., 57540. Пост Парутине був відкритий у жовтні 1962 р. на західному березі Бузького","Відмітка нуля поста – 5,000 м БС – 77.",-5.0,БС-77,"06,18",футшток;рейка;палі,2201,"МГП-І  Парутине, Бузький лиман, 98025,
Адреса: с. Парутине, Миколаївський р-н,  Миколаївської обл., 57540.
Пост Парутине був відкритий у жовтні 1962 р. на західному березі Бузького
лиману на відстані 40 км від Очакова. На посту проводилися спостереження за
рівнем моря та льодовим покривом.
Спостереження за рівнем моря почалися у 1963 р. по палях, а в 1973 р. була
встановлена гідрологічна рейка на опорах пасажирської пристані на відстані 20
м від берегу. Глибина у місці вимірювання 0,5 м.
Пост Парутине працює безперервно до теперішнього часу.
У 1989 р. метеомайданчик було перенесено на відстань 800 м у північно-
західному напрямку від поста. У вересні 2020 р. метеомайданчик було
перенесено на відстань 290 м у західному напрямку від поста. На
метеомайданчику знаходяться опадомір Третьякова, флюгер з легкою дошкою,
ділянка для вимірювання висоти снігового покриву.
Місцевість навколо поста горбиста, з ярами. Берег лиману високий (10-30
м), уривчастий, руйнується ярами, але в районі посту пологий, ширина пляжу
сягає 5 м. Глибини змінюються поступово від 1 до 5 м. Донний грунт – пісок з
домішками ракушняку.
На рівневий режим у районі посту впливають відгінно-нагінні явища.
Гідротехнічних споруд, що порушують термічний та льодовий режими, у
районі посту немає.

За період з 1980 р. відбулося поступове обміління прибережної смуги в
районі  поста.  Спостереження за температурою води проводяться на відстані 3
м на схід від футштока. Глибина у місці вимірювання 1,1 м. Строки
спостереження за температурою та рівнем морської води о 06 та 18 годині (UTC).
23
Спостереження за солоністю морської води ведуться з 1978 р. Відбір проб
проводиться біля гідрологічної рейки. Спосіб визначення солоності –
аргентометричний.
Пункт спостереження за льодовим покривом розташований на відстані 100
м на захід від морського посту, на висоті 9,7 м. Товщина льодового покриву
визначається по створу на відстані 20 м від берега. Глибина в місці вимірювання
0,8 м. Додаткова ділянка знаходиться на відстані 200 м від берега в створі поста.
Глибина в місці вимірювання 2,5 м.
Спостереження за солоністю морської води та льодовим покривом
проводяться о 06 годині (UTC).
Відмітка нуля поста – 5,000 м БС – 77.",v229_seas,22
Станіслав,stanislav,98032,МГП-І,"МГП-І  Станіслав, Дніпровський лиман, 98032,","с. Станіслав, Херсонського району, Херсонської області, 75051. Пост Станіслав був відкритий у серпні 1924 р., де розпочалися","Відмітка нуля поста – 5,000 м БС – 77.",-5.0,БС-77,"06,18",СРМ;футшток;рейка;палі,3980,"МГП-І  Станіслав, Дніпровський лиман, 98032,
Адреса: с. Станіслав, Херсонського району, Херсонської області, 75051.
Пост Станіслав був відкритий у серпні 1924 р., де розпочалися
спостереження за рівнем і температурою морської води. З 1925 р. ведуться
спостереження за льодовим покривом. У 1931, 1942-1946 рр. пост не працював.
До жовтня 1988 р. спостереження за рівнем моря проводилися по палях. А
з 13 жовтня цього ж року, на відстані 300 м на південний захід від пальового
посту, була встановлена гідрологічна рейка на причалі рибоприймального
пункту «Славутич». Відстань від контрольного репера  №1 - 200 м у південно-
західному напрямку.
Село Станіслав знаходиться на правому березі Дніпровського лиману біля
мису Станіслав, на відстані 11 км на захід від впадіння р. Дніпро в лиман.
Навколишня місцевість нерівна, порізана ярами та балками.
Ґрунт глинистий, покритий бідною трав’янистою рослинністю, нечисленні
дерева зустрічаються в основному біля будівель. Дніпровський лиман
витягнутий  з  заходу  на  схід  і  має  найбільшу  довжину  до  60  км та ширину
до 15 км. Ширина лиману в районі поста 7 км. Глибини в лимані невеликі, рідко
перевищують 6 м.
Берег в районі поста відкритий від південного сходу до заходу через
південь і являє собою піщану полосу шириною 15-20 м, обмежений уривчастим
берегом висотою 20-30 м.
Дно в районі поста пологе, поступово знижується до судноплавного
каналу. Грунт складається з піску, ракушняку з переходом у мул. Прибережна
зона місцями покрита травою.
24
Спостереження за температурою води проводяться біля футштоку,
глибина в місці спостереження 0,6 м. Строки спостереження о 06 та 18 годині
(UTC).
Пункт спостережень за льодовим покривом знаходиться на відстані    50 м
на схід від поста і на 150 м від берега. Висота пункту спостережень 20 м.
Товщина льоду вимірюється на двох ділянках: основній та додатковій,
розташованих в створі поста на відстані відповідно 700 м та 15 м від берега.
Глибина у пункті вимірювання товщини льоду на основній ділянці 3 м, на
додатковій – 1,2 м. Строк спостереження о 06 годині (UTC).
Відмітка нуля поста – 5,000 м БС – 77.

МГП-І  Геройське, Дніпро-Бузький лиман, 98033. З 01.01.2024 р. закрит
внаслідок руйнування гідрометричних споруд через військову агресію рф.
Адреса: с. Геройське, Скадовського району, Херсонської області, 75620.
Пост відкрито у 1951 р. До 1955 р. пост знаходився у підпорядкуванні
Севастопольського Управління гідрометеорологічної Служби. З 1956 р. він
переданий Дніпро-Бузькій гирловій станції.
Дніпровський лиман витягнутий зі сходу на захід і має довжину до      62
км, ширина до 15 км, в районі поста 13 км. Берегова смуга тягнеться зі  сходу на
захід і майже на всьому протязі заросла очеретом. Береги низькі, піщані,
навколишня місцевість знаходиться на висоті не більше 2-3 м над рівнем моря і
являє собою рівнину з бідною трав’янистою рослинністю. Глибина в лимані від
2 до 6 м. Дно піщане, місцями мулисте.
Прилегла місцевість суцільно вкрита солоними озерами, на яких
розгорнуті численні соляні промисли.
Рівневий, хвильовий, термічний і льодовий режими відповідають вимогам
морського посту. Об’єктів, що впливають на гідрометеорологічний режим
прилеглого району, немає.
Гідрологічний пост знаходиться біля причалу солепромислу, на відстані
близько 3,8 м від берега. Футшток встановлено на палі причалу.
Спостереження за температурою води проводяться біля футштоку.
Глибина в місті вимірювання 0,5 м. Строки спостереження о 06 та 18 годині
(UTC).
Безперервні спостереження по СРМ розпочато у 1984 р. та продовжувались
по 24 лютого 2023 року.
25
Спостереження за льодовим покривом ведуться з приміщення будівлі
солепромислу, висота пункту спостережень 6,6 м.
Товщина льоду вимірюється на двох ділянках: основній та додатковій,
розташованих у створі на відстані відповідно 50 м і 15 м від берегу. Глибина у
місці вимірювання товщини льоду на основній ділянці – 2,0 м, на додатковій –
1,5 м. Строк спостереження – 06 годин (UTC).
Відмітка нуля поста – 5,000 м БС – 77.",v229_seas,23
