post_no,post_name,post_id,water_body,station_cell,post_type,dist_from_apex_km,dist_from_sea_edge_km,zero_of_post_m,height_system,zero_verbatim,opened,opened_all_dates,status_2023,agency,tables_listed,storage,source_volume,page,code,observations
1,Каховська ГЕС,kakhovka_hpp,р. Дніпро,Каховська ГЕС,,0.0,93.0,-5.0,БС-77,"-5,00 м БС-77",01.01.1956,01.01.1956,діючий до 10.2022,Дніпроенерго,,дирекція Каховської ГЕС,v230_mouths,146,,
2,Нова Каховка,nova_kakhovka,р. Дніпро,м. Нова Каховка,ГП-ІІ,3.0,90.0,-5.0,БС-77,"-5,00 м БС-77",01.12.1963,01.12.1963,діючий до 07.2022,Каховська ГМО Херсонського ЦГМ,,,v230_mouths,146,80802,
4,Херсон,kherson,р. Дніпро,м. Херсон,МГП-І,65.0,28.0,-5.0,БС-77,"-5,00 м БС-77",13.10.1896,13.10.1896,діючий,Миколаївський ЦГМ,2.1.1;2.1.2; 2.1.3; 2.4.2Б;2.4.4,"Миколаївський ЦГМ, ГДА МГС Матеріали спостережень публікуються в Щорічних даних про режим та ресурси вод морів і морських гирл річок том 2(2) ч.2, 2023рік",v230_mouths,146,80805,
6,Касперівка,kasperivka,р. Дніпро рук. Рвач,с. Кізомис МГП-1 Касперівка,МГП-І,91.0,2.0,-5.0,БС-77,"-5,00 м БС-77",01.01.1941,01.01.1941; 01.09.1948,07.1941 діючий,- « -,2.1.1;2.1.2; 2.1.3;2.4.1Б; 2.4.2Б;2.4.4,,v230_mouths,146,80807,
7,Олександрівка,oleksandrivka,р.Південний Буг,с. Олександрівка,ГП-І,,132.0,-3.02,БС-77,"-3,02 м БС-77",14.05.1923,14.05.1923,діючий,- « -,2.1.1;2.1.2; 2.2.2;2.2.3; 2.2.4,,v230_mouths,146,81801,
9,Миколаїв,mykolaiv,р.Південний Буг,м. Миколаїв,МГП-І,54.0,0.0,-5.0,БС-77,"-5,00 м БС-77",05.04.1916,05.04.1916; 19.04.1944,07.1941 діючий,- « -,2.1.1;2.1.2; 2.1.3;2.4.1Б; 2.4.2Б;2.4.4; 2.4.5,,v230_mouths,146,98027,
10,Парутине,parutyne,лим.Дніпро-Бузький,с. Парутине,МГП-І,,42.0,-5.0,БС-77,"-5,00 м БС-77",01.10.1962,01.10.1962,діючий,- « -,2.1.1;2.1.2; 2.1.3;2.4.1Б; 2.4.3А;2.4.4; 2.4.5,,v230_mouths,146,98025,
11,Станіслав,stanislav,лим.Дніпро-Бузький,с. Станіслав,МГП-І,,13.5,-5.0,БС-77,"-5,00 м БС-77",14.08.1924,14.08.1924,діючий до 10.05.2023,- « -,2.1.1;2.1.3; 2.4.1Б;2.4.3А; 2.4.4,,v230_mouths,146,98032,
12,Геройське,heroiske,лим.Дніпро-Бузький,с. Геройське,МГП-І,,33.0,-5.0,БС-77,"-5,00 м БС-77",02.06.1951,02.06.1951,закритий 31.12.2023,- « -,,,v230_mouths,146,98033,
14,Очаків,ochakiv,лим.Дніпро-Бузький,м. Очаків,МГ-ІІ,,61.5,-5.0,БС-77,"-5,00 м БС-77",01.01.1874,01.01.1874,діючий,- « -,2.1.1;2.1.2; 2.1.3;2.4.1Б; 2.4.3А;2.4.4; 2.4.5,,v230_mouths,146,98022,
7,Очаків,ochakiv,лим. Дніпро-Бузький,Очаків,МГ-ІІ,,,-5.0,БС,-5.000,,,,ГМЦ ЧАМ,,,v229_seas,10,98022,HТSWL
8,Парутине,parutyne,лим. Бузький,Парутине,МГП-І,,,-5.0,БС,-5.000,,,,ГМЦ ЧАМ,,,v229_seas,10,98025,HТSL
