post_name,post_id,station_label,critical_low_cm,critical_high_cm,surge_date,surge_exceedance_cm,surge_duration_h,setdown_date,setdown_drop_cm,setdown_duration_h,note,raw_row,source_volume,page,table
Очаків,ochakiv,Очаків,417.0,520.0,6.06,53.0,196,,,,,4 | Очаків | 417-520 | 6.06 | 53 | 196 |  |  |  | ,v229_seas,40,1.1.3
Очаків,ochakiv,Очаків,417.0,520.0,14.06,6.0,12,,,,,4 | Очаків | 417-520 | 14.06 | 6 | 12 |  |  |  | ,v229_seas,40,1.1.3
Очаків,ochakiv,Очаків,417.0,520.0,14.06,1.0,2,,,,,4 | Очаків | 417-520 | 14.06 | 1 | 2 |  |  |  | ,v229_seas,40,1.1.3
Очаків,ochakiv,Очаків,417.0,520.0,15.06,1.0,3,,,,,4 | Очаків | 417-520 | 15.06 | 1 | 3 |  |  |  | ,v229_seas,40,1.1.3
Очаків,ochakiv,Очаків,417.0,520.0,1.12,0.0,2,,,,,4 | Очаків | 417-520 | 1.12 | 0 | 2 |  |  |  | ,v229_seas,40,1.1.3
Очаків,ochakiv,Очаків,417.0,520.0,1.12,5.0,5,,,,,4 | Очаків | 417-520 | 1.12 | 5 | 5 |  |  |  | ,v229_seas,40,1.1.3
Парутине,parutyne,Парутине,440.0,540.0,7.06,59.0,11,19.11,26.0,<1,,5 | Парутине | 440-540 | 7.06 | 59 | 11 | 19.11 | 26 | <1 | ,v229_seas,40,1.1.3
Парутине,parutyne,Парутине,440.0,540.0,1.12,0.0,3,,,,,5 | Парутине | 440-540 | 1.12 | 0 | 3 |  |  |  | ,v229_seas,40,1.1.3
Парутине,parutyne,Парутине,440.0,540.0,14.12,1.0,3,,,,,5 | Парутине | 440-540 | 14.12 | 1 | 3 |  |  |  | ,v229_seas,40,1.1.3
