claim_id,claim_type,claim_text,manuscript_section,scientific_importance,data_status,audit_status,publication_status,source_dataset,derived_dataset,analysis_script,result_file,result_field_or_row,numeric_value,unit,uncertainty,sample_size,time_period,spatial_domain,figure_id,table_id,map_id,literature_thesis_ids,literature_claim_ids,supporting_dois,contradicting_dois,method_dois,scientific_caveat,remaining_action,blocks_submission
V1.1,geodetic_transformation,All gauge stages are carried into one geodetic frame by the official EPSG:9902 operation (BS-77 normal height -> EVRF2019 normal height) sampled from ua_2019z.asc.,5.1 / 4.1,high,complete,SUPPORTED,main,"gauge yearbooks (7 stations, daily); ua_2019z.asc",data/processed/gauges/gauge_levels_evrf2019.parquet,icesat2-atl13-kakhovka@b1c8720:src/kakhovka_altimetry/official_datum.py; SWOT-DNIPRO@6bf0c40:src/swot_dnipro/vertical.py,outputs/tables/gauge_vertical_reference_summary.csv,all rows,10194,daily values transformed,sampler vs independent implementation 0.000 mm,7 stations,"2019-01-01..2025-12-31 (Kherson, Rozumivka); ..2021-12-31 (5 reservoir gauges)",reservoir + Kherson,F2,T2,,T08;T10,LD1.2,,,,Mykolaiv 98027 has no level series; 8 further donor stations lack coordinates.,none,no
V1.2,geodetic_transformation,"The BS-77 -> EVRF2019 offset is spatially varying across the study reach (0.1715-0.2157 m at the 8 stations), so a single national constant is not admissible.",5.1,high,complete,SUPPORTED_WITH_LIMITATION,main,ua_2019z.asc (sha256 297440243e2ed8d67b1a61c6099db173b5fb13f85973854198b167c6c67b1a95),gauge_vertical_reference_summary.csv,icesat2-atl13-kakhovka@b1c8720:scripts/datum_comparison.py,outputs/tables/gauge_vertical_reference_summary.csv,delta_epsg9902_m,0.1715..0.2157,m,spread 44 mm; grid stated accuracy 0.068 m (EPSG registry),8 stations,,32.6-35.3 E,F2,T2,,T10,LD1.2;LD1.3,,,,"The grid's own accuracy (0.068 m) exceeds the 44 mm spread it resolves: the spatial variation is used, the absolute level carries 0.068 m.",state accuracy vs spread explicitly in caption,no
V1.3,metadata_provenance,The six reservoir gauges share a zero of 12.000 m BS-77; Kherson 80805 sits at -5.000 m BS-77 (nominal EVRF2019 zero -4.7924 m).,3.3,medium,complete,SUPPORTED,main,gauge metadata; ГМЦ ЧАМ 2023 yearbooks (paper_3_audit/insitu_2023),,,outputs/tables/gauge_vertical_reference_summary.csv,zero_bs77_m,12.000 / -5.000,m BS-77,,8 stations,,,,T1,,,,,,,"Yearbook post 80802 Nova Kakhovka (tailwater, zero -5.000) is NOT station 80977 (zero +12.000): a 17 m blunder if confused.",none,no
V2.1,internal_product_chain_check,"The documented SWOT PIXC chain height-(solid_earth_tide+load_tide_fes+pole_tide) reproduces RiverSP node heights to -0.0010 m (n=1023); the three alternative branches fail by +0.072, +0.145 and -23.89 m.",5.2,medium,complete,SUPPORTED,main,SWOT PIXC + RiverSP cycle 482 pass 001,,SWOT-DNIPRO@6bf0c40:src/swot_dnipro/vertical.py,outputs/tables/validation_summary_table.csv; outputs/figure_data/Fig03_pixc_riversp_sign_validation.csv,,-0.0010,m,alternatives +0.0720 / +0.1451 / -23.89 m,1023 nodes,2023-04-05,Kherson reach,F3a,T2,,T07;T09,LD1.1,,,,"RiverSP derives from the same SWOT observation: this establishes the correction chain, NOT independent accuracy and NOT the permanent-tide convention.",never word as 'independent validation',no
V3.1,cross_sensor_validation,"Under close temporal collocation (dt = -2.28 h, 2023-05-14) SWOT PIXC and ICESat-2 ATL13 water-surface heights agree to +0.0036 m in the common EGG2015 frame.",5.3,high,complete,SUPPORTED_WITH_LIMITATION,main,SWOT PIXC (Kherson) + ATL13,,,outputs/tables/part4_colocated_swot_icesat.csv,row 2023-05-14,+0.0036,m (SWOT - ICESat-2),other pairs: 2023-04-05 dt +14.2 h -> -0.181 m; 2023-05-04 dt +11.1 h -> +0.060 m,3 co-located overpasses (3417 segments best pair),2023-04..05,Kherson,F3b,T2,,T11;T12,LD1.1,,,,n=3; residual orders with |dt| but no regression is fitted; no universal centimetric agreement may be claimed. Supersedes swot_icesat_hydrological_adjustment.csv (2026-09-07).,none,no
V4.1,satellite_gauge_validation,SWOT PIXC open water within 1 km of the Kherson gauge differs from the gauge in EVRF2019 by +0.0264 m (NMAD 0.041 m) over nine overpasses.,5.4,medium,complete,SUPPORTED_WITH_LIMITATION,main,,,,outputs/tables/validation_summary_table.csv; part7_answers.csv,,+0.0264,m,"NMAD 0.0413 m; 95% CI [-0.0420,+0.0394]",9 overpasses,,Kherson,F3c,T2,,T12;T13,,,,,Point estimate lies marginally outside its own bootstrap CI (different aggregations); radius dependence is the along-channel gradient entering the window.,quote CI and radius together,no
V4.2,negative_result,The 2023-04-05 SWOT-ICESat-2 discrepancy (-18.1 cm) is NOT explained by the Kherson hydrograph: applying the hydrological term worsens it to -24.0 cm.,5.5,medium,complete,NOT_TESTABLE,main (as negative result),,,,outputs/tables/part4_colocated_swot_icesat.csv; kherson_daily_variability.csv,,-0.181 observed; +0.059 expected,m,,1 overpass pair,,,F3d,,,T13,,,,,No wind/pressure record: wind setup can be neither confirmed nor excluded (ERA5 fetch coded; licence not accepted).,"accept ERA5 licence, run fetch_era5.py + analyse_wind_setup.py",no
V5.1,spatial_limit_of_correction,"The reservoir-derived empirical alignment constant (-0.130 m, 5 stations) does not transfer to the Kherson reach (+0.005 m): it is a local contextual term, not a sensor bias and not a datum fix.",7.5,medium,complete,SUPPORTED_WITH_LIMITATION,main,,,,outputs/tables/part4_pooling_test.csv; part4_anchor_summary.csv; {IC}:outputs/tables/egg2015_to_evrf2019_by_station.csv,,"-0.130 [-0.184,-0.081] vs +0.0051 [-0.0515,+0.0608]",m,,6 stations,,,F2/S,,,T10;T11,LD1.2,,,,Rank test cannot reach significance with 5 vs 1 (p floor 0.20); no post-breach constant exists at any station.,none,no
G1,vertical_reference_provenance,"One production BS-77 -> EVRF2019 grid is used everywhere: ua_2019z.asc (ESRI ASCII, 167x99 @0.15 deg, 3776 valid nodes, ETRS89/GRS80), the CRS-EU distribution 'UA_KRON/NH to EVRF2019zero' of EPSG:9902, IDW-interpolated from the 154 defining points (Stopkhai et al.). EPSG:9902, the CRS-EU file and the Stopkhai raster are one product, not three methods.",3.4 / 4.1,high,complete,SUPPORTED,main,icesat2-atl13-kakhovka@b1c8720:data/external/datum/ua_2019z.asc sha256 297440243e2ed8d67b1a61c6099db173b5fb13f85973854198b167c6c67b1a95,,"icesat2-atl13-kakhovka@b1c8720:src/kakhovka_altimetry/official_datum.py (grid read directly; PROJ ships no grid, vgridshift agreement <1 mm)","icesat2-atl13-kakhovka@b1c8720:outputs/reports/kakhovka_datum_comparison.md (grid sanity check PASS: mean 0.145 vs 0.151, sd 0.031 vs 0.034)",,3776 nodes,,,,,,,T2,,,,,,,"Sanity check is consistency, not identity; identity rests on the SHA-256 in provenance.json. Height system zero-tide (EPSG:9389), accuracy 0.068 m.",cite EPSG:9902 + CRS-EU + Stopkhai et al. 2026 together as one product,no
G2,vertical_reference_provenance,"The EGG2015 quasigeoid raster in production (egg_2015.tif, 1'x1', sha256 933cb837...) has no citable upstream source: the public ISG release is 10'x15'.",3.5,high,complete,UNKNOWN,main,icesat2-atl13-kakhovka@b1c8720:data/1_data/egg_2015.tif sha256 933cb8372fa5832b76d2acefba115c34c07af225bc9ec1d12a71d9b18e756d40,,,icesat2-atl13-kakhovka@b1c8720:config/vertical_datums.yaml (PROVENANCE BLOCKER),,egm2008_minus_evrs_m = -0.145 +/- 0.027 (numerically sound),m,,,,,,,,,,,,,"Citation problem, not a numerical one; but a paper cannot cite an unidentified grid.","obtain the 1' EGG2015 grid from BKG/Denker with licence, or re-run the chain on the public 10'x15' grid and report the difference",yes
C-11,permanent_tide_harmonisation,Applying the ATL03 tide-free -> mean-tide term (0.06029 - 0.180873 sin^2 phi) moves the six-station corrector from -0.1695 to -0.1321 m (+0.0374 m; reproduced to 0.3 mm).,4.5,high,complete,SUPPORTED,main,,,SWOT-DNIPRO@6bf0c40:src/swot_dnipro/config.py:free2mean,audit_runs/20260916T093000Z/vertical/tide_system_check.py; outputs/figure_data/Fig04_permanent_tide_correctors.csv,,+0.0374,m,,,,,F2c,T2,,T09,LD1.2,,,,"Residual permanent-tide term for SWOT mean-tide crust vs zero-tide quasigeoid (1-4 cm at 47 N) must be a separate line in the uncertainty budget; ATL13 convention inferred from ATBD, checked in code.",add the 1-4 cm line to the uncertainty table,no
V6.1,historical_datum_re-referencing,"The S-57 sounding depths are reduced to the navigation drawdown level 14.00 m BS-77 (not 16.00 m): ICESat-2 exposed-bed test gives +0.098 m [-0.076,+0.303] at 14.00 vs -1.902 m at 16.00 m.",5.6,high,complete,SUPPORTED_WITH_LIMITATION,main,S-57 soundings (7514) + ATL13 S7 exposed bed,,,outputs/tables/historical_reference_sensitivity.csv; hist2_datum_fit.csv,,"+0.0979 [-0.0756,+0.3028]",m,NMAD 0.498 m over 94 points; three routes span 0.40 m (13.71 / 14.00 / 14.11),28 tracks,,,F5a,T2,,T15;T16;T17,LD1.4,,,,"That soundings were reduced to 14.00 m is the project's OWN inference (C-13 UNRESOLVED), not a statement of the source; the Baltic realisation (BS-42 vs BS-77) is unstated. The honest uncertainty is the 0.40 m spread, not the CI.",keep the permitted phrasing of historical_datum_semantics.md; propagate 0.40 m downstream,no
V6.2,geodetic_transformation,14.00 m BS-77 + per-sounding EPSG:9902 offset gives 14.162-14.216 m EVRF2019 (median 14.185 m).,5.6,medium,complete,SUPPORTED,main,,,,outputs/tables/hist3_datum_in_evrf2019.csv,,14.185,m EVRF2019,spread 54 mm,7514 soundings,,,,T2,,,,,,,,none,no
V7.1,historical_digitisation_validation,"The digitised 22-25 April 1970 field-measured longitudinal free-surface curve (Fig. 16 curve 2) reproduces Table 20 to median +0.022 m, NMAD 0.045 m.",5.7,medium,complete,SUPPORTED,main,monograph photographs (8 pages); data/historical/historical_longitudinal_wse.csv,,,data/processed/historical/historical_fig16_profiles.csv,,+0.022,m,NMAD 0.045 m,12 digitised points,,,F5c,,,T15;T16,LD1.4,,,,"Steep upper limb (>=210 km) deviations -0.77/-0.66 m are Table-20 interpolation error, not digitisation error; curve 4 not digitised.",digitise curve 4 by curve tracing (P2),no
V7.2,hydraulic_validation_against_history,Pre-breach ICESat-2 per-reach slopes (0-180 km: 0.00/-0.06/+0.06 cm/km; 210-240 km: +0.13) lie inside the historical discharge envelope: the impounded pool was near-level.,6.1,high,complete,SUPPORTED_WITH_LIMITATION,main,,,SWOT-DNIPRO@6bf0c40:scripts/hist6_pre_slope_falsification.py,outputs/tables/hist6_reach_slopes.csv,,0.00 / -0.06 / +0.06 / +0.13,cm/km,,5 reaches,,,F5d,,,T01;T15,LT1.1;LD1.4,,,,Per-date fits span a median of 8.3 km; no reach value is a gradient measured across the reach.,none,no
V7.3,artefact_diagnosis,"The anomalous 180-210 km pre-breach reach slope is a chainage-geometry artefact (chainage span / ground span median 1.34), not a hydraulic signal.",5.8,medium,complete,SUPPORTED,main,,,,outputs/tables/hist7_slope_geometry.csv,,,,,98 per-date fits,,,S-HIST7,,,,,,,,First hypothesis (widest-pool chainage failure) was tested and rejected.,none,no
V8.1,scale_argument,"Documented seiches and wind setup for this reservoir exceed the mean hydraulic rise over 183 km (0 cm at Qmin, 6 cm at Q20%, 42 cm at Q1%), so pre-breach scatter of ~7 cm within an overpass is physical.",7.3,medium,complete,SUPPORTED_WITH_LIMITATION,main,,,,outputs/tables/hist10_dynamic_vs_mean.csv,,0 / 6 / 42,cm,,6 documented phenomena,,,S-V7/V8,,,T13;T16,,,,,No causal attribution for any satellite date: no simultaneous wind/pressure data.,none,no
V9.1,geomorphological_validation,66.4% of soundings below +7.38 m lie within 3 km of the SWORD corridor; deep depressions concentrate near the modern river corridor.,5.9 / supplement,low,complete,SUPPORTED_WITH_LIMITATION,supplement,,,,outputs/tables/hist12_bed_morphology_tests.csv,,,,,7509 soundings,,,S-V11/V14,,,,,,,,SWORD is a modern-channel proxy; +7.38 m is descriptive only.,none,no
V9.2,cross_validation_bed,ICESat-2 S7 exposed dry-bed elevations (median +10.32 m) are consistent with the shallow historical platform (+10.51 m; diff -0.19 m).,5.9,medium,complete,SUPPORTED_WITH_LIMITATION,main,,,,outputs/tables/hist12_bed_morphology_tests.csv,,-0.19,m,platform NMAD 2.26 m; 76.6% of S7 on platform,28 tracks,,,S-V14,,,,,,,,Validates the dry-bed mask and platform selection only; S7 has no observations from the deepest 20 m.,none,no
V9.3,sanity_check,The reconstructed bed does not intrude into Terrace III: minimum clearance 5.74 m.,supplement,low,complete,SUPPORTED,supplement,,,,outputs/tables/hist12_bed_morphology_tests.csv; historical_terraces.csv,,5.74,m,,,,,,,,,,,,,,none,no
V9.4,retracted_framing,RETRACTED: the bed-elevation distribution is NOT bimodal (skew -0.76; no mode-separation test). The words 'bimodal'/'antimode' must not appear.,removed,low,complete,UNSUPPORTED,supplement / methods caveat,,,,outputs/tables/hist12_bed_morphology_tests.csv,,,,,,,,,,,,,,,,,verify the draft contains no 'bimodal' wording (grep clean 2026-09-18),no
V9.5,weak_result,Longitudinal bed-roughness contrast (1.73 vs 1.48 m) is weak and rests on one 20 km band.,supplement,low,complete,REVISE_UNCERTAINTY,supplement,,,,outputs/tables/hist12_bed_morphology_tests.csv,,,,,,,,,,,,,,,,,"report, do not rely on",no
V9.6,invalidated_test,RETRACTED: point-count exposure test is invalid by construction (survey follows the channel); superseded by V10.1.,removed,low,,UNSUPPORTED,methods caveat,,,,,,,,,,,,,,,,,,,,,none,no
V10.1,independent_area_weighted_validation,"An independently reconstructed bed (hist14 OK, 250 m, registry domain) reproduces the historical reservoir-wide drawdown exposure: 12.95% historical (Table 21) vs 12.77% reconstructed (-0.18 pp; interpolators 12.61-13.29%).",5.10,high,complete,SUPPORTED_WITH_LIMITATION,main,S-57 soundings; monograph Table 21,hist14 bed surface,SWOT-DNIPRO@6bf0c40:scripts/hist15_exposure_area.py; hist16_geomorph_final.py; hist17,outputs/tables/historical_exposure_area_validation.csv; hist17_grid_resolution.csv (2026-09-13),hist17 scope=whole cell_m=250,12.9466 vs 12.7668,% of area at NPG,interpolator spread 0.68 pp; datum 1-sigma alone +/-1.14 pp (audit C-12) NOT yet propagated,3 morphometric reaches (5 is NA; 1+2 merged),,,F5b,T3,,T17;T18,LD1.4,,,,"DRAFT v1 (2026-09-10) still quotes the P20-era 12.38% / -0.57 pp (34,959 cells); hist17 was regenerated on the registry domain 2026-09-13 (b3255e4) -> 12.77% / -0.18 pp (37,419 cells). The 0.1-0.2 pp agreement is inside the +/-1.14 pp datum band and must not be quoted as precision. Table 21 was validation, not calibration.",replace 12.38/-0.57 everywhere in the draft; requote with a datum-propagated band (C-12 / F-11),yes
V10.2,methodological_sensitivity,The shoreline boundary condition is the most consequential choice in the bed reconstruction: unconstrained 6.7% vs constrained at the observed 2023-06-05 waterline (17.08 m EVRF2019) 12.3%.,4.8 / 5.10,high,complete,SUPPORTED,main,,,,outputs/tables/hist14_surface_summary.csv; historical_exposure_area_validation.csv,,6.7 vs 12.3,%,,3 boundary variants,,,F5a,T3,,,,,,,Interpolation boundary (17.08 m) and exposure denominator (NPG 16.18 m) are different quantities.,none,no
V10.3,cross_validation,"Blocked (1 km) cross-validation of the soundings-only bed surface: preferred OK RMSE 2.761 m, NMAD 1.32 m, bias -0.03 m, median |e| 0.89 m (IDW 2.78, LINEAR 2.82, RBF 3.23).",5.9,high,complete,SUPPORTED,main,,,SWOT-DNIPRO@6bf0c40:scripts/hist14*; hist18*,outputs/tables/hist14_interpolator_cv.csv; hist18_error_decomposition.csv,scheme=blocked1km method=OK,2.761,m RMSE,NMAD 1.322; bias -0.032,7509 soundings,,,F5a/S-V16,T3,,T17;T18,,,,,"hist14 uses soundings only (no shoreline pseudo-points), so the circular-validation issue of C-04 (p19 zones) does NOT apply here; the hist24 err_var sign bug (C-07) affects experimental hist24 soft products only, not this surface (C-08: induced bias 0.006-0.099 m).",none,no
V10.4,error_decomposition,"The 2.76 m is a heavy-tailed error of local bed morphology, not a vertical offset: random hold-out 2.648 m, 1 km blocking x1.04, 5 km x1.2; datum excluded (bias -0.032 m, sign-changing).",5.9.1,medium,complete,SUPPORTED,main,,,,outputs/tables/hist18_cv_scheme_comparison.csv; hist18_error_decomposition.csv,,,,,,,,S-V16,,,,,,,,,none,no
V10.5,hypsometric_validation,The reconstructed bed reproduces the published level-area curve to RMS 74 km2 (3.8%) across 17 levels but is biased negative at all levels (worst -9.0% at 10.0 m).,supplement,medium,complete,SUPPORTED_WITH_LIMITATION,supplement,,,,outputs/tables/hypsometric_constraint_test.csv,,74 km2 / 3.8%,,,,,,S-V17,,,,,,,,Must NOT be used to condition the DEM: Table 21 drying area is arithmetically the same information (A(NPG)-A(GMO) = 279 km2).,none,no
V11.1,numerical_convergence,"Exposure fraction converged with grid resolution: 250 m 12.77%, 50 m 12.79%, 30 m 12.79% (drift +0.02 pp).",5.11,low,complete,SUPPORTED,main (one sentence),,,,outputs/tables/hist17_grid_resolution.csv (2026-09-13),,12.77/12.79/12.79,%,,,,,F5d,,,,,,,,Draft quotes 12.38/12.32 (stale P20-era values).,update draft numbers,yes
M1.1,MAIN_RESULT_hydraulic_regime_transition,"Per-overpass longitudinal water-surface slope within the former reservoir footprint: Theil-Sen median +0.090 cm/km pre-breach (10/14 positive, sign p=0.18) -> +3.314 cm/km post-breach (14/14 positive, p=1.2e-4); difference +3.223 cm/km, 95% bootstrap CI [+1.994,+5.071], permutation p=1.0e-4, Mann-Whitney p=3.9e-5.",6.3 / 6.4,critical,complete,SUPPORTED_WITH_LIMITATION,main,ICESat-2 ATL13 v7 -> icesat2-atl13-kakhovka@b1c8720 EVRS per beam-pass (H_evrs_egg2015 + free2mean),outputs/figure_data/FigD_kakhovka_profile_points.csv (one row per beam per overpass),"SWOT-DNIPRO@6bf0c40:scripts/make_longitudinal.py (chainage: 60-bin principal-axis centreline of reservoir polygon, EPSG:32636; fit per date) -> scripts/make_transition_stats.py (Theil-Sen, bootstrap, permutation, sign test)",outputs/tables/kakhovka_transition_statistics.csv (row estimator=Theil-Sen); kakhovka_perdate_slopes_robust.csv (33 dates),diff_post_minus_pre_cm_km=3.2232; diff_ci95_low=1.9944; diff_ci95_high=5.0707; permutation_p=9.9995e-05,+0.0905 -> +3.3137; diff +3.2232,cm/km,"95% CI [+1.994,+5.071]; NMAD pre 0.176 post 2.49","14 pre / 14 post dates (min span 20 km); 6 beam-median points per date, median span 23.8 / 26.9 km",PRE 2019-07-11..2022-07-31; POST 2024-01-05..2025-11-03,"former reservoir footprint, all water (not channel-restricted)",F4;F3(profiles),T3,,T01;T02;T03;T06;T14;T23,LK1.1;LT1.1;LT1.2,,,,"Each per-date slope is a fit through <=6 beam-aggregated points over ~20-70 km: a LOCAL slope, the claim is about the distribution across dates. The unit is the overpass (segments/beams never treated as replicates). Footprint-wide, not channel-restricted (see M1.4). The chainage centreline is a reservoir-axis polyline, not SWORD (draft abstract says 'SWORD-based chainage' - check wording). Robust to min-span 10/20/30/40 km (FigG_span_sensitivity.csv).",state '6 beam points per overpass' and the footprint/channel distinction in Methods; reconcile 'SWORD-based chainage' wording,no
M1.2,transition_kinematics,"The drawdown period (2023-07-07..09-07, n=5) already shows the post-breach gradient: Theil-Sen median +3.245 cm/km.",6.2,high,complete,SUPPORTED_WITH_LIMITATION,main,,,,outputs/tables/kakhovka_transition_statistics.csv (median_drawdown_cm_km); kakhovka_perdate_slopes_robust.csv,,+3.2449,cm/km,,5 dates,2023-07-07..2023-09-07,,F4a,T3,,T23,,,,,n=5; no CI quoted; one date at -5.25 cm/km with 7.4 m range (2023-07-07).,none,no
M1.3,sensitivity_analysis,"Estimator-robust: OLS gives +0.038 -> +2.781 cm/km, difference +2.744 [+1.454,+4.323], permutation p=3.0e-4.",6.3,medium,complete,SUPPORTED,main,,,,outputs/tables/kakhovka_transition_statistics.csv (row estimator=OLS),,+2.7439,cm/km,"[+1.4542,+4.3225]",,,,,T3,,,,,,,,none,no
M1.4,underpowered_control,"Channel-restricted profiles (POST main-channel n=6 vs PRE channel-restricted n=20): Theil-Sen difference +1.109 cm/km, 95% CI [-0.086,+2.186] includes zero; permutation p=0.0009; post positive 4/6.",6.4,critical,partial,REVISE_UNCERTAINTY,main (as limitation),,,SWOT-DNIPRO@6bf0c40:scripts/phase19_profiles.py,outputs/tables/reservoir_to_river_statistics.csv (row Theil-Sen); allwater_vs_channel_slopes.csv,,+1.1089,cm/km,"[-0.0861,+2.1858]",20 pre / 6 post,,,F4c,T3,,T20;T21,,,,,"Part of the all-water contrast may come from residual water bodies at differing elevations. The headline must read 'water surface within the former reservoir footprint', not 'the channel'. allwater_vs_channel_slopes.csv shows all-water slopes of 47 and 98 cm/km on 2024-07-27 and 2025-06-04 (pond contamination), which the channel-only fit removes.","P1: expand qualifying post-breach dates (relax channel point-count threshold; add unprocessed ATL13 cycles); if CI still includes zero, report that as the result",no
M2.1,MAIN_RESULT_heterogeneity,"Within-overpass water-surface p95-p05 range (metric F4) over the footprint rose from 0.117 m (192 pre dates) to 0.397 m (23 post dates): +0.280 m, 95% CI [+0.138,+0.367], permutation p=5e-5, Mann-Whitney p=1.6e-11.",6.5,high,complete,SUPPORTED,main,,,SWOT-DNIPRO@6bf0c40:scripts/phase20_fragmentation_report.py,outputs/tables/pre_post_fragmentation_statistics.csv,metric=F4_wse_p05_p95_range_m,0.1169 -> 0.3967; diff +0.2798,m,"[+0.1380,+0.3669]",192 pre / 23 post dates,,,F6,T3,,T04;T05;T24,LT1.2,,,,"F4 on ALL ATL13 dates in the footprint; must NOT be confused with the within-profile range of the 14/14 slope sample (0.090 -> 1.827 m, kakhovka_pre_post_slope_summary.csv). Heterogeneity is 'p95-p05 range', not SD/NMAD.",state the metric definition and both n explicitly,no
M3.1,descriptive_spatial_evidence,"Sentinel-2 (coverage-aware): the one pre-breach date with near-complete coverage (2023-06-05) shows 2 water bodies, ~2,129 km2, largest component 99.995%; post-breach full-coverage dates show 161-634 bodies, largest-component fraction 31.5-80.6%.",6.6,medium,partial,SUPPORTED_WITH_LIMITATION,"main (descriptive, no p-value)",,,SWOT-DNIPRO@6bf0c40:scripts/phase20_* (water objects); p24 mask re-emit,outputs/tables/fragmentation_metrics_by_date.csv; phase20_coverage_sensitivity.csv,,,,,1 pre / 4 post dates with >80% footprint observed,,,F7,T3,,T19;T22,LK1.2,,,,"n_pre=1: NO p-value. Audit C-02 UNSUPPORTED (F2 0->0.31 inferential contrast) and C-03 CONTRADICTED (body counts correlate with observed fraction rho=+0.57, p=1e-4). Two other pre-breach dates at partial coverage give F2 0.54/0.65 ABOVE the post median 0.24. Area 2,129 vs 2,033 km2 (C-01) reflects footprint revision B-2b (2,299 km2) - pick one and cite its table row.",reformulate without body counts; recompute with both periods restricted to coverage_class==HIGH (audit C-02 next test),no
M3.2,supporting_spatial_evidence,"Classified residual water bodies sit a median 0.595 m below the adjacent channel stem (NMAD 0.459 m; 15.3% above), consistent with disconnected remnants.",6.7,medium,complete,SUPPORTED_WITH_LIMITATION,main,,,SWOT-DNIPRO@6bf0c40:scripts/phase19_profiles.py,outputs/tables/residual_water_offset_summary.csv (population B_high_confidence),,-0.5951,m,NMAD 0.459; p05 -1.19 p95 +0.51,678 matched observations,,,F7d,,,T21,,,,,"Population A (-0.44 m, max +12.6 m) is contaminated by a 2023-09-01 non-water cluster and is not quoted.",none,no
C-02,fragmentation_inferential,WITHDRAWN as inferential claim: 'planar fragmentation rose from F2=0.00 to ~0.31' rests on a PRE cohort of n=3 with only one full-coverage date.,removed from 6.6,medium,,UNSUPPORTED,not publishable as stated,,,,outputs/tables/pre_post_fragmentation_statistics.csv; phase20_coverage_sensitivity.csv (inferential=False rule),,,,,,,,,,,T19;T20,,,,,,recompute with coverage_class==HIGH in both periods; otherwise descriptive only,no
C-03,fragmentation_counts,"CONTRADICTED: 'the number of water bodies increased after the breach' is a coverage artefact (n_bodies vs observed fraction Spearman rho=+0.568, p=0.0001).",removed,,,CONTRADICTED,not publishable,,,,outputs/tables/fragmentation_metrics_by_date.csv,,,,,,,,,,,,,,,,,reformulate without counts,no
C-14,slope_discharge_interaction,NOT TESTABLE: whether slope depends on discharge differently after the breach (beta3 = Q x POST) cannot be tested - DniproHES discharge ends 2023-12-31 and all 14 POST dates are 2024-2025 (n_POST_with_Q = 0). PRE vs DRAWDOWN (n=5) detects no Q dependence but is not a substitute.,7.4 / 7.9 limitations,high,missing (post-2023 Q),NOT_TESTABLE,limitation statement only,,,SWOT-DNIPRO@6bf0c40:scripts/h_hydraulic_slope_vs_q.py,outputs/tables/slope_Q_regression_results.csv; outputs/reports/hydraulic_slope_vs_Q_analysis.md; Q1-Q8_post_q_recovery.md,,,,,14 pre + 5 drawdown with Q; 0 post with Q,,,,,,T01;T23,,,,,Must never be worded as 'no relationship'. Recovery path: Ukrhydroenergo 'Таблиця №2' daily pages 2024-2025 (not retrieved; no URL guessing).,P2: obtain 2024-2025 DniproHES daily discharge; then fit the interaction,no
C-15,swot_lakesp_transition,"EXPLORATORY: SWOT LakeSP object structure across the breach under fixed cal/val geometry - inside the connected water system object count does not change (+14.5, p=0.195); the increase (+111) is confined to the ZONE_1 polygon outside dnipro_water_domain.",not in v2 unless reanalysed,low,,REQUIRES_REANALYSIS,none,,,SWOT-DNIPRO@6bf0c40:scripts/p23_lakesp_calval_transition.py,outputs/tables/p23_lakesp_pre_post_calval_dwd_v2.csv,,,,,,,,,,,T07;T22,,,,,,separate Obs from Unassigned; check prior-matched areas; restrict PRE to last 4 weeks,no
C-16,zone_bed_dem,"CONTRADICTED: mask-derived shoreline soft constraints do NOT improve the ZONE_2/4 bed DEM - soundings-only LINEAR 2.31 m (Z2) / 2.20 m (Z4) beats every constrained arm (4.4-5.8 m, bias +2.8..+4.2).",not in Paper 3 (ZONE_2/4 are downstream products),low,,CONTRADICTED,none,,,,outputs/tables/p28_interpolator_cv_ZONE_*.csv,,,,,,,,,,,,,,,,,none for Paper 3,no
C-04,zone_bed_dem_accuracy,SUPERSEDED: pooled CV 1.84 m (Z4) / 2.93 m (Z2) was 62-77% shoreline pseudo-points; against soundings only RMSE is 3.19 m (Z4) / 3.99 m (Z2) with +0.8/+1.2 m bias (C-05).,not in Paper 3,,,UNSUPPORTED,none,,,,outputs/tables/p19_interpolator_cv_*.csv; audit_runs/20260916T072412Z/bathymetry/diagnostic_results.json,,,,,,,,,,,,,,,,,never quote pooled CV as bottom accuracy,no
C-07,kriging_code_defect,hist24 ok_soft adds err_var with inverted sign (noisier observations gain weight); induced bias 0.006-0.099 m vs CV RMSE 1.8-2.9 m (C-08: harmless at current parameters).,n/a (hist24 not used by Paper 3 DEM),low,,CONTRADICTED,none,,,SWOT-DNIPRO@6bf0c40:scripts/hist24_three_contour_dem.py:123-134,audit_runs/20260916T093000Z/kriging/independent_check.py,,,,,,,,,,,,,,,,,fix sign before any hist24 product is used (F-04); Paper 3 DEM (hist14) unaffected,no
X1.1,coordinate_reconciliation,"Historical (reservoir-axis) and modern (SWORD channel) chainage differ by ~1.36 at two usable tie points; reaches 1 and 2 are merged, reach 5 is outside the domain.",supplement,medium,,REVISE_UNCERTAINTY,supplement,,,,outputs/tables/historical_chainage_ties.csv,,,,,5 candidate ties (2 usable),,,,,,,,,,,,none,no
X2.1,unresolvable_limitation,The S-57 survey epoch is unrecorded (SORDAT/RECDAT empty in all 7514 records): no rate of bed change can be formed and no bed-stability claim is made.,7.9,medium,,NOT_TESTABLE,main (limitation),,,,outputs/tables/qa1_field_provenance.csv,,,,,,,,,,,,,,,,,none,no
LK1.1,literature_K_KAKHOVKA_NOVELTY,"Among the post-breach Kakhovka studies recovered and screened by slice S1 (1051 worldwide, 481 candidates, 226 screened, 17 full text), none quantifies a longitudinal water-surface gradient (reports_wse_slope_n = 0).",7.8,high,corpus 3680 papers + harvest 88 selected,UNKNOWN,blocked: RETRIEVAL_UNVALIDATED,"knoweledg_graf ChromaDB flood_papers_768d (1,313,665 chunks at freeze; 1,350,310 on 2026-09-18) + OpenAlex boolean slices S1-S4 (sha f642c943...)",,knoweledg_graf:src/paper_3 (retrieve -> gap_matrix -> v2/literature_matrix),paper_3_audit/LITERATURE_MATRIX_EXPLORATORY_UNVALIDATED.csv; GAP_MATRIX_EXPLORATORY_UNVALIDATED.csv; SLICE_DENOMINATORS.csv,,,,,,,,,,,T03;T19,LK1.1,see LITERATURE_MATRIX row (closest quote DOI); not citable until gate passes,,,Answers: KAKHOVKA NOVELTY. Acceptance gate NOT READY (0/24 verified controls; 15/24 theses without a positive control). '0 detected' may not be read as 'does not exist'.,verify hold-out positive controls for the backing theses; re-run --step retrieve; calibrate precision,yes
LK1.2,literature_K_KAKHOVKA_NOVELTY,"The screened Kakhovka literature characterises the event predominantly through planform quantities (S1: reports_extent 82, vegetation 135, wse 29, bathymetry 7, morphology 25 of 226 screened).",7.8,high,corpus 3680 papers + harvest 88 selected,UNKNOWN,blocked: RETRIEVAL_UNVALIDATED,"knoweledg_graf ChromaDB flood_papers_768d (1,313,665 chunks at freeze; 1,350,310 on 2026-09-18) + OpenAlex boolean slices S1-S4 (sha f642c943...)",,knoweledg_graf:src/paper_3 (retrieve -> gap_matrix -> v2/literature_matrix),paper_3_audit/LITERATURE_MATRIX_EXPLORATORY_UNVALIDATED.csv; GAP_MATRIX_EXPLORATORY_UNVALIDATED.csv; SLICE_DENOMINATORS.csv,,,,,,,,,,,T19;T03,LK1.2,see LITERATURE_MATRIX row (closest quote DOI); not citable until gate passes,,,Answers: KAKHOVKA NOVELTY. Acceptance gate NOT READY (0/24 verified controls; 15/24 theses without a positive control). '0 detected' may not be read as 'does not exist'.,verify hold-out positive controls for the backing theses; re-run --step retrieve; calibrate precision,yes
LK1.3,literature_K_KAKHOVKA_NOVELTY,Published hydrodynamic reconstructions of the Kakhovka outburst attribute stage error to terrain input; vertical reference is treated as secondary rather than as a harmonised frame.,7.8,high,corpus 3680 papers + harvest 88 selected,UNKNOWN,blocked: RETRIEVAL_UNVALIDATED,"knoweledg_graf ChromaDB flood_papers_768d (1,313,665 chunks at freeze; 1,350,310 on 2026-09-18) + OpenAlex boolean slices S1-S4 (sha f642c943...)",,knoweledg_graf:src/paper_3 (retrieve -> gap_matrix -> v2/literature_matrix),paper_3_audit/LITERATURE_MATRIX_EXPLORATORY_UNVALIDATED.csv; GAP_MATRIX_EXPLORATORY_UNVALIDATED.csv; SLICE_DENOMINATORS.csv,,,,,,,,,,,T02;T08,LK1.3,see LITERATURE_MATRIX row (closest quote DOI); not citable until gate passes,,,Answers: KAKHOVKA NOVELTY. Acceptance gate NOT READY (0/24 verified controls; 15/24 theses without a positive control). '0 detected' may not be read as 'does not exist'.,verify hold-out positive controls for the backing theses; re-run --step retrieve; calibrate precision,yes
LT1.1,literature_T_PHYSICAL_INTERPRETATION,"Dam removal, dam failure and rapid drawdown produce a transition from impounded towards channelised fluvial hydraulics (slope, velocity, shear stress, connectivity).",7.8,medium,corpus 3680 papers + harvest 88 selected,UNKNOWN,blocked: RETRIEVAL_UNVALIDATED,"knoweledg_graf ChromaDB flood_papers_768d (1,313,665 chunks at freeze; 1,350,310 on 2026-09-18) + OpenAlex boolean slices S1-S4 (sha f642c943...)",,knoweledg_graf:src/paper_3 (retrieve -> gap_matrix -> v2/literature_matrix),paper_3_audit/LITERATURE_MATRIX_EXPLORATORY_UNVALIDATED.csv; GAP_MATRIX_EXPLORATORY_UNVALIDATED.csv; SLICE_DENOMINATORS.csv,,,,,,,,,,,T01;T02,LT1.1,see LITERATURE_MATRIX row (closest quote DOI); not citable until gate passes,,,Answers: PHYSICAL INTERPRETATION. Acceptance gate NOT READY (0/24 verified controls; 15/24 theses without a positive control). '0 detected' may not be read as 'does not exist'.,verify hold-out positive controls for the backing theses; re-run --step retrieve; calibrate precision,yes
LT1.2,literature_T_PHYSICAL_INTERPRETATION,"Longitudinal water-surface slope is a diagnostic state variable for hydraulic regime, separable from area; a sustained change is read as a regime shift, not a relaxation transient.",7.8,medium,corpus 3680 papers + harvest 88 selected,UNKNOWN,blocked: RETRIEVAL_UNVALIDATED,"knoweledg_graf ChromaDB flood_papers_768d (1,313,665 chunks at freeze; 1,350,310 on 2026-09-18) + OpenAlex boolean slices S1-S4 (sha f642c943...)",,knoweledg_graf:src/paper_3 (retrieve -> gap_matrix -> v2/literature_matrix),paper_3_audit/LITERATURE_MATRIX_EXPLORATORY_UNVALIDATED.csv; GAP_MATRIX_EXPLORATORY_UNVALIDATED.csv; SLICE_DENOMINATORS.csv,,,,,,,,,,,T03;T23,LT1.2,see LITERATURE_MATRIX row (closest quote DOI); not citable until gate passes,,,Answers: PHYSICAL INTERPRETATION. Acceptance gate NOT READY (0/24 verified controls; 15/24 theses without a positive control). '0 detected' may not be read as 'does not exist'.,verify hold-out positive controls for the backing theses; re-run --step retrieve; calibrate precision,yes
LD1.1,literature_D_METHOD_VALIDITY,"SWOT and ICESat-2 each resolve inland water-surface geometry at the precision a longitudinal gradient requires, on different reference surfaces and tide conventions.",7.8,medium,corpus 3680 papers + harvest 88 selected,UNKNOWN,blocked: RETRIEVAL_UNVALIDATED,"knoweledg_graf ChromaDB flood_papers_768d (1,313,665 chunks at freeze; 1,350,310 on 2026-09-18) + OpenAlex boolean slices S1-S4 (sha f642c943...)",,knoweledg_graf:src/paper_3 (retrieve -> gap_matrix -> v2/literature_matrix),paper_3_audit/LITERATURE_MATRIX_EXPLORATORY_UNVALIDATED.csv; GAP_MATRIX_EXPLORATORY_UNVALIDATED.csv; SLICE_DENOMINATORS.csv,,,,,,,,,,,T05;T06;T07,LD1.1,see LITERATURE_MATRIX row (closest quote DOI); not citable until gate passes,,,Answers: METHOD VALIDITY. Acceptance gate NOT READY (0/24 verified controls; 15/24 theses without a positive control). '0 detected' may not be read as 'does not exist'.,verify hold-out positive controls for the backing theses; re-run --step retrieve; calibrate precision,yes
LD1.2,literature_D_METHOD_VALIDITY,"Vertical-datum choice and permanent-tide convention introduce cm-dm offsets of the order of the hydraulic signal, varying spatially over a domain of this size.",7.8,medium,corpus 3680 papers + harvest 88 selected,UNKNOWN,blocked: RETRIEVAL_UNVALIDATED,"knoweledg_graf ChromaDB flood_papers_768d (1,313,665 chunks at freeze; 1,350,310 on 2026-09-18) + OpenAlex boolean slices S1-S4 (sha f642c943...)",,knoweledg_graf:src/paper_3 (retrieve -> gap_matrix -> v2/literature_matrix),paper_3_audit/LITERATURE_MATRIX_EXPLORATORY_UNVALIDATED.csv; GAP_MATRIX_EXPLORATORY_UNVALIDATED.csv; SLICE_DENOMINATORS.csv,,,,,,,,,,,T08;T09;T10;T11,LD1.2,see LITERATURE_MATRIX row (closest quote DOI); not citable until gate passes,,,Answers: METHOD VALIDITY. Acceptance gate NOT READY (0/24 verified controls; 15/24 theses without a positive control). '0 detected' may not be read as 'does not exist'.,verify hold-out positive controls for the backing theses; re-run --step retrieve; calibrate precision,yes
LD1.3,literature_D_METHOD_VALIDITY,"Among S2-slice inland-water altimetry studies engaging a vertical reference, the share naming a permanent-tide convention is reported as measured (S2: permanent_tide_n = 1 of 361 screened).",7.8,medium,corpus 3680 papers + harvest 88 selected,UNKNOWN,blocked: RETRIEVAL_UNVALIDATED,"knoweledg_graf ChromaDB flood_papers_768d (1,313,665 chunks at freeze; 1,350,310 on 2026-09-18) + OpenAlex boolean slices S1-S4 (sha f642c943...)",,knoweledg_graf:src/paper_3 (retrieve -> gap_matrix -> v2/literature_matrix),paper_3_audit/LITERATURE_MATRIX_EXPLORATORY_UNVALIDATED.csv; GAP_MATRIX_EXPLORATORY_UNVALIDATED.csv; SLICE_DENOMINATORS.csv,,,,,,,,,,,T08;T09;T10;T11,LD1.3,see LITERATURE_MATRIX row (closest quote DOI); not citable until gate passes,,,Answers: METHOD VALIDITY. Acceptance gate NOT READY (0/24 verified controls; 15/24 theses without a positive control). '0 detected' may not be read as 'does not exist'.,verify hold-out positive controls for the backing theses; re-run --step retrieve; calibrate precision,yes
LD1.4,literature_D_METHOD_VALIDITY,Historical bathymetric surveys and design records can serve as independent quantitative validation targets once their reduction datum is established.,7.8,medium,corpus 3680 papers + harvest 88 selected,UNKNOWN,blocked: RETRIEVAL_UNVALIDATED,"knoweledg_graf ChromaDB flood_papers_768d (1,313,665 chunks at freeze; 1,350,310 on 2026-09-18) + OpenAlex boolean slices S1-S4 (sha f642c943...)",,knoweledg_graf:src/paper_3 (retrieve -> gap_matrix -> v2/literature_matrix),paper_3_audit/LITERATURE_MATRIX_EXPLORATORY_UNVALIDATED.csv; GAP_MATRIX_EXPLORATORY_UNVALIDATED.csv; SLICE_DENOMINATORS.csv,,,,,,,,,,,T15;T16;T17;T18,LD1.4,see LITERATURE_MATRIX row (closest quote DOI); not citable until gate passes,,,Answers: METHOD VALIDITY. Acceptance gate NOT READY (0/24 verified controls; 15/24 theses without a positive control). '0 detected' may not be read as 'does not exist'.,verify hold-out positive controls for the backing theses; re-run --step retrieve; calibrate precision,yes
