visual_id,type,manuscript_section,scientific_question,claim_ids,data_sources,source_files,analysis_script,existing_output,needs_regeneration,scientific_status,blocking_issue,caption_message
F1,MAP,2,"Where is the system, where are the gauges, what did each sensor actually observe?",V1.1;V1.3;M1.1,reservoir polygon (Kakhovka_SA_2.geojson); SWORD v16; gauges.yaml; ATL13 track geometry; SWOT coverage inventory; historical reaches,outputs/tables/gauge_vertical_reference_summary.csv; atl13_water_classification.parquet; swot_dataset_inventory.csv; data/historical/historical_reservoir_reaches.csv,V0 gauge network script (validation_series); SFig01; Fig12,outputs/figures/validation_series/png/V0_gauge_network_en.png (09-09); publication/png/SFig01_swot_icesat_track_geometry.png; publication/png/Fig12_swot_prebreach_coverage.png,"YES - compose as one 3-panel map (a footprint+dam+gauges+chainage axis, b ICESat-2 tracks by period, c SWOT coverage); add historical reach boundaries 1+2/3/4 and the two usable chainage ties",ready (inputs exist),none,SWOT never covered the pool (coverage fact); the chainage axis is a reservoir-axis centreline; pre/post ICESat-2 sampling is spatially comparable.
F2,FIGURE,4.1 / 5.1,"How are four native reference surfaces and two tide conventions reduced to one frame, and how large is each step?",V1.1;V1.2;G1;C-11;V5.1,ua_2019z.asc; egg_2015.tif; free2mean; station correctors,outputs/tables/vertical_reference_audit.csv; gauge_vertical_reference_summary.csv (delta_epsg9902_m); figure_data/Fig04_permanent_tide_correctors.csv; icesat repo egg2015_to_evrf2019_by_station.csv,V1 framework script; Fig04 script; panel (b) TO BUILD,outputs/figures/validation_series/png/V1_vertical_reference_framework.png (09-10); publication/png/Fig04_permanent_tide_effect_correctors.png (09-07),"PARTIAL - panel (b) EPSG:9902 offset vs longitude (0.1715-0.2157 m) does not exist; panel (a) must show magnitudes: Δ9902 +0.17..+0.22, free2mean +0.037, c_station -0.13..-0.22, 1-4 cm residual permanent tide",ready except panel b,G2 EGG2015 provenance must be resolved before the EGG2015 box can carry a citation,"4.4 cm station spread vs 0.068 m grid accuracy; EPSG:9902 never applied to ellipsoidal heights; PIXC vs RiverSP is internal, not independent."
F3,FIGURE,5.2-5.5,"Do the sensor chains agree with each other and with the gauge, and is the one failure reported as a failure?",V2.1;V3.1;V4.1;V4.2,SWOT PIXC/RiverSP; ATL13; Kherson gauge,validation_summary_table.csv; part4_colocated_swot_icesat.csv; kherson_hydrograph_context.csv; figure_data/Fig03/Fig16/Fig17/FigA/FigC csvs,,outputs/figures/validation_series/png/V2_pixc_sign_validation.png; V3_swot_icesat_colocated.png; V4_kherson_hydrograph_epochs.png (09-09); publication/png/FigC_observed_vs_hydrological_expectation.png (09-07),COMPOSE - 4 panels from existing files; label sign convention SWOT-ICESat on every panel,ready,none,"(a) internal chain check; (b) n=3, residual orders with |dt|; (d) negative result: hydrology has the wrong sign."
F4,FIGURE,6.3-6.4,"Did the per-overpass longitudinal slope change regime at the breach, and does it persist?",M1.1;M1.2;M1.3;M1.4,ATL13 beam-pass EVRS levels,outputs/tables/kakhovka_perdate_slopes_robust.csv; kakhovka_transition_statistics.csv; figure_data/FigG_span_sensitivity.csv; reservoir_to_river_statistics.csv,scripts/make_transition_stats.py (FigG); scripts/phase19_profiles.py (P19_Fig4/5/7),"outputs/figures/publication/png/FigG_reservoir_to_river_transition.png (09-07); phase19_20/png/P19_Fig4_channel_slope_timeseries.png, P19_Fig5, P19_Fig7 (09-08)","COMPOSE - (a) Theil-Sen slope per date with breach line and n=6-point profiles marked, (b) PRE/DRAWDOWN/POST distributions with CI, (c) span-sensitivity 10/20/30/40 km, (d) channel-restricted control with CI including zero",ready,M1.4 underpowered (P1),"Unit = overpass; each slope is local (~25 km, 6 beam points); 14/14 sign consistency and effect size, not the p-value; panel (d) is the honest weakness."
F3P,FIGURE,6.1-6.3,"What does the water surface itself look like before, during and after?",M1.1;M1.2;V7.2,ATL13 profile points; historical Fig.16 curve 2,outputs/tables/kakhovka_longitudinal_profiles.csv; data/processed/historical/historical_fig16_profiles.csv,scripts/make_longitudinal.py (FigD/FigF),outputs/figures/publication/png/FigD_kakhovka_longitudinal_profiles.png; FigF_postbreach_longitudinal_gradient.png (09-07),"YES - one 3-row figure on common chainage: PRE (with 1970 historical curve overlaid), DRAWDOWN, POST; show beam points with NMAD bars and pond outliers distinguished",ready,none,"Observations, not conceptual lines; each profile is one overpass; ponds perched above the channel appear post-breach."
F5,FIGURE,5.6-5.11,Does the historical survey validate the modern frame vertically (datum) and morphologically (exposure)?,V6.1;V7.1;V10.1;V10.2;V10.3;V11.1,"S-57 soundings; monograph Tables 19-21, Fig.16; hist14 surface",historical_reference_sensitivity.csv; hist2_datum_fit.csv; historical_fig16_profiles.csv; hist14_interpolator_cv.csv; historical_exposure_area_validation.csv (09-13); hist17_grid_resolution.csv (09-13),hist2/hist9/hist14/hist15/hist17 scripts,outputs/figures/validation_series/png/V2_historical_reference_sensitivity.png (09-09); historical_bathymetry/png/HIST2_datum_closure.png; HIST9_fig16_digitisation.png (09-10); V12_bed_surface_validation.png (09-10 11:19); V13_exposure_area_validation.png (09-10 06:09); V15_grid_resolution_convergence.png (09-10 08:50),"YES for V12/V13/V15: figures dated 09-10 PREDATE the registry-domain rerun of hist17/exposure tables (2026-09-13 17:39, commit b3255e4, 12.38->12.77%). SUPERSEDED until regenerated.","tables current, figures stale",P0: regenerate V12/V13/V15 and update draft numbers; datum-propagated band not yet computed,Three routes to the reference level span 0.40 m; Table 21 was validation not calibration; the 0.2 pp agreement sits inside a +/-1.1 pp datum band.
F6,FIGURE,6.5,Did the water surface become spatially heterogeneous within an overpass?,M2.1,ATL13 all dates in footprint,outputs/tables/pre_post_fragmentation_statistics.csv (F4),scripts/phase20_fragmentation_report.py,outputs/figures/P20_Fig2_atl13_by_class.png (09-16 15:10),NO (regenerated after B-2b); consider merging as panel into F4 or F8,ready,none,Metric = within-overpass p95-p05 range on 192/23 dates; distinct from the slope-sample range.
F7,FIGURE+MAP,6.6-6.7,Planform: one connected surface -> channel plus disconnected remnants (descriptive)?,M3.1;M3.2,Sentinel-2 L2A masks (coverage-aware); ATL13 over residual bodies; SWORD stem,fragmentation_metrics_by_date.csv; phase20_footprint_coverage*.csv; residual_water_offset_summary.csv,phase20 water-object chain; phase19_profiles.py,outputs/figures/P20_Fig1_fragmentation.png (09-16); phase19_20/png/P19_Fig1_water_extent_pre_draw_post.png; P19_Fig6_residual_water_offsets.png (09-08),"PARTIAL - P19 panels predate the 0/1/255 mask fix (A4) and footprint revision (B-2b, 09-16): re-emit P19_Fig1; drop any body-count panel (C-03)",descriptive only,C-02/C-03: no inferential fragmentation contrast; n_pre=1,One pre-breach full-coverage date; no p-value; counts are coverage-confounded and are not shown.
T1,TABLE,3,"Which datasets, periods, references, roles, QC?",V1.3;M1.1;M2.1;M3.1,,audit_runs/20260918T175108Z/dataset_inventory.csv; gauge_vertical_reference_summary.csv; k10_modern_observation_inventory.csv; swot_dataset_inventory.csv; kakhovka_perdate_slopes_robust.csv (windows),,,BUILD - machine-generated (ms1-style) from the inventories; must state the THREE pre-breach windows (14 slope dates 2019-2022; SWOT pilot 2023-04..06; 192 F4 dates),inputs exist,Tier-1 open question 3 (which sample defines pre-breach),
T2,TABLE,4.1 / 5.1,"Every vertical step with magnitude, uncertainty and validation type (internal vs independent)",V1.1;V1.2;G1;G2;C-11;V2.1;V3.1;V4.1;V5.1;V6.2,,vertical_reference_audit.csv; gauge_vertical_reference_summary.csv; Fig04_permanent_tide_correctors.csv; egg2015_to_evrf2019_by_station.csv; validation_summary_table.csv,,,"BUILD - add a 'validation type' column: internal-arithmetic (V2.1, sampler 0.000 mm) vs cross-sensor (V3.1) vs in-situ (V4.1); add the 1-4 cm permanent-tide residual line",inputs exist,G2 citation,
T3,TABLE,6,"Hydraulic state comparison pre / post with n, CI, unit",M1.1;M1.2;M1.3;M1.4;M2.1;M3.1;V10.1,,kakhovka_transition_statistics.csv; kakhovka_pre_post_slope_summary.csv; pre_post_fragmentation_statistics.csv; reservoir_to_river_statistics.csv; fragmentation_metrics_by_date.csv,,,"BUILD from tables (scripts/ms1_evidence_matrix.py is the model); rows: slope (TS, OLS), channel-restricted slope, F4 heterogeneity, within-profile range, extent/largest-component (descriptive, no CI); NO discharge row (C-14)",inputs exist,none,
T4,TABLE,7.8,Literature positioning in three layers K/T/D,LK1.1;LK1.2;LK1.3;LT1.1;LT1.2;LD1.1;LD1.2;LD1.3;LD1.4,,paper_3_audit/LITERATURE_MATRIX_EXPLORATORY_UNVALIDATED.csv; SLICE_DENOMINATORS.csv; CONTROL_WORKSHEET.csv,knoweledg_graf: python -m src.paper_3.cli --step publish (after gate),,BLOCKED - regenerate after acceptance gate passes,RETRIEVAL_UNVALIDATED,P0: 0/24 verified positive controls,
S1,SUPPLEMENT,S,Artefact diagnosis 180-210 km; seiche/wind scale; CV error diagnosis; hypsometric constraint; geomorphological tests,V7.3;V8.1;V10.4;V10.5;V9.1-V9.3,,,,outputs/figures/historical_bathymetry/png/HIST7_slope_geometry.png; validation_series/png/V7_historical_seiches.png; V8_wind_setup_by_gauge.png; V16_cv_error_diagnosis.png; V14_geomorphological_validation.png (09-13); V17_multilevel_constraints.png (09-13),CHECK V16 (09-10) against 09-13 rerun,ready,none,
S-STALE,SUPERSEDED,none,Figures that must not be reused,,,,,"outputs/figures/V7_atl08_lakebed.png; M1_lakebed_elevation.png (16.00 m datum, 2.00 m too high); Fig01-Fig17, M1-M5, SFig11 earlier working figures; DRAFT_kakhovka_fragmentation_article.md figures (pre-A4/B-2b masks)",DO NOT REUSE,SUPERSEDED,V* namespace collision (two series numbered V2-V8) - rename VAL*/HIS* before submission,
